2.23889, 0.219048, -4.71835, -9.43131, -8.98246, -3.37178, -1.80079, -6.28933, -2.47408, -3.14736, -11.9, -21.5504, -24.0191, -22.4481, -9.20689, -7.86032, 0.667902, 2.01446, -4.49392, -11.0023, -4.71835, -4.04506, 1.79004, -3.59621, 2.23889, 2.23889, -0.67866, -7.18704, -7.86032, -14.8176, -5.61605, -4.71835, 1.34118, -0.67866, -4.94277, -12.5733, -11.4512, -23.1214, -15.042, -12.1244, -2.02522, -0.67866, -5.84048, -13.0221, -11.2267, -19.5305, -15.9397, -19.0817, -10.1046, -4.71835, -13.471, -17.5107, -10.329, -11.6756, -9.43131, -11.2267, -6.51376, 0.219048, -10.5534, -17.5107, -10.1046, -4.26949, -2.24965, -1.57637
-1.15728, -2.50384, -6.54353, -5.64582, -9.68551, -9.01223, -0.035148, 1.98469, -3.17713, -2.27942, -10.1344, -6.54353, -7.21681, -7.21681, 4.67782, 5.3511, -2.50384, 1.76027, 1.53584, -0.708429, 0.638133, -0.259575, 2.43355, -2.05499, -0.932856, -4.97254, 2.65798, -3.40155, -2.9527, 8.04422, 8.49308, 4.45339, 1.53584, -11.0321, 0.86256, -4.29926, -13.2763, 5.12667, 11.6351, 7.8198, 6.24881, -4.74811, 2.65798, 1.53584, -13.5008, -12.1542, -8.7878, -9.90994, 3.78011, -7.89009, 5.79995, 4.00454, 11.8595, 0.86256, -6.09468, -13.2763, 1.76027, -7.21681, -1.60614, -6.99238, 8.7175, 4.00454, -6.76796, -11.0321
0.220621, -0.45266, -7.63432, -7.85875, -4.71677, -12.5717, -16.8358, -11.0007, -1.12594, -0.901514, -0.45266, -0.45266, 0.893902, -4.26792, -6.96104, -0.003806, -4.26792, 2.68932, 5.15801, 3.81145, 1.79161, -2.4725, -9.87859, -0.901514, 0.669475, 8.29999, -2.69693, -2.92136, -11.674, -11.2252, -16.387, -10.5519, -0.677087, 1.34276, -19.9778, -15.4893, -16.6114, -4.9412, -15.4893, -9.20531, -4.49235, -14.3671, -26.935, -19.529, -11.2252, -5.16563, -18.4068, -6.96104, -3.81906, -1.35037, -11.0007, -10.3274, -2.24808, -0.677087, -13.6939, -6.96104, -4.04349, -2.69693, -9.87859, -2.92136, 4.03588, 10.7687, -2.4725, -2.24808
-1.11933, 0.900516, -5.83229, -10.7697, -5.38344, -4.71016, -8.74984, -10.9941, -1.11933, 2.02265, -5.15901, -11.6674, -8.07656, -5.38344, -9.87198, -7.40328, -2.91474, -6.28115, -6.28115, -12.3407, -8.07656, -1.34375, -10.5453, -9.42313, -5.60787, -15.9315, -18.6246, -19.5223, -9.87198, -3.13917, -12.3407, -16.1559, -9.64755, -10.0964, -12.5651, -14.3605, -10.0964, -4.71016, -8.07656, -15.9315, -4.48573, 5.83791, -0.670473, -5.38344, -12.3407, -9.1987, -14.8094, -17.9514, -3.81245, 5.38906, 1.5738, -4.71016, -13.2384, -9.1987, -19.2979, -19.2979, -5.83229, -3.81245, -8.07656, -15.2582, -18.6246, -16.3804, -17.0536, -11.8918
-4.46337, -6.25879, -4.23895, -3.56566, -3.56566, -6.70764, -10.7473, -6.25879, -7.60535, -9.40077, -5.58551, -2.2191, -0.19926, -2.2191, -7.38092, -1.54582, -13.8893, -8.50306, 0.025167, -3.11681, -8.27863, -14.1137, -13.6649, -2.2191, -26.4572, -11.4206, -0.19926, 4.96256, 1.59616, -8.50306, -14.5626, -1.09697, -22.8664, -25.7839, -8.0542, 7.43126, 6.53355, 0.249594, -5.80993, 0.922875, -14.787, -23.0908, -21.5198, -15.4603, -15.0114, -5.58551, -7.38092, -2.44353, -11.8695, -22.8664, -26.2328, -23.0908, -29.1503, -10.9718, -10.2985, -7.38092, -8.72749, -14.1137, -12.5427, -18.6023, -26.6816, -18.1534, -12.5427, -10.074
-4.36768, -1.67455, -3.91882, -12.8959, -9.97835, -5.04096, -3.46997, -5.93867, -4.81653, 6.40482, 3.93612, -7.0608, -3.91882, 4.38497, 5.95596, 1.243, -5.26539, 13.5865, 2.1407, -19.8531, -17.16, -9.30507, -5.04096, -7.28523, -11.5493, -1.2257, -8.85622, -18.5066, -12.6715, -5.71424, 5.28268, -0.327993, -16.2623, -12.6715, -25.9127, -16.4867, -7.95851, -5.04096, 0.345288, -8.40736, -10.4272, -7.0608, -22.5463, -20.7508, -22.3218, -7.0608, -3.91882, -14.6913, -5.26539, -3.6944, -7.73408, -2.12341, -8.18294, -0.55242, -1.45013, -3.91882, -5.93867, 0.569715, 0.120861, 1.243, 2.1407, 4.83383, 0.120861, 0.120861
-4.28264, -6.52691, -6.97576, -2.48722, -4.50706, -7.42461, -6.52691, -2.48722, -4.05821, -8.9956, -12.8109, -1.36508, 0.430331, -2.48722, -9.66888, -4.95592, -13.4841, -11.2399, -17.9727, -4.73149, 5.36772, 8.95856, 1.32804, -2.26279, -8.54675, -4.05821, -10.5666, -12.8109, -6.30248, -0.24295, -3.60935, -9.66888, -2.26279, -2.48722, -4.28264, -8.77118, -2.93607, 10.5295, 1.32804, 0.205904, -11.2399, -21.5635, -19.9925, -3.1605, -12.8109, -10.1177, -8.77118, -6.07805, -13.2597, -21.3391, -13.933, -0.691804, -13.4841, -18.4215, -11.6887, -9.66888, -5.40477, -11.0154, -7.20019, -8.09789, -12.8109, -13.4841, -7.64904, -1.36508
-6.30156, -3.60844, -8.54583, -9.8924, -6.52599, -0.915316, -2.03745, -3.83287, -8.32141, -4.955, -6.97484, -7.4237, -5.17943, -3.38401, -4.28172, -4.50615, 6.49077, 4.69536, -0.690889, -8.54583, -10.7901, -9.8924, -5.85271, -0.915316, 4.02208, -4.05729, -12.5855, -11.0145, -11.4634, -11.9122, -11.6878, -6.52599, -12.3611, -19.3183, -20.216, -7.19927, -6.75042, -4.05729, -2.4863, -8.09698, -10.3412, -15.7275, -12.5855, 0.655673, -5.17943, -0.017608, -0.466462, -4.28172, -2.26188, -4.73057, -2.26188, 4.02208, -1.81302, -2.03745, -6.30156, -8.99469, -2.71073, -1.36417, 4.47093, 10.306, 6.49077, 2.22666, 1.77781, -1.36417
3.4555, 2.55779, 3.4555, 7.04633, 6.82191, 3.90436, 5.9242, 3.4555, -0.13533, -5.29715, -7.54142, -10.0101, -14.7231, -13.3765, -3.72616, -5.52158, 3.4555, -4.39944, -1.70632, 0.537951, -11.5811, -10.2345, -3.27731, -8.43913, 3.67993, -5.746, 5.69977, 4.80206, -6.41929, -2.3796, -1.93075, -14.9475, -2.15517, -9.78569, 0.089097, -2.82845, -8.43913, -2.82845, -3.50173, -17.6406, -0.584184, -13.3765, -7.31699, -5.746, -13.1521, -8.66356, -2.3796, -16.5185, -2.82845, -2.82845, 2.10894, 11.5349, 7.27076, -2.15517, 6.37305, -6.19486, -2.82845, 2.33337, 3.90436, -2.15517, -10.9078, -16.2941, 0.089097, -2.60403
3.55704, -1.15592, 6.02574, 4.0059, -2.27806, -3.84905, -3.40019, -1.38035, 3.78147, 0.863919, 12.5341, 12.3097, 10.9631, 8.94329, 9.39214, 3.78147, -1.60478, -6.7666, 6.02574, -1.8292, 0.863919, -4.07347, 3.78147, -1.60478, -6.31774, -16.6414, -7.66431, -18.2124, -11.4796, -8.33759, 2.21048, 3.33262, -4.07347, -7.43988, -1.38035, -15.5193, -19.5589, -17.5391, 2.65933, 4.45475, -8.56201, -13.7238, -7.21545, -4.07347, -1.38035, -15.7437, -0.70707, -2.72691, -22.9253, -29.6582, -27.8627, -15.2948, 11.6364, 1.31277, 5.12803, -1.38035, -17.7635, -25.1696, -28.0872, -29.4337, -14.6215, -16.1925, -4.2979, -2.50249
0.242465, -1.1041, 4.05772, -0.206389, -1.32852, 6.07757, 8.77069, 6.97527, 2.93559, 0.242465, 5.17986, -2.22623, -9.63232, -3.79722, -2.89951, -2.89951, -6.04149, -8.73461, -1.55295, -6.04149, -8.51019, -0.430816, 1.58903, -5.81706, -3.12394, -8.73461, -7.38805, -11.8766, -1.55295, 8.77069, 1.3646, -7.16363, 2.03788, -3.79722, -9.4079, -16.5896, -8.95904, 9.21954, 6.97527, 0.018038, -5.59264, -1.55295, -2.89951, -6.04149, -8.06133, 7.87298, 8.99512, 3.60887, -2.0018, -2.67509, -5.59264, -9.18347, -8.73461, 6.52642, 8.09741, 2.93559, 10.1173, 13.2592, 7.87298, -1.32852, -10.53, -1.32852, -1.55295, -4.24607
-1.33538, -2.90637, 0.460031, -2.45752, -5.5995, -11.4346, -8.9659, -5.5995, -3.57965, -6.27278, -2.23309, 1.58217, 1.35774, -7.17049, -8.29262, -7.84377, 4.05086, -3.1308, -6.04835, 0.011177, 2.7043, -4.25294, -5.82392, -5.15064, 3.82644, 0.011177, -1.11096, -0.886531, 2.25545, -6.49721, -6.27278, 1.58217, -5.5995, 1.58217, -3.1308, 4.27529, 5.39742, -4.47736, 2.47987, 3.60201, -6.94606, 0.235604, 3.15315, 4.94857, 5.39742, 3.37758, 12.1302, 7.41727, -2.23309, -1.55981, 6.74399, 5.39742, 7.41727, 0.235604, 5.173, 1.35774, 3.15315, -4.70179, -8.29262, -5.37507, 1.35774, -2.23309, 0.011177, -0.886531
-1.9548, -0.60824, -2.62808, 1.86046, 7.2467, 9.04212, 11.5108, 9.04212, -5.09678, -6.66777, -7.7899, -1.50595, 2.08488, -0.383813, 5.45129, 8.14441, -14.5227, -22.3777, -23.7242, -14.5227, -5.54563, -13.8494, -6.44334, -2.62808, -17.8891, -28.886, -27.5395, -18.5624, -4.4235, -10.483, -1.28152, -1.73037, -8.91204, -13.4006, -21.0311, -10.483, -2.40366, -6.8922, -5.09678, -0.832667, -0.832667, 1.63603, -28.2128, -17.6647, -3.97464, -10.483, -9.13647, -0.60824, -2.85251, 5.00243, -22.1532, -16.5426, -4.4235, -6.44334, -9.58532, 1.63603, -6.8922, -2.17923, -5.54563, -8.68761, -11.8296, -20.5822, -17.4403, -2.85251
-1.69418, -1.0209, 2.12108, -0.123188, -2.59188, -1.69418, 5.26306, 5.26306, -1.46975, -0.796469, 0.998947, -1.69418, -5.06058, -14.9354, -4.83615, 2.34551, -8.42699, -8.42699, -4.83615, -4.3873, -1.69418, -7.52928, -5.28501, 1.22337, -16.9552, -16.2819, -10.4468, -14.9354, -7.08042, -5.06058, -4.16287, -0.347615, -28.401, -23.688, -9.54912, -22.7903, -10.8957, -12.0178, -6.63157, -4.16287, -27.2789, -30.4208, -25.9323, -34.6849, -23.4636, -16.0575, -5.28501, -7.97813, -17.4041, -21.8926, -32.2162, -23.2392, -7.97813, 0.998947, 1.89665, -4.3873, -2.59188, -8.65141, -10.8957, -2.59188, 7.50733, 4.58978, 1.89665, -0.572042
3.3198, -0.271027, -0.0466, -4.75957, -0.495454, 1.07553, -2.06644, -6.77941, 4.66637, 4.66637, 4.44194, -5.20842, -9.24811, -6.77941, -5.8817, -9.92139, -1.39316, -1.84202, -2.73972, -12.1657, -7.90154, -3.86186, 4.66637, 4.44194, 0.402254, -9.02368, -11.2679, -10.1458, 1.97324, 5.33965, -2.5153, -2.29087, 7.80834, -5.8817, -13.0634, -10.1458, -2.29087, -10.5947, -15.5321, -13.7366, 5.7885, 3.99309, -5.8817, -9.02368, 6.46178, 1.29996, 0.402254, -3.63743, 2.19767, 1.52439, -8.57482, -13.0634, -9.69696, -9.69696, -7.22826, -10.8191, -1.61759, -6.33056, -13.5122, -13.5122, -13.0634, -8.3504, -8.3504, -9.47253
-3.82592, -3.37706, 7.61986, -0.683939, -9.43659, -7.64118, 1.3359, 0.88705, -8.98774, -10.1099, 0.213769, -3.60149, -11.232, -5.62133, 2.90689, -2.47935, -2.0305, -2.0305, -3.37706, -11.6809, -22.4534, -6.29461, 8.74199, 2.23361, -6.96789, -2.0305, -8.76331, -5.84576, -12.3541, -3.15264, 6.49772, -4.05034, -11.232, -5.17248, -19.5358, -13.9251, -7.8656, -4.05034, -1.80607, -7.19232, -12.5786, -3.15264, -15.0473, -16.6183, -16.6183, -8.31446, -4.05034, -4.94805, -5.17248, -1.13279, -3.37706, -8.76331, -17.0671, -11.232, -11.232, -5.84576, 3.8046, 8.51757, 8.74199, 7.84429, -3.15264, -0.908366, 2.23361, 2.90689
-1.73965, 1.62676, -4.6572, -1.51522, -0.168659, -2.86178, -2.41293, -0.393086, -7.35032, -1.96407, -4.43277, 0.504622, -2.63736, -7.1259, -8.47246, -2.63736, -13.6343, -9.37017, -9.59459, 3.6466, 2.52446, -7.1259, -5.55491, 7.46186, -14.7564, -11.6144, -9.37017, 1.1779, 2.07561, -11.39, -17.0007, -7.1259, -9.59459, -11.8389, -13.8587, -13.4099, -10.7167, -25.3045, -26.2022, -3.75949, -16.5518, -27.9976, -30.2419, -23.7335, -15.2053, -26.4266, -20.1427, -1.51522, -16.5518, -25.3045, -32.7106, -17.2251, -14.9808, -17.8984, -11.6144, 0.729049, -14.7564, -19.4694, -17.4495, -2.86178, -8.47246, -9.81902, -1.29079, 7.46186
-8.11657, -9.46313, -9.01427, -9.68755, -14.1761, -13.9517, -13.9517, -12.1563, -12.1563, -12.6051, -15.7471, -13.054, -14.8494, -18.8891, -18.8891, -16.1959, -17.7669, -16.6448, -16.6448, -11.7074, -7.66771, -14.6249, -12.1563, -12.1563, -21.8066, -18.8891, -15.7471, -15.5227, -11.7074, -13.9517, -9.01427, -7.89214, -19.3379, -15.2982, -20.0112, -24.0509, -22.4799, -18.6646, -4.07688, -3.17917, -13.2784, -15.2982, -18.6646, -24.9486, -16.6448, -14.8494, -9.01427, -1.60818, -6.54558, -11.2585, -8.11657, -8.34099, -4.75016, -5.64787, -1.15933, 5.12463, -0.037194, -5.42344, -2.05704, 5.79791, 5.34905, 4.22692, 6.02233, 4.67577
0.716863, -1.97626, 1.16572, -1.97626, -6.4648, -3.77168, 2.28785, 3.85884, 0.492436, -4.89381, -9.60678, -5.34267, -9.83121, -5.34267, -1.30298, 4.98098, -0.180845, -5.11824, -10.9533, -10.2801, -12.0755, -11.851, -8.9335, -4.89381, -3.77168, -8.03579, -14.993, -8.03579, 1.16572, 0.268009, -2.20069, -1.52741, -1.30298, -3.54725, -11.4022, -6.4648, 7.22525, 5.87868, -8.70907, -3.32282, 9.46952, -5.11824, -8.48464, -14.0953, -9.15792, -6.4648, -22.3991, -12.7488, 2.28785, -15.6663, -11.1778, -17.6862, -11.851, -5.56709, -10.9533, -5.56709, -1.97626, -6.68923, -1.07855, 7.89853, -0.854126, -2.64954, -3.77168, -2.42511
-5.25762, -7.50189, -7.50189, -7.27746, -13.7858, -15.5813, -15.3568, -14.0103, -2.78892, -9.29731, -7.72632, -3.91106, -7.95075, -2.5645, 1.69961, -0.544655, 3.71946, -10.4194, -11.766, -4.13549, 3.71946, 6.18815, 6.86144, 0.801907, 9.10571, -14.0103, -23.6606, -19.3965, -10.195, -3.01335, -0.095801, -6.37976, -0.544655, -20.7431, -18.05, -14.6836, -11.766, -10.6439, -4.58434, -0.993509, -6.15533, -18.05, -6.15533, -5.03319, -9.74616, -11.5416, -11.0927, -0.544655, 4.39274, 2.14847, -1.66679, -12.4393, -13.337, 4.84159, 2.14847, 5.7393, 0.801907, 6.18815, 4.61717, -4.13549, -1.66679, 6.86144, 1.47519, 7.98357
-3.31599, -6.23355, -4.43813, 0.274837, -1.07172, -1.07172, -1.52058, -4.88698, -4.43813, -10.4977, -7.35568, -8.02896, -12.5175, -12.0686, -11.1709, -10.2732, -1.74501, -16.7816, -18.1282, -10.9465, -9.1511, -8.70224, -8.25339, -4.66256, 5.66108, -12.5175, -27.7785, -17.9037, -1.74501, 2.07025, -12.2931, -15.2106, 7.23207, -8.92667, -16.1083, -15.6595, -2.64271, -1.96943, -11.3954, -11.8442, -5.56026, -11.8442, -21.2702, -13.6396, -4.66256, -11.6198, -13.1908, -5.33584, -6.45797, -6.90683, -8.25339, -6.23355, -9.37552, -12.0686, -14.3129, -7.35568, -5.78469, -8.25339, -1.52058, -2.64271, -14.5373, -11.3954, -3.54042, 0.948118
2.1271, -1.46373, -3.48357, -9.31867, -5.50341, -0.341592, -3.93242, -0.341592, -1.46373, -6.17669, 1.00497, -4.15685, -5.50341, -5.72784, -6.84997, 3.92252, -3.48357, -9.31867, 1.90268, 5.49351, -1.2393, -7.97211, -18.0713, -13.3584, -6.40112, -18.0713, -4.6057, 10.2065, 1.45382, 2.35153, -8.64539, -14.4805, -12.9095, -14.9293, -3.48357, 7.73778, 7.96221, 4.5958, -1.91258, -4.38128, -18.0713, -13.1339, -10.4408, -4.6057, 5.94236, 8.41106, -3.03472, -5.50341, -6.62555, -10.4408, -14.4805, -18.5202, -8.19654, 4.14695, -1.68815, -4.6057, -3.93242, 1.00497, -0.117165, -19.4179, -28.8438, -24.3553, -21.8866, -16.0515
3.59527, -2.46426, 0.228862, 6.51282, 7.85938, 7.85938, -2.91312, -4.70853, 0.902143, -7.40166, -4.93296, 3.59527, 6.96167, 2.92199, -1.79098, 2.69756, -6.72837, -17.2764, -10.3192, 3.81969, 2.92199, -5.38181, -5.83067, 3.59527, -16.3787, -25.3558, -13.2368, -2.23983, 0.902143, -12.5635, -11.2169, 9.87922, -26.4779, -25.1314, -15.9299, -17.7253, -17.052, -26.7024, -13.6856, 15.041, -24.907, -22.8871, -23.5604, -30.0688, -28.9466, -29.1711, -14.8077, 12.7968, -20.4184, -23.5604, -22.8871, -19.7451, -16.8276, -12.7879, -7.85051, 10.7769, -11.6658, -14.5833, -19.5207, -11.4413, -10.3192, -8.29936, -10.5436, 4.26855
0.023366, -2.44533, 2.49206, 2.49206, -1.99648, -2.2209, -0.201061, 4.96076, -0.201061, -3.11861, -4.6896, -6.48502, -5.81174, -0.874342, 3.83862, 10.1226, -2.44533, -9.85142, -18.1552, -8.50486, -9.40257, -6.48502, -3.56747, 5.63404, -2.44533, -13.8911, -21.9705, -3.56747, -3.56747, -13.2178, -8.72929, -0.425488, -10.9736, -23.9903, -29.8254, -16.3598, -10.5247, -24.4392, -11.6468, -3.34304, -18.6041, -26.6834, -32.9674, -23.0926, -19.5018, -19.0529, -9.17814, -1.3232, -12.0957, -11.4224, -13.8911, -21.9705, -19.5018, -20.3995, -14.34, -5.81174, -4.91403, -2.2209, -5.81174, -9.17814, -15.4621, -14.34, -5.58731, -8.72929
-2.01693, -6.50547, -6.72989, -6.95432, -5.38333, -5.60776, 0.227344, 2.02276, -4.93448, -3.36349, -0.670364, -1.11922, 0.451771, -2.01693, 0.676198, -1.11922, -1.11922, 4.71588, 1.34948, -5.38333, -7.6276, -10.7696, -6.28104, -2.46578, -7.85203, -0.670364, 4.71588, -7.40317, -7.6276, -9.87187, -10.3207, -4.2612, -18.6245, -11.4429, 0.676198, -8.97416, -9.87187, -11.4429, -6.05661, -4.71005, -19.0734, -21.0932, -16.6047, -15.707, -11.6673, -11.4429, -2.69021, -2.24135, -16.8291, -22.6642, -16.8291, -11.6673, -9.42302, -4.03677, -2.01693, -2.01693, -16.1558, -18.1757, -15.0337, -11.2184, -9.42302, -5.1589, -1.7925, 0.002917
0.319106, -0.354175, 0.094679, 3.90994, 3.90994, -3.49615, -2.82287, 0.76796, -2.59844, 1.89009, 6.82749, 4.35879, 1.66567, -3.94501, -6.86256, -2.82287, -6.4137, 3.90994, 12.887, 5.92978, 3.01223, 0.992387, 1.66567, 9.96947, -16.7373, -6.86256, -1.92516, 4.80765, 11.7649, 4.13436, -6.63813, 0.543533, -18.3083, -9.78011, -0.803029, -0.129748, 6.82749, 1.66567, -9.10683, -5.516, -14.9419, -9.78011, 1.44124, 2.11452, 2.7878, 1.21681, 0.76796, 7.7252, -10.4534, -10.6778, -4.39386, 11.7649, 1.89009, 1.44124, -1.02746, 5.03207, -6.86256, -12.9221, -7.53584, 4.35879, -1.70074, -7.76027, -2.82287, 1.89009
-1.10442, -5.14411, 0.466565, -0.206716, -5.14411, -3.79755, -4.69526, -1.7777, -6.26624, -6.7151, -0.431143, -4.47083, -6.04182, -7.16395, -1.55328, 8.54594, -3.57312, -1.55328, 6.97495, 7.64823, 7.4238, -2.89984, -1.7777, 2.93526, -4.2464, -5.81739, 6.52609, 4.50625, 11.0146, -2.45099, -6.04182, 0.466565, -9.85708, -20.854, -5.14411, -6.93953, 15.5032, 4.28182, -6.49067, 2.26198, -1.7777, -13.2235, -6.26624, -3.12427, 13.4833, 0.915419, -0.879997, 6.75052, -3.57312, -4.47083, 2.48641, -3.34869, 2.71083, -6.04182, -3.79755, 6.75052, -2.00213, 1.5887, 2.26198, -6.26624, -3.12427, -8.73494, -1.7777, 4.73068
3.63137, -2.20373, -1.0816, 11.0375, 3.85579, -7.36555, -2.87701, 2.73366, -2.87701, -5.79457, -12.3029, 0.713817, -2.87701, -12.0785, -7.81441, -1.53045, -7.58998, 1.16267, -4.89686, -9.3854, -8.93654, -16.7915, -8.48769, 5.20236, -4.448, 8.79319, 0.264963, -14.9961, -10.5075, -23.2999, -15.2205, 4.30465, -8.71212, -5.34571, -10.2831, -23.0754, -6.46785, -20.3823, -19.4846, 5.20236, -19.709, -22.6266, -20.6067, -16.7915, -0.632745, -14.7716, -23.9732, -1.0816, -20.8312, -24.8709, -30.9304, -25.5441, -19.9335, -22.6266, -19.4846, -6.24342, -18.138, -21.0556, -32.5014, -31.8281, -21.9533, -22.4022, -21.5045, -9.83425
-2.30216, -0.506744, 1.96195, 3.53294, 1.28867, 3.08409, 0.166537, -1.18002, -4.54643, -4.77086, -5.21971, -2.52659, -3.19987, -0.05789, 1.28867, 0.166537, -11.5037, -13.9724, -15.7678, -13.2991, -7.23955, -4.322, -2.30216, -2.75101, -6.56627, -13.5235, -19.583, -9.93268, -6.34185, -10.606, -4.09758, -6.34185, -7.23955, -13.7479, -21.3785, 3.30851, 1.06424, -6.11742, -5.21971, -11.7281, -7.91283, -19.1342, -24.296, -9.70825, -14.4212, -14.1968, -4.09758, -7.46398, -3.64872, -11.9525, -21.3785, -16.8899, -15.0945, -17.3388, -6.56627, -6.11742, 0.390964, 0.839818, -10.606, -14.1968, -10.1571, -9.2594, -5.66856, -8.58611
-7.16856, -4.02658, -3.57773, -2.00674, -5.14872, -2.90445, 1.13524, 4.05279, -13.2281, -7.39299, -4.25101, 2.03294, -7.84184, -16.1456, -13.4525, -9.63726, -20.4098, -15.4724, -18.6143, -5.59757, -5.37315, -5.822, -10.7594, -8.51512, -16.3701, -13.6769, -17.0433, -10.7594, -1.78231, 2.03294, -2.00674, -0.660179, -11.2082, 0.013102, -2.45559, -10.0861, -4.92429, 1.58409, -4.02658, -0.884606, -6.49528, -6.94413, -8.73955, -13.2281, -22.8784, -8.96398, -13.9014, -6.71971, -7.84184, -16.1456, -15.6968, -15.6968, -14.5747, -5.59757, -10.7594, -4.69986, -11.2082, -17.9411, -15.4724, -11.8815, -7.84184, -4.92429, -11.4327, -9.1884
2.49066, 0.695249, -0.202459, -1.99787, -4.691, -1.32459, -3.34444, -2.44673, 1.36853, -0.426886, -2.67116, -4.46657, -3.79329, 4.95936, 2.04181, 3.6128, -3.56886, -2.2223, -5.13985, -7.1597, 0.695249, 6.9792, -4.91543, -7.60855, -0.651313, -12.7704, -12.3215, -18.1566, -10.975, 8.77462, -5.36428, -4.24214, 4.51051, -18.8299, -9.40397, -19.7276, -22.1963, -2.44673, -13.2192, -7.60855, -5.58871, -14.1169, 7.87691, 6.0815, -12.5459, 1.81738, -10.5261, -14.7902, -14.5658, -10.3017, 8.99905, 11.4677, -7.60855, -3.34444, -2.2223, -8.50626, -10.0772, -9.85282, -1.54902, -4.91543, -12.5459, -11.6482, -4.91543, -7.83298
0.268642, -0.853493, -6.46417, -7.13745, -6.91302, -8.25958, -8.48401, -5.56646, -3.54662, -2.42448, -2.20005, -1.30235, 0.717496, 2.28848, 2.28848, -0.629066, 2.51291, -1.7512, 0.268642, 2.73734, 0.493069, -0.404639, 3.41062, 4.0839, 5.43046, 4.0839, -13.4214, -14.768, -12.5237, -9.83057, -5.11761, -1.52677, 4.53275, 6.10374, -14.768, -14.9924, -11.626, -5.79089, -0.180212, -3.77104, 5.20604, 6.77702, -13.197, -12.5237, 0.941923, 0.268642, 5.65489, 7.45031, 3.18619, 7.00145, -3.09776, -6.23974, -3.32219, -1.07792, -1.30235, -0.180212, 2.96177, 4.0839, 5.43046, 1.83963, -5.34203, -3.99547, 0.268642, 3.63505
0.849369, -1.61933, -6.33229, -11.943, -8.35214, -7.67886, -9.6987, -4.98573, 3.09364, -3.8636, -4.31245, -9.24985, -4.53688, -1.17047, -2.74146, -1.3949, 0.176088, -1.17047, -0.72162, 6.68447, 1.29822, 1.0738, 2.86921, -0.946047, -0.497193, 3.31807, 7.13332, 9.15317, -0.272766, -6.10787, -2.51704, -7.00558, -8.35214, -10.8208, -0.946047, 4.66463, 3.31807, -4.31245, -3.41474, -7.45443, -6.10787, -6.55672, -5.21016, -3.63917, 3.76692, 0.400515, 1.74708, -2.06818, 2.42036, 0.400515, -5.43459, -4.31245, -0.72162, 1.29822, -4.31245, -3.19032, 3.76692, 5.11348, 3.09364, 1.74708, 1.0738, 0.849369, -7.00558, -6.33229
-11.6699, -7.40583, 2.24453, -3.14171, -11.4455, -15.9341, -13.2409, -9.87452, -18.1783, -22.218, -12.3432, -14.1386, -14.8119, -14.5875, -13.4654, -7.85468, -6.73255, -21.7692, -9.42567, -4.26385, 6.9575, 11.446, 8.30406, 4.4888, 0.000264, -10.3234, -6.05926, -7.40583, -4.48828, -0.897444, -4.03942, -8.97682, -5.61041, -11.6699, -13.6898, -17.7295, -20.4226, -13.0165, -0.44859, -1.79515, -7.1814, -19.9737, -9.42567, -3.14171, -6.05926, -1.57072, 4.71323, -2.91729, -6.05926, -20.647, -9.20124, -3.36614, -1.12187, -5.61041, -4.03942, -12.1188, 2.02011, -7.85468, -3.36614, -2.24401, -4.7127, -1.79515, 0.897972, -5.83484
-0.624205, -7.35701, -7.35701, -2.41962, -3.99061, -5.11274, -1.29749, -6.45931, -3.99061, -5.5616, -8.0303, -7.80587, -6.90816, -7.13259, 1.84449, -4.21504, -1.97077, -4.43946, -11.1723, -16.5585, -10.2746, -7.80587, 0.273503, -1.97077, -0.399778, -6.68373, -11.6211, -18.5784, -13.4165, -13.4165, -10.0501, -7.80587, -7.35701, -14.5387, -6.01045, -5.33717, -8.928, -19.7005, -11.1723, -7.80587, -17.0074, -18.1295, -2.64405, 0.946784, -4.66389, -17.0074, -9.60128, -2.41962, -24.6379, -17.6807, -4.21504, -5.78603, -8.70358, -13.4165, -8.25472, -4.88832, -15.6608, -5.11274, -4.66389, -12.2944, -7.35701, 0.722357, 1.39564, -2.86847
-0.299018, -4.78756, -0.523445, 3.96509, 1.72082, -0.747872, -2.99214, -4.3387, -1.19673, -9.2761, -4.3387, 1.27197, 10.249, 12.4933, 4.63838, -3.21657, -3.66542, -5.23641, 4.41395, -11.0715, -5.23641, 12.0445, 9.57577, -2.09443, -3.441, -6.58297, 12.0445, -7.25625, -4.11428, 1.4964, 2.61853, -1.42115, 0.59869, -1.64558, 7.78035, -7.92954, 1.94525, 15.1864, 6.20936, -1.42115, -0.074591, 5.08723, 4.63838, -12.4181, -10.3982, 6.20936, 2.16968, -6.35855, -2.99214, -0.972299, -9.2761, -14.4379, -9.05167, -3.21657, -0.523445, -8.15396, -1.42115, -5.46084, -15.7845, -6.8074, 2.84296, 5.08723, 8.22921, 1.94525
2.30052, -2.18802, -4.43229, -6.45213, -5.77885, -6.90099, -4.65672, -0.617031, -3.31015, -12.5117, -9.81854, -6.90099, -3.98344, -10.7162, -7.79869, 0.953958, 1.40281, -12.5117, -8.6964, -3.31015, 6.78906, 6.78906, -1.96359, -0.617031, 0.729531, -6.45213, 1.62724, -7.12541, -10.2674, -3.31015, -0.392604, 0.280677, -6.00328, -8.92083, -1.29031, -7.79869, -21.7132, -21.9376, -2.18802, 7.01349, -8.92083, -3.53458, -7.57427, -10.7162, -19.02, -7.57427, -0.841458, 4.99364, -5.10557, 3.87151, 2.30052, 0.505104, -0.841458, 10.3799, 11.0532, 6.11578, 6.34021, 8.36005, 7.68677, 9.93104, 7.46234, 15.0929, 14.4196, 5.21807
0.904685, -3.135, -8.52125, 1.80239, 2.47567, -4.93042, -6.72583, -3.58385, 2.92453, -2.91057, -9.41896, 3.82224, 2.25125, -3.135, -14.1319, -11.2144, 8.98406, -3.80828, -17.9472, -8.74568, -5.37927, -8.29682, -17.9472, -12.3365, 14.8192, 6.73979, -17.7228, -14.5808, -5.37927, -5.6037, -15.4785, -8.52125, 12.5749, 8.75963, -12.7854, -10.9899, 0.455831, -8.29682, -20.8647, -9.41896, 4.27109, -4.03271, -9.41896, -5.6037, -4.70599, -16.1518, -21.9869, -4.70599, 0.006977, -15.2541, -13.2342, -9.64338, -8.9701, -23.5579, -20.1915, -2.68615, 5.1688, -9.64338, -13.2342, -4.93042, -7.17469, -12.3365, -8.9701, 0.006977
-0.815602, -2.61102, -5.97742, -4.85529, -3.95758, -5.52857, -1.26446, 1.20424, -0.815602, -7.99727, -10.9148, -7.99727, -8.22169, -17.6476, -12.2614, -7.77284, -0.815602, -7.77284, -10.2415, -4.40643, -4.63086, -7.99727, -0.815602, -8.67055, 4.57065, 3.22408, 1.65309, -6.20185, -7.99727, -2.16216, 0.755387, -7.99727, 16.4653, 3.67294, -5.52857, -24.156, -12.9347, -4.85529, -0.366748, -6.6507, 22.3004, 11.079, 4.12179, -16.0766, -11.5881, -8.22169, -9.79268, -9.34383, 16.0164, 12.2012, 19.8317, 12.8744, 8.3859, -5.07971, -10.0171, -7.99727, 8.16148, 11.7523, 15.5676, 13.9966, 11.5279, 5.69278, 6.81492, 2.10195
-4.03761, 0.67536, -0.895629, -9.42385, -6.05745, 1.12421, 4.04176, 9.20359, -4.71089, -4.03761, -1.34448, -10.0971, -13.2391, -5.15974, 2.47078, 4.26619, -2.01776, -6.28188, -3.1399, 2.24635, -11.8926, -4.71089, 3.59291, -6.95516, 9.42801, 3.81734, -3.58875, 5.38833, -10.9948, -0.895629, 17.7318, 1.79749, 11.2234, 4.04176, -16.1567, -6.73073, -15.9322, -10.7704, 10.999, 10.999, 4.93947, -7.62844, -22.8895, -17.2788, -19.0742, -15.259, 0.899787, 1.57307, 0.226506, -8.52615, -21.5429, -12.5658, -19.5231, -23.1139, -6.73073, 2.02192, -4.71089, -7.85287, -15.259, -8.75057, -12.5658, -25.5826, -10.9948, 4.49062
-0.397138, -7.12995, -10.0475, -4.2124, -1.96813, -0.172711, -8.92536, -8.02766, 1.17385, -8.47651, -10.0475, -2.41698, 6.5601, 5.21354, -7.35437, -4.88568, 3.86697, -6.00781, -8.25208, -6.45667, -0.845992, -0.845992, -7.35437, -3.53912, -3.31469, -16.7803, -10.2719, -10.9452, -8.70094, -11.6185, -13.1895, -4.88568, -6.00781, -23.5131, -14.7605, -14.9849, -6.68109, -8.02766, -13.4139, -6.23224, -12.7406, -15.6582, -6.90552, -12.965, -7.12995, -1.7437, -6.90552, -2.64141, -6.23224, -4.2124, 0.50057, -0.845992, -9.59864, -1.29485, -9.82307, -4.88568, -3.31469, -1.51927, 0.50057, 3.41812, -1.51927, 3.41812, -0.397138, 4.54026
0.552098, 2.34751, 6.16277, 1.67423, 1.44981, 1.22538, -3.48759, -2.36545, 3.69408, 2.57194, 7.50933, -1.69217, -6.62957, -0.794464, 4.81621, 2.34751, -4.60972, -5.73186, -0.121183, 0.776525, -5.283, -1.24332, 2.57194, -2.14103, -2.81431, -3.26316, 5.48949, 1.22538, -2.14103, 1.22538, 8.63147, -1.9166, -0.121183, 7.73376, 9.97803, -13.5868, -7.7517, -7.52727, 5.71392, -0.570037, 7.95819, -4.83415, -7.7517, -19.6463, -13.5868, 1.89866, -0.794464, -10.4448, 3.9185, -11.1181, -12.6891, -13.3624, -10.4448, -1.46774, -11.567, -11.7914, 5.48949, 7.06048, -1.46774, -6.18071, -8.87384, -9.99597, -13.1379, -8.20055
-6.97794, -6.52909, -0.020706, 2.22356, -3.38711, -6.08023, -7.4268, -7.20237, -10.3443, -10.5688, 0.428148, 2.67242, -0.918414, -6.30466, -3.83596, -2.4894, -9.44664, -12.1398, -4.50925, -4.06039, -5.18253, -8.54893, -4.73367, -4.06039, -13.4863, -17.0772, -10.1199, -17.9749, -12.3642, -15.2817, -11.2421, -2.04055, -18.6481, -24.0344, -2.04055, -4.50925, 5.14111, 2.67242, -1.14284, 2.44799, -15.5062, -18.4237, 3.12127, 1.55028, 4.24341, -2.93826, -8.10008, -5.18253, -11.2421, -14.384, -1.14284, 4.91669, 8.95637, 4.91669, -2.04055, -2.71383, -3.83596, -1.81612, 3.12127, -1.36727, -3.38711, 0.877002, -2.4894, -4.28482
-0.192832, 0.929303, -5.57908, -6.92564, -1.31497, -0.641686, -0.417259, -2.21267, 2.50029, 4.07128, 1.60258, -0.866113, -3.78366, -9.84319, -5.35465, -5.13023, 6.31555, -4.45694, -6.02793, -4.00809, -2.88596, -10.5165, -1.53939, -0.417259, 3.398, 0.480449, -0.641686, -4.45694, -0.417259, 4.29571, 1.60258, -1.09054, 0.031595, -0.192832, 3.17357, 0.031595, -6.25236, -6.02793, 8.33539, 4.07128, -5.57908, -2.21267, -8.2722, -7.15007, -1.31497, -10.7409, -6.02793, 4.07128, -6.70121, -9.16991, -12.0875, -14.7806, -5.80351, 2.27586, -1.09054, 6.31555, 0.256022, -11.1898, -2.66153, -5.13023, -4.45694, 3.62243, 1.60258, 8.55982
-7.25986, -5.68887, -4.34231, -10.8507, -13.9927, -14.8904, -9.50413, 0.370655, -8.15757, -9.72856, -3.66903, -7.93314, -14.4415, -18.4812, -16.0125, 1.04394, -15.7881, -20.5011, -14.2171, -7.93314, -8.83085, -4.79117, -4.11788, 4.63477, -13.095, -16.6858, -12.1973, -10.4018, -16.0125, -9.95299, -12.8705, -5.46445, -2.5469, -19.3789, -20.2766, -16.6858, -14.4415, -16.4614, -16.4614, -7.70872, -12.6461, -13.5438, 2.3905, 5.7569, 11.3676, 1.26836, -5.46445, 3.06378, -19.3789, -18.9301, -7.70872, -15.7881, -22.7453, -25.4384, -20.0522, -4.11788, -15.7881, -12.1973, -15.3392, -22.5209, -21.1743, -15.1148, -10.6263, -5.24002
-1.1275, -6.9626, -6.28932, -6.28932, -7.18703, -7.18703, -6.51375, -4.94276, 1.79005, -3.82062, -7.18703, -10.5534, -13.2466, -6.28932, -1.35193, -2.24964, 6.05416, 1.11677, -7.41146, -11.0023, -8.30916, -5.39161, -4.94276, -1.35193, 8.52286, 0.219061, -8.53359, -18.4084, -9.20687, -8.30916, -8.75802, -4.26948, 8.52286, -8.53359, -11.6756, -16.1641, -2.69849, 1.79005, -4.94276, -1.35193, 8.07401, -13.6954, -17.5107, -21.3259, -3.37177, 0.443488, -12.1244, -4.49391, 7.62515, -2.69849, -10.1046, -16.1641, -13.9198, -10.1046, -16.1641, -11.2267, 4.25875, -2.92292, -8.98245, -7.18703, -12.1244, -12.7977, -15.4908, -9.4313
5.11616, 1.3009, 3.99402, 3.54517, 9.38027, 8.03371, 3.54517, -1.39223, 6.46272, 1.74975, 2.64746, -3.86092, 2.42303, 5.11616, 3.99402, -2.06551, 6.91157, 1.74975, 15.4398, 2.42303, 5.11616, 1.07647, -5.43191, -7.22733, 3.76959, -2.06551, 10.0535, 6.01386, 5.78944, 6.23829, -8.34946, -11.0426, 3.99402, -8.79832, -7.45176, -7.45176, -15.3067, -8.12504, -14.8578, -14.8578, 11.1757, -3.41207, -8.34946, -5.88077, -12.838, -11.267, -13.2869, -13.0624, 8.03371, 5.78944, -10.5937, -12.6136, -7.0029, -7.0029, -2.51436, -0.943373, -2.73879, -5.65634, -18.2243, -22.0395, -15.98, -15.7556, -17.9998, -6.55405
-1.1189, -3.36317, 7.18489, 4.26734, -6.28072, -4.26088, -8.52499, -2.91432, 2.69635, -2.01661, -0.221196, 1.12537, 0.452085, 3.14521, 0.452085, -6.50515, 9.65359, -2.68989, -12.1158, -7.62729, -14.5845, -12.5647, 3.36964, -3.5876, 4.7162, -7.40286, -19.7463, -10.3204, -12.3403, -19.5219, 1.57422, 5.83833, -5.83187, -8.52499, -16.8288, -10.9937, -19.2975, -28.9478, -4.48531, -0.221196, -6.50515, -13.9112, -28.2746, -14.1357, -22.6639, -22.4395, -0.894477, 1.12537, -1.56776, -10.9937, -17.7265, -21.3173, -10.096, -13.0135, -6.28072, -1.34333, -10.5448, -8.07614, -2.91432, -6.72958, -1.1189, -10.3204, -1.1189, -0.445623
-5.3707, -5.3707, -4.92184, 3.38195, 5.17737, -3.35085, -4.47299, -4.02414, -6.26841, -2.00429, -6.49283, -5.81955, -2.67757, -4.92184, -1.10658, 2.9331, -4.24856, -3.57528, -3.35085, -10.3081, -10.7569, -6.71726, -3.12643, 3.83081, 3.83081, -1.55544, 5.4018, -4.24856, -3.79971, -2.45315, -5.59512, -2.45315, 4.95294, -8.7371, -9.63481, -8.06382, -0.433304, 4.27966, -0.433304, 1.58654, -9.18596, -18.6119, -22.2027, -10.3081, 1.58654, 0.01555, -9.18596, -4.47299, -11.2058, -16.592, -13.2256, -7.16611, -7.61497, -6.26841, -12.1035, -5.81955, -8.7371, -10.3081, -5.59512, -0.882158, -3.79971, 2.9331, -1.33101, 1.58654
-2.91344, -4.26, -0.669169, -3.36229, -12.1149, -16.6035, -8.07526, -3.58672, -2.91344, -5.38214, -6.05542, -4.48443, -10.0951, -17.7256, -16.8279, -14.1348, 4.94151, -0.893596, -2.46458, 3.14609, -1.7913, -3.36229, 1.35067, -0.220315, -2.46458, -6.7287, -15.2569, -5.83099, -1.7913, -7.85083, 0.452966, 2.24838, -10.3195, -11.2172, -23.1119, -18.1745, -2.91344, -8.97297, -9.87068, -0.893596, -14.3592, -7.40198, -10.544, -12.5638, 2.69724, -4.48443, -7.85083, -2.24016, -21.7653, -2.91344, -6.7287, -8.07526, 2.92166, -0.893596, -3.58672, 5.83921, -22.4386, -15.4814, -19.0722, -17.2768, -9.64625, -6.7287, -8.97297, 1.79953
2.32853, 2.10411, -0.813444, 1.65525, -0.140163, -5.97526, -6.64855, -5.97526, 4.34838, 0.757545, 2.32853, 8.61249, 6.59265, -0.813444, -5.30198, 0.757545, 11.3056, 3.45067, -1.03787, -1.03787, 3.6751, -1.2623, -1.71115, 2.10411, 12.6522, -1.93558, -2.60886, -7.54625, -4.85313, -3.50657, -1.48672, -0.813444, 2.32853, -14.9523, -13.3814, -12.9325, -13.1569, -9.34167, -3.28214, 5.02166, 5.02166, -8.21953, -9.34167, -1.03787, -1.48672, -9.5661, -3.28214, 7.93921, 1.87968, -9.79052, -8.89282, -0.140163, 0.308691, -8.21953, -8.44396, 0.533118, -7.0974, -8.89282, -5.30198, 0.084264, -3.05771, -8.66839, -8.21953, -1.71115
-4.24038, -5.36251, -1.54726, 4.06342, 3.61456, 4.28785, 5.18555, 5.18555, -0.425121, -3.79153, -6.48465, 0.472587, 3.39014, 0.023733, 0.24816, 4.96113, -1.54726, -6.70908, -15.9106, -8.95335, 0.24816, -4.91366, -9.62663, -7.60678, -2.44496, -2.66939, -14.3396, -11.6465, -3.11824, -2.89382, -3.34267, -3.5671, -7.38236, -0.425121, -15.6862, -13.4419, -12.3198, -13.4419, -17.706, -11.6465, -7.38236, -12.993, -12.993, -11.8709, -4.01595, -1.99611, -11.6465, -7.38236, -4.24038, -12.5442, -3.5671, -3.11824, -14.3396, -4.91366, 2.268, 7.65425, 7.2054, 1.37029, 6.53212, 6.75654, -6.9335, -0.649548, 6.30769, 9.67409
7.21801, 4.07604, 5.87145, 0.03635, -2.43235, 4.30046, 6.54473, 0.485204, 10.5844, 8.789, 5.64702, -3.10563, -7.59417, -2.20792, 8.34015, 5.64702, 10.36, 5.4226, -2.8812, -7.36974, -11.4094, -17.9178, -9.61401, -7.59417, 11.931, 5.87145, -14.5514, -13.4293, -4.00334, -6.02318, 0.03635, -4.00334, 10.1356, 4.52489, -3.77891, -9.38958, 3.85161, 1.38291, 2.50505, -0.636931, 1.15848, -2.65677, -3.55448, -10.2873, -1.31021, 0.260777, -7.14531, -3.55448, -1.53464, -19.4888, -23.3041, -21.7331, -11.6339, -10.7361, -17.6934, -10.7361, 2.05619, -16.7957, -24.2018, -15.6735, -12.3071, -15.0003, -15.898, -10.2873
2.22904, 1.33133, 4.92217, -2.03507, 2.45347, 8.28857, -0.688508, -5.85033, -1.58622, -4.05491, 0.2092, -6.74804, -4.95262, -1.81064, -8.54345, -5.17705, 4.02446, -4.95262, 4.92217, 3.5756, -3.83049, -5.85033, -7.64574, -11.2366, 10.9817, -6.07476, -3.1572, 2.45347, -4.50377, -7.42132, -1.58622, -8.0946, 15.6947, -12.3587, -27.3953, -21.7846, -3.83049, -5.40147, -1.58622, -5.17705, 0.433627, -14.603, -24.9266, -24.2533, -12.5831, -7.87017, -6.97246, -11.461, -6.29918, -6.52361, -2.2595, -5.85033, -5.17705, -7.64574, -4.95262, -7.42132, -2.48392, -4.05491, -1.58622, -7.64574, -4.50377, -0.912935, 0.882481, -2.93278
0.37711, -5.23356, -3.21372, -2.76487, 0.825964, 0.825964, 0.825964, -4.78471, 2.39695, -4.78471, -5.90685, -3.887, -1.41831, -0.745025, -2.09159, -7.25341, 0.825964, -6.13127, -5.45799, 0.37711, 1.05039, 3.96794, 2.17253, -4.33586, 4.64122, -2.09159, -5.90685, -11.9664, -6.80455, 1.9481, 5.3145, 3.07023, 12.2717, 8.00763, -0.296171, -9.04882, 2.17253, 1.49924, 4.4168, 3.96794, 16.7603, 5.98778, 3.74351, 5.98778, 9.80304, -5.68242, -3.43815, 0.37711, 12.7206, -3.66258, -13.7618, -17.577, -8.37554, -9.94653, -7.25341, -2.98929, 14.0672, 2.62138, -10.6198, -14.8839, -3.887, -5.68242, -1.41831, 0.825964
2.67167, -5.4077, -0.470303, 4.69152, -3.83671, -8.54967, -6.3054, 0.876259, 6.71136, -1.59244, -6.52983, -0.470303, -8.32525, -8.32525, -13.4871, -7.87639, 8.28235, 2.8961, -2.26572, -4.50999, -5.63212, -6.08098, -10.3451, -5.85655, 0.202978, -3.16343, -4.06113, -2.49015, -0.69473, -7.65197, -7.87639, 1.77397, -5.85655, 1.54954, 0.427405, 1.99839, 3.12053, 2.22282, -6.97869, 3.12053, 7.60907, 10.751, 6.93579, 0.427405, -2.71457, -5.85655, -12.3649, -3.61228, 8.05792, -0.69473, -7.20311, -0.919157, -6.3054, -19.3222, -19.5466, -5.85655, 0.202978, -9.67181, -9.67181, 8.50678, 8.95563, -1.14358, -2.26572, 6.93579
-1.37439, -6.76064, -9.00491, -3.61866, 1.31873, 1.99201, -3.16981, -6.98507, -1.14997, -5.41408, -8.33163, -0.925541, 1.99201, -0.925541, -5.63851, -10.3515, 2.66529, 5.58284, 8.50039, -1.59882, -1.37439, 3.563, 5.58284, 0.645448, 1.31873, 7.82711, 19.2729, 6.0317, -4.7408, 2.66529, 4.23628, 1.54316, -6.98507, 1.54316, 12.0912, 7.37826, -11.698, 2.44086, 5.58284, 0.421021, -5.41408, -0.701114, -1.37439, 4.23628, -8.78049, -5.63851, 5.80727, -2.94538, 1.31873, 12.3157, 1.99201, 10.0714, 0.645448, -0.027833, 3.78743, -9.22934, -0.925541, 10.2958, 9.84695, 7.60268, 6.70498, 8.72482, 6.70498, -2.2721
-1.62983, -5.66951, -4.77181, -0.956548, -0.732121, -0.283267, -2.07868, -2.30311, 0.390014, -2.97639, -8.36264, -12.1779, -5.89394, -0.956548, -1.62983, -2.97639, -0.507694, -9.03592, -10.6069, -12.4023, -7.91378, -1.85426, -0.732121, -3.42524, -3.8741, -15.5443, -7.91378, -3.8741, 0.614441, 0.614441, -4.99623, -3.8741, -3.8741, -16.8909, -9.93363, -1.4054, 3.53199, 11.8358, 2.18543, 1.51215, -8.81149, -19.584, -18.6863, -14.1977, -1.62983, -2.97639, -6.3428, 2.63428, -8.81149, -16.6664, -17.5641, -8.58706, 8.24496, 1.51215, -6.56722, -2.75196, -5.44509, -9.7092, -12.4023, -14.871, -7.01608, -4.99623, -8.36264, -4.32295
-6.27341, -8.96653, -6.27341, -8.74211, -8.06883, -7.17112, -8.29325, -6.72226, -8.51768, -8.74211, -8.06883, -12.3329, -10.5375, -9.41539, -8.96653, -7.39554, -6.27341, -5.3757, -8.29325, -10.0887, -9.41539, -3.35586, -4.70242, -4.25357, -6.27341, -4.92685, -9.86424, -11.2108, -11.8841, -1.78487, -5.82456, -5.15127, -8.51768, -10.5375, -4.02914, -3.13143, -5.3757, -2.45815, -7.17112, -3.13143, -7.39554, -10.5375, -1.11159, 7.64106, 12.5785, 11.0075, -4.25357, -6.04898, -4.92685, -10.0887, -3.80471, -1.78487, 4.49909, 9.66091, -4.47799, -7.17112, 1.35711, -4.70242, 1.80596, -2.0093, -0.662735, 2.47924, -2.23372, -0.662735
-0.86237, -2.20893, -3.77992, -4.67763, -3.55549, -2.20893, 0.035338, 2.95289, 3.62617, 0.259765, -4.00435, -1.53565, -2.43336, -2.88221, -3.55549, -1.31122, 9.91013, 6.31929, 0.035338, 4.52388, 7.89028, 13.501, 3.8506, -1.31122, 2.50403, 4.29945, 0.484192, 8.56356, 13.501, 10.1346, -0.189089, -0.86237, -4.90206, -1.9845, 6.54372, 15.0719, 22.478, 6.54372, -7.14633, 1.3819, -4.00435, -2.43336, 0.933046, 5.64601, 10.359, 5.19716, -0.413516, 4.07502, -11.186, -8.71731, -10.5127, -1.9845, 3.17732, 4.97273, -10.2883, -5.79976, -7.59518, -8.94174, -7.14633, -3.55549, 1.15747, 4.29945, -4.67763, -4.67763
0.430343, -5.40476, -4.9559, -7.87346, -5.62919, 2.67461, 3.79675, -0.916219, -2.48721, -7.87346, -8.32231, -11.9131, -18.4215, -10.791, -8.32231, -4.50705, 0.879197, -7.20017, -11.0154, -1.14065, -13.0353, -13.4841, -11.4643, -10.791, 2.45019, -4.9559, -7.64903, -1.14065, -5.62919, -3.83377, 1.32805, -1.36507, 5.59216, 8.73414, 2.22576, 0.430343, 1.55248, -3.16049, -4.0582, 1.55248, 4.02117, 9.85628, -4.73148, -10.1177, 4.47003, 13.2227, 4.2456, 7.83643, 3.34789, 10.3051, 15.9158, 9.183, 9.85628, 10.754, -1.5895, -2.48721, 0.430343, 4.02117, 13.2227, 13.896, 12.325, 9.183, 4.69446, 4.91888
-1.97525, -8.2592, -8.03478, -4.44394, -10.7279, -14.7676, -13.1966, -14.992, 0.493449, -11.6256, -11.4012, -5.79051, -14.3187, -14.992, -12.2989, -13.1966, -1.75082, -11.6256, -13.6455, -6.01493, -9.38134, -8.93248, -6.68821, -8.48363, -0.628686, -11.85, -7.81035, -1.97525, -8.70806, -16.1141, -10.279, -14.7676, -7.81035, -9.38134, -9.15691, -0.179832, -3.54624, -16.7874, -8.03478, -10.0546, -7.58592, -17.2363, -17.4607, -8.93248, -1.97525, -4.21952, -4.21952, -6.01493, -0.404259, -17.0119, -17.9096, -16.7874, -6.68821, -6.91264, -2.87296, -2.87296, 0.717876, -2.4241, -2.64853, -3.09738, 2.51329, -1.52639, -1.97525, -1.75082
-13.1606, -9.79418, -0.143816, -1.49038, -4.40793, -4.85678, -4.63236, 0.753892, -13.385, -9.56975, -0.368243, -8.89647, -2.83694, -0.59267, -7.54991, 1.6516, -17.2003, -14.0583, -4.40793, -16.0781, -11.1407, 3.44702, -3.51022, 2.54931, -24.3819, -9.1209, 2.32488, -6.20334, -8.67204, 8.38441, -0.368243, -0.143816, -20.5667, -4.1835, 2.77373, -17.2003, -19.8934, 12.8729, 13.3218, 3.22259, -18.3224, -11.5896, -9.56975, -18.3224, -15.4049, 16.0149, 13.5462, -0.143816, -3.28579, -12.0384, -18.3224, -13.6094, -7.32548, 11.5264, 0.978319, -3.95907, 10.1798, 4.1203, -6.6522, -7.99876, -7.99876, 0.978319, -5.08121, -4.1835
-0.217523, -8.29689, -3.80835, -1.78851, -2.68622, 0.006904, 0.231331, -8.07247, 6.73971, -6.50148, -3.3595, -3.13507, -8.74575, -0.666377, 0.006904, -6.95033, 9.20841, -7.39919, -7.62361, -4.48164, -12.561, -4.48164, -2.91065, -10.0923, 15.4924, -0.44195, -1.33966, 1.12904, -3.3595, -3.80835, 1.80232, -4.03278, 15.2679, 5.84201, 8.08628, 0.904612, 6.29086, -0.44195, 4.04659, 2.02675, 10.7794, 6.06643, 2.02675, -8.52132, -2.91065, -3.3595, -3.80835, -4.93049, -2.01294, -5.37934, -2.68622, -10.7656, -6.95033, -2.91065, -2.46179, -5.8282, -4.25721, -0.890804, 1.35347, -3.3595, -5.37934, 0.904612, 1.80232, -3.13507