6.77052, 6.77052, 4.51149, 2.25247, 4.51149, 4.51149, 4.51149, 2.25247, 4.51149, 4.51149, 6.77052, 9.02954, 9.02954, 9.02954, 9.02954, 6.77052, -0.006555, -2.26558, -2.26558, 4.51149, 4.51149, 2.25247, 4.51149, 9.02954, 15.8066, 18.0656, 18.0656, 15.8066, 13.5476, 11.2886, 9.02954, 18.0656, -0.006555, 11.2886, 24.8427, 27.1017, 24.8427, 22.5837, 24.8427, 24.8427, 22.5837, 18.0656, 18.0656, 18.0656, 13.5476, 9.02954, 9.02954, 18.0656, 15.8066, 27.1017, 31.6198, 29.3608, 27.1017, 33.8788, 33.8788, 31.6198, 24.8427, 18.0656, 13.5476, 11.2886, 9.02954, 9.02954, 11.2886, 18.0656, 18.0656, 27.1017, 24.8427, 22.5837, 20.3247, 15.8066, 11.2886, 9.02954, 9.02954, 6.77052, 4.51149, 4.51149, 2.25247, 9.02954, 11.2886, 20.3247, 18.0656, 22.5837, 20.3247, 15.8066, 11.2886, 11.2886, 13.5476, 4.51149, 4.51149, 9.02954, 6.77052, 4.51149, 2.25247, 13.5476, 15.8066, 20.3247, 13.5476, 15.8066, 6.77052, 6.77052, 9.02954, 13.5476, 13.5476, 2.25247, 4.51149, 6.77052, 4.51149, 4.51149, 2.25247, 13.5476, 20.3247, 20.3247, 4.51149, 6.77052, 6.77052, 6.77052, 6.77052, 4.51149, 4.51149, 2.25247, 2.25247, 9.02954, 6.77052, 2.25247, 4.51149, -0.006555, 13.5476, 22.5837, -0.006555, 2.25247, 2.25247, 4.51149, 2.25247, -0.006555, 2.25247, 4.51149, 6.77052, 9.02954, 11.2886, 4.51149, 4.51149, -0.006555, 2.25247, 22.5837, 2.25247, 2.25247, 4.51149, 6.77052, 4.51149, -2.26558, -2.26558, 4.51149, 9.02954, 11.2886, 11.2886, 9.02954, 9.02954, 9.02954, 4.51149, 18.0656, 4.51149, 6.77052, 9.02954, 6.77052, 4.51149, 9.02954, 6.77052, 11.2886, 11.2886, 9.02954, 6.77052, 9.02954, 9.02954, 11.2886, 6.77052, 13.5476, 6.77052, 9.02954, 9.02954, -0.006555, -2.26558, 6.77052, 11.2886, 13.5476, 15.8066, 11.2886, 11.2886, 11.2886, 9.02954, 6.77052, 4.51149, 13.5476, 2.25247, 4.51149, 4.51149, 6.77052, 6.77052, 9.02954, 11.2886, 13.5476, 15.8066, 13.5476, 11.2886, 13.5476, 20.3247, 18.0656, 6.77052, 4.51149, 4.51149, 15.8066, 11.2886, 9.02954, 13.5476, 24.8427, 24.8427, 20.3247, 15.8066, 11.2886, 11.2886, 20.3247, 22.5837, 18.0656, 4.51149, 9.02954, 9.02954, 20.3247, 18.0656, 6.77052, 6.77052, 18.0656, 18.0656, 18.0656, 13.5476, 6.77052, 13.5476, 18.0656, 13.5476, 6.77052, 11.2886, 27.1017, 20.3247, 31.6198, 31.6198, 15.8066, 15.8066, 15.8066, 15.8066, 13.5476, 11.2886, 6.77052, 6.77052, 6.77052, 9.02954, 20.3247, 31.6198, 38.3969
-47.4466, -13.5612, -15.8202, -13.5612, -6.78413, -2.26609, -2.26609, -11.3022, -6.78413, -0.007061, -0.007061, -2.26609, -0.007061, -4.52511, -15.8202, 54.2095, -40.6695, -29.3744, -27.1154, -20.3383, -13.5612, -18.0793, -11.3022, -11.3022, -24.8563, -29.3744, -24.8563, -24.8563, -20.3383, -18.0793, -18.0793, -4.52511, -54.2237, -24.8563, -29.3744, -36.1515, -45.1876, -31.6334, -22.5973, -13.5612, -15.8202, -24.8563, -29.3744, -31.6334, -29.3744, -22.5973, -18.0793, -2.26609, -65.5188, -29.3744, -38.4105, -36.1515, -36.1515, -40.6695, -42.9285, -38.4105, -22.5973, -13.5612, -22.5973, -20.3383, -49.7056, -24.8563, -22.5973, -0.007061, -61.0007, -36.1515, -38.4105, -24.8563, -15.8202, -9.04316, -13.5612, -40.6695, -27.1154, -0.007061, -9.04316, -11.3022, -27.1154, -18.0793, -9.04316, -0.007061, -54.2237, -36.1515, -27.1154, -18.0793, -22.5973, -6.78413, 6.77001, -2.26609, -27.1154, -6.78413, -6.78413, -2.26609, 2.25196, -61.0007, -6.78413, -0.007061, -38.4105, -22.5973, -22.5973, -22.5973, -9.04316, -9.04316, -2.26609, 4.51099, -20.3383, -6.78413, 4.51099, -0.007061, 31.6193, -6.78413, -33.8924, 13.5471, -29.3744, -22.5973, -18.0793, -6.78413, -11.3022, -15.8202, -27.1154, 15.8061, 4.51099, -18.0793, -2.26609, -2.26609, 18.0651, 22.5832, -38.4105, 4.51099, -27.1154, -11.3022, -22.5973, -9.04316, -2.26609, -9.04316, -6.78413, -20.3383, -4.52511, -11.3022, -11.3022, -6.78413, 11.2881, 9.02904, 9.02904, -29.3744, -22.5973, -9.04316, -2.26609, -22.5973, -6.78413, 11.2881, -15.8202, 11.2881, -0.007061, -15.8202, -13.5612, -11.3022, -9.04316, 15.8061, 13.5471, -22.5973, -20.3383, -13.5612, -6.78413, -22.5973, -31.6334, -11.3022, -6.78413, -6.78413, -0.007061, -13.5612, -20.3383, -4.52511, 2.25196, -6.78413, -15.8202, -13.5612, 2.25196, 18.0651, -24.8563, -13.5612, -15.8202, -6.78413, -22.5973, -24.8563, -13.5612, -13.5612, -20.3383, -27.1154, -4.52511, 6.77001, 13.5471, -18.0793, -11.3022, 42.9144, 31.6193, -18.0793, -29.3744, -6.78413, -6.78413, -11.3022, -20.3383, -20.3383, -18.0793, -18.0793, -18.0793, -9.04316, 18.0651, 42.9144, -63.2598, 29.3603, 40.6554, 9.02904, 9.02904, -49.7056, -22.5973, -6.78413, -6.78413, -24.8563, -15.8202, -15.8202, -38.4105, -29.3744, -27.1154, 54.2095, -56.4827, -24.8563, 31.6193, 15.8061, 27.1012, 24.8422, 11.2881, -24.8563, -4.52511, -2.26609, -9.04316, -24.8563, -42.9285, -36.1515, -29.3744, 4.51099, -24.8563, -65.5188, -24.8563, 2.25196, -29.3744, -9.04316, 4.51099, -0.007061, -15.8202, -11.3022, -15.8202, -9.04316, -24.8563, -45.1876, -61.0007, -40.6695
-36.1531, -54.2253, -58.7433, -65.5204, -67.7794, -61.0024, -61.0024, -65.5204, -67.7794, -65.5204, -61.0024, -56.4843, -54.2253, -51.9663, -54.2253, -24.858, -29.376, -38.4121, -51.9663, -38.4121, -36.1531, -38.4121, -40.6711, -29.376, -20.3399, -15.8219, -18.0809, -20.3399, -20.3399, -24.858, -29.376, -0.008688, -49.7072, -31.635, -15.8219, -13.5628, -18.0809, -22.5989, -18.0809, -13.5628, -11.3038, -11.3038, -6.78576, -2.26771, -9.04479, -24.858, -27.117, -0.008688, -24.858, -6.78576, -6.78576, -6.78576, 2.25034, 22.5816, 24.8406, 20.3225, 13.5455, 4.50936, 15.8045, 11.2864, -4.52674, -22.5989, -24.858, -2.26771, -18.0809, -4.52674, -4.52674, -0.008688, 20.3225, 29.3586, 27.0996, 20.3225, 13.5455, 9.02741, 13.5455, 6.76839, -15.8219, -20.3399, -27.117, 2.25034, -15.8219, -4.52674, 4.50936, 15.8045, 22.5816, 13.5455, 4.50936, 2.25034, -4.52674, -2.26771, -6.78576, -2.26771, -4.52674, -2.26771, -6.78576, 2.25034, -13.5628, 11.2864, 18.0635, 20.3225, 6.76839, 6.76839, 2.25034, -13.5628, -6.78576, -4.52674, -4.52674, -2.26771, -2.26771, 2.25034, -0.008688, 2.25034, -2.26771, 18.0635, 13.5455, -0.008688, -0.008688, 2.25034, -13.5628, -13.5628, -11.3038, -4.52674, -6.78576, -11.3038, -4.52674, -6.78576, -11.3038, 9.02741, 2.25034, 9.02741, -6.78576, -6.78576, -9.04479, -18.0809, -6.78576, -13.5628, -11.3038, -4.52674, -6.78576, -11.3038, -15.8219, -24.858, -6.78576, 15.8045, -9.04479, -9.04479, -9.04479, -4.52674, -15.8219, -20.3399, -18.0809, -20.3399, -13.5628, -6.78576, -11.3038, -22.5989, -15.8219, -2.26771, -4.52674, 11.2864, -13.5628, 2.25034, 6.76839, -0.008688, -18.0809, -24.858, -22.5989, -13.5628, -15.8219, -15.8219, -20.3399, -11.3038, -4.52674, -0.008688, -6.78576, 11.2864, -11.3038, 6.76839, 4.50936, -13.5628, -22.5989, -20.3399, -15.8219, -9.04479, -6.78576, -11.3038, -9.04479, -11.3038, -15.8219, -6.78576, -2.26771, 15.8045, -27.117, -31.635, -20.3399, -11.3038, -11.3038, -11.3038, -6.78576, -0.008688, 2.25034, -0.008688, -6.78576, -9.04479, -0.008688, -4.52674, -13.5628, -11.3038, -38.4121, -18.0809, -11.3038, 2.25034, 6.76839, 15.8045, 20.3225, 15.8045, 11.2864, 2.25034, 4.50936, 11.2864, 4.50936, -20.3399, -51.9663, -22.5989, -27.117, -11.3038, -13.5628, -11.3038, -9.04479, 6.76839, 13.5455, 18.0635, 9.02741, 2.25034, 11.2864, 13.5455, -11.3038, -33.8941, -24.858, 9.02741, 33.8767, 56.4669, 47.4308, 27.0996, 27.0996, 27.0996, 20.3225, 18.0635, 13.5455, 20.3225, 20.3225, 9.02741, 20.3225, 45.1718, 56.4669, 72.2801
76.8027, 2.25491, 2.25491, 4.51394, 9.03199, 6.77296, 2.25491, 2.25491, 6.77296, 6.77296, 4.51394, 4.51394, 6.77296, -0.004111, 2.25491, 182.977, 90.3569, -2.26314, -0.004111, 2.25491, 11.291, -4.52216, -2.26314, -6.78118, 2.25491, -4.52216, -2.26314, -2.26314, -2.26314, -4.52216, -6.78118, 216.862, 117.465, -2.26314, -2.26314, -2.26314, -0.004111, -4.52216, -2.26314, -6.78118, 2.25491, -11.2992, 4.51394, -4.52216, -0.004111, -2.26314, -2.26314, 203.308, 142.314, -2.26314, -4.52216, -6.78118, 9.03199, -0.004111, -4.52216, -0.004111, 2.25491, -11.2992, 6.77296, -11.2992, 2.25491, 18.0681, 2.25491, 196.531, 137.796, -4.52216, -4.52216, 4.51394, 11.291, -2.26314, -6.78118, -0.004111, 15.8091, 13.55, -0.004111, -6.78118, -15.8173, 33.8813, -0.004111, 201.049, 128.76, -0.004111, 2.25491, 31.6222, 2.25491, 24.8452, -0.004111, -15.8173, 15.8091, 20.3271, -11.2992, 6.77296, -0.004111, 42.9174, 18.0681, 194.272, 106.17, 15.8091, -0.004111, 24.8452, -24.8534, 29.3632, 6.77296, -4.52216, 15.8091, 36.1403, -4.52216, 22.5861, -0.004111, 13.55, 27.1042, 182.977, 108.429, 4.51394, -6.78118, 13.55, 13.55, 11.291, 15.8091, 31.6222, -9.04021, 47.4354, -11.2992, 36.1403, 2.25491, -15.8173, 20.3271, 214.603, 103.911, -9.04021, -0.004111, 31.6222, 11.291, 31.6222, 22.5861, 40.6583, 22.5861, 47.4354, -4.52216, 20.3271, 6.77296, 22.5861, -4.52216, 239.452, 63.2486, 22.5861, -6.78118, 31.6222, 9.03199, 54.2125, 42.9174, 31.6222, 36.1403, 33.8813, -0.004111, 9.03199, 9.03199, 29.3632, -27.1124, 234.934, 49.6944, 24.8452, 9.03199, 6.77296, 33.8813, 36.1403, 36.1403, 6.77296, 18.0681, 11.291, -6.78118, 13.55, 2.25491, 22.5861, -33.8895, 187.495, 76.8027, 2.25491, 13.55, 9.03199, 20.3271, 11.291, 2.25491, 9.03199, -2.26314, -6.78118, -4.52216, 6.77296, 13.55, 6.77296, -13.5583, 128.76, 99.393, 11.291, -9.04021, 9.03199, 6.77296, 18.0681, -2.26314, 2.25491, -2.26314, -6.78118, -2.26314, -4.52216, 20.3271, -4.52216, -0.004111, 133.278, 126.501, 18.0681, -11.2992, 2.25491, -2.26314, 24.8452, -4.52216, 9.03199, 2.25491, -0.004111, -0.004111, 4.51394, 2.25491, 4.51394, -2.26314, 203.308, 133.278, 15.8091, 11.291, -18.0763, 18.0681, 20.3271, 4.51394, 11.291, -2.26314, 6.77296, 4.51394, 9.03199, 9.03199, 11.291, -0.004111, 234.934, 112.947, 4.51394, 13.55, -33.8895, 22.5861, 6.77296, 6.77296, -2.26314, 2.25491, 4.51394, 4.51394, -6.78118, 15.8091, 6.77296, -0.004111, 203.308
74.5414, 11.2887, 13.5478, 18.0658, 18.0658, 2.25265, 9.02972, 18.0658, 15.8068, 6.7707, 4.51167, 4.51167, 2.25265, 4.51167, 13.5478, 24.8429, 54.2102, 27.1019, 18.0658, 6.7707, -22.5966, -6.78345, -4.52443, -9.04248, -18.0786, -29.3737, -22.5966, -22.5966, -18.0786, -11.3015, -4.52443, -33.8917, 112.945, 27.1019, -6.78345, -29.3737, -15.8196, -11.3015, -27.1147, -29.3737, -38.4098, -20.3376, -15.8196, -24.8556, -15.8196, -9.04248, -6.78345, -47.4459, 103.909, -38.4098, -38.4098, -24.8556, -15.8196, -29.3737, -42.9278, -38.4098, -31.6327, -22.5966, -27.1147, -15.8196, 20.3248, 11.2887, -18.0786, -42.9278, 70.0234, -38.4098, -27.1147, -18.0786, -29.3737, -27.1147, -27.1147, -18.0786, 2.25265, -18.0786, -4.52443, 24.8429, 24.8429, 11.2887, -20.3376, -42.9278, 56.4692, -15.8196, -22.5966, -29.3737, -0.006378, 15.8068, -22.5966, 13.5478, 18.0658, -6.78345, -6.78345, 15.8068, 18.0658, 11.2887, -9.04248, -54.223, 45.1741, -15.8196, -33.8917, -22.5966, 13.5478, -13.5605, 15.8068, 13.5478, -0.006378, -0.006378, -20.3376, 2.25265, 13.5478, 9.02972, -0.006378, -40.6688, 47.4331, -33.8917, 4.51167, -9.04248, -6.78345, 27.1019, 18.0658, -0.006378, 4.51167, -13.5605, 6.7707, 9.02972, 4.51167, 20.3248, 6.7707, -29.3737, 22.5839, 9.02972, 2.25265, 9.02972, 27.1019, 31.62, -0.006378, -0.006378, 15.8068, -18.0786, -4.52443, -13.5605, 15.8068, 27.1019, 4.51167, -33.8917, 18.0658, 13.5478, 6.7707, -11.3015, 31.62, -0.006378, 38.397, -0.006378, -9.04248, -9.04248, 4.51167, 11.2887, 15.8068, -9.04248, 15.8068, -11.3015, 33.879, 4.51167, -13.5605, 22.5839, 20.3248, 27.1019, 13.5478, -15.8196, -13.5605, -9.04248, 11.2887, 4.51167, -27.1147, -13.5605, 22.5839, -13.5605, 31.62, -13.5605, 11.2887, 27.1019, 15.8068, -2.2654, -6.78345, -15.8196, -18.0786, -6.78345, -4.52443, -9.04248, -2.2654, -22.5966, -0.006378, -33.8917, 51.9512, 2.25265, 13.5478, 22.5839, 6.7707, 13.5478, -20.3376, -27.1147, -20.3376, -11.3015, 4.51167, 2.25265, -15.8196, -15.8196, 6.7707, 11.2887, 81.3185, -29.3737, -20.3376, -6.78345, 2.25265, -15.8196, -24.8556, -27.1147, -20.3376, 9.02972, 6.7707, -15.8196, 13.5478, 29.3609, 33.879, 24.8429, 70.0234, -47.4459, -33.8917, -0.006378, 22.5839, -20.3376, -15.8196, -22.5966, 11.2887, 6.7707, -20.3376, 6.7707, 51.9512, 36.138, 18.0658, -47.4459, 67.7644, -49.7049, -38.4098, 2.25265, 4.51167, -20.3376, -15.8196, -9.04248, 6.7707, -9.04248, -13.5605, 40.6561, 51.9512, -2.2654, -20.3376, -76.8132
2.25489, 2.25489, -2.26316, -11.2993, 9.03196, 11.291, -6.78121, -4.52218, -0.004134, 2.25489, -0.004134, 2.25489, 2.25489, -0.004134, -6.78121, 58.7305, 4.51392, 2.25489, -2.26316, 20.3271, 20.3271, 4.51392, 6.77294, 6.77294, 9.03196, 6.77294, -0.004134, 6.77294, 4.51392, -0.004134, -2.26316, 45.1764, -13.5583, 22.5861, 15.809, 15.809, -2.26316, 6.77294, 9.03196, 11.291, 11.291, 4.51392, 11.291, 15.809, 4.51392, -0.004134, 6.77294, 40.6583, 15.809, 15.809, 6.77294, 6.77294, 4.51392, 29.3632, 22.5861, 15.809, 15.809, 20.3271, 36.1403, 11.291, 6.77294, -2.26316, 6.77294, 33.8812, 6.77294, 9.03196, 4.51392, 13.55, 67.7666, 49.6944, 9.03196, 20.3271, 2.25489, 24.8451, 22.5861, 2.25489, 15.809, -2.26316, 6.77294, 42.9173, 11.291, 4.51392, 27.1042, 54.2125, 70.0256, 15.809, 20.3271, 6.77294, 24.8451, 20.3271, 2.25489, 11.291, 20.3271, 18.0681, 2.25489, 42.9173, -0.004134, 56.4715, 47.4354, 24.8451, 13.55, 27.1042, 15.809, 11.291, 15.809, 13.55, 18.0681, 2.25489, 18.0681, 11.291, -4.52218, 33.8812, 45.1764, 56.4715, 18.0681, 15.809, 22.5861, 15.809, 11.291, 15.809, 6.77294, 6.77294, 2.25489, 18.0681, 11.291, -0.004134, -0.004134, 27.1042, 40.6583, 2.25489, 6.77294, 31.6222, 29.3632, 49.6944, 24.8451, 15.809, 24.8451, 13.55, 15.809, 18.0681, 4.51392, 9.03196, 18.0681, 27.1042, 18.0681, -4.52218, 13.55, 33.8812, 27.1042, 51.9534, 9.03196, 9.03196, 24.8451, 4.51392, 2.25489, -11.2993, 29.3632, 38.3993, 24.8451, 38.3993, -6.78121, 24.8451, 33.8812, 11.291, 4.51392, 11.291, 31.6222, 4.51392, 6.77294, 6.77294, -2.26316, 18.0681, 22.5861, 6.77294, -2.26316, 42.9173, 9.03196, 24.8451, 4.51392, -2.26316, 20.3271, 15.809, -0.004134, 11.291, 4.51392, 2.25489, 11.291, 13.55, 18.0681, 22.5861, 9.03196, 27.1042, -4.52218, 13.55, 4.51392, 9.03196, -4.52218, 13.55, 15.809, 13.55, 18.0681, 13.55, 6.77294, 13.55, 27.1042, 6.77294, 11.291, -0.004134, 11.291, 15.809, 22.5861, 20.3271, 2.25489, 9.03196, 4.51392, 15.809, 20.3271, -4.52218, 18.0681, 29.3632, 24.8451, -18.0763, -18.0763, 60.9895, 6.77294, 9.03196, 15.809, 15.809, 13.55, 24.8451, 9.03196, 13.55, -4.52218, 15.809, 15.809, 18.0681, -13.5583, 4.51392, 13.55, 54.2125, 60.9895, 15.809, 18.0681, 4.51392, 31.6222, 13.55, 13.55, 11.291, 13.55, 15.809, 18.0681, -18.0763, 31.6222, 24.8451, 24.8451, 76.8027
40.6498, 33.8728, 42.9089, 42.9089, 33.8728, 27.0957, 31.6137, 31.6137, 29.3547, 24.8367, 22.5776, 20.3186, 18.0596, 22.5776, 29.3547, -4.53065, 49.6859, 31.6137, 27.0957, 20.3186, 13.5415, 11.2825, 13.5415, 11.2825, 4.50545, -2.27162, -2.27162, -2.27162, -2.27162, 2.24643, 6.76447, -27.1209, 58.722, 29.3547, 24.8367, 18.0596, 13.5415, 13.5415, 9.0235, 4.50545, -4.53065, -4.53065, -6.78967, -4.53065, -0.012599, 4.50545, 4.50545, -29.3799, 54.204, 11.2825, -0.012599, -0.012599, -2.27162, -9.0487, -18.0848, -22.6028, -18.0848, -15.8258, -13.5667, 4.50545, 15.8006, 11.2825, 4.50545, -29.3799, 42.9089, -6.78967, -9.0487, -13.5667, -27.1209, -18.0848, -13.5667, -4.53065, -6.78967, -13.5667, -0.012599, 9.0235, 24.8367, 18.0596, 4.50545, -29.3799, 33.8728, -11.3077, -15.8258, -29.3799, -4.53065, -2.27162, -6.78967, 11.2825, 13.5415, -2.27162, 4.50545, 6.76447, 29.3547, 22.5776, -0.012599, -31.6389, 24.8367, -22.6028, -18.0848, -13.5667, -2.27162, 2.24643, -0.012599, 11.2825, 15.8006, -0.012599, 6.76447, 4.50545, 15.8006, 27.0957, 18.0596, -33.898, 9.0235, -13.5667, -2.27162, -0.012599, 6.76447, 15.8006, 13.5415, 6.76447, 15.8006, 9.0235, 6.76447, 4.50545, 4.50545, 22.5776, 24.8367, -27.1209, 9.0235, 6.76447, 15.8006, 6.76447, 11.2825, 18.0596, 11.2825, 11.2825, 13.5415, 6.76447, 9.0235, 15.8006, 18.0596, 22.5776, 22.5776, -18.0848, 22.5776, 11.2825, 13.5415, 11.2825, 15.8006, 24.8367, 24.8367, 20.3186, 18.0596, 11.2825, 9.0235, 13.5415, 9.0235, -2.27162, 22.5776, -9.0487, 18.0596, 2.24643, 6.76447, 18.0596, 20.3186, 18.0596, 20.3186, 11.2825, 6.76447, 11.2825, 13.5415, 11.2825, 2.24643, -4.53065, 11.2825, -9.0487, 15.8006, 4.50545, 18.0596, 24.8367, 24.8367, 22.5776, 13.5415, 2.24643, -2.27162, 4.50545, 4.50545, 6.76447, -2.27162, -4.53065, 6.76447, -9.0487, 36.1318, 6.76447, 20.3186, 22.5776, 22.5776, 13.5415, 6.76447, -2.27162, -4.53065, -0.012599, 4.50545, 6.76447, -2.27162, 9.0235, 24.8367, 2.24643, 45.1679, -4.53065, -0.012599, 11.2825, 13.5415, 4.50545, -9.0487, -13.5667, -4.53065, -0.012599, -4.53065, -0.012599, 11.2825, 20.3186, 29.3547, -4.53065, 42.9089, -4.53065, -13.5667, 11.2825, 11.2825, 2.24643, -4.53065, -4.53065, -2.27162, -0.012599, -9.0487, 13.5415, 18.0596, 18.0596, 20.3186, -22.6028, 11.2825, -22.6028, -27.1209, -9.0487, -4.53065, -11.3077, -11.3077, -6.78967, -4.53065, -9.0487, -9.0487, -0.012599, -4.53065, -18.0848, -22.6028, -38.416
6.77026, 13.5473, 15.8064, 15.8064, 15.8064, 15.8064, 13.5473, 13.5473, 11.2883, 11.2883, 11.2883, 11.2883, 13.5473, 13.5473, 13.5473, 9.02929, 33.8786, 45.1737, 47.4327, 47.4327, 49.6917, 49.6917, 45.1737, 42.9147, 40.6556, 38.3966, 38.3966, 38.3966, 38.3966, 38.3966, 40.6556, 33.8786, 31.6195, 42.9147, 51.9508, 56.4688, 54.2098, 47.4327, 47.4327, 45.1737, 42.9147, 40.6556, 40.6556, 40.6556, 38.3966, 36.1376, 38.3966, 33.8786, 45.1737, 63.2459, 63.2459, 63.2459, 60.9869, 58.7278, 58.7278, 51.9508, 42.9147, 38.3966, 36.1376, 36.1376, 38.3966, 38.3966, 38.3966, 33.8786, 47.4327, 63.2459, 63.2459, 63.2459, 58.7278, 51.9508, 47.4327, 45.1737, 40.6556, 36.1376, 31.6195, 31.6195, 38.3966, 40.6556, 42.9147, 33.8786, 49.6917, 63.2459, 60.9869, 58.7278, 47.4327, 33.8786, 27.1015, 24.8425, 22.5834, 20.3244, 18.0654, 18.0654, 31.6195, 40.6556, 45.1737, 38.3966, 47.4327, 54.2098, 45.1737, 38.3966, 29.3605, 24.8425, 27.1015, 18.0654, 20.3244, 18.0654, 18.0654, 18.0654, 27.1015, 38.3966, 42.9147, 38.3966, 42.9147, 47.4327, 33.8786, 22.5834, 20.3244, 20.3244, 20.3244, 18.0654, 20.3244, 18.0654, 18.0654, 15.8064, 20.3244, 38.3966, 45.1737, 38.3966, 24.8425, 27.1015, 18.0654, 18.0654, 18.0654, 18.0654, 18.0654, 18.0654, 18.0654, 18.0654, 18.0654, 18.0654, 20.3244, 22.5834, 36.1376, 33.8786, 18.0654, 20.3244, 18.0654, 15.8064, 20.3244, 22.5834, 22.5834, 22.5834, 24.8425, 24.8425, 24.8425, 22.5834, 18.0654, 18.0654, 31.6195, 31.6195, 11.2883, 15.8064, 20.3244, 20.3244, 20.3244, 20.3244, 18.0654, 22.5834, 22.5834, 22.5834, 27.1015, 31.6195, 31.6195, 27.1015, 24.8425, 24.8425, 20.3244, 24.8425, 20.3244, 20.3244, 31.6195, 36.1376, 33.8786, 29.3605, 27.1015, 27.1015, 27.1015, 29.3605, 24.8425, 20.3244, 20.3244, 20.3244, 24.8425, 29.3605, 22.5834, 15.8064, 22.5834, 22.5834, 27.1015, 27.1015, 29.3605, 29.3605, 31.6195, 31.6195, 24.8425, 27.1015, 31.6195, 27.1015, 27.1015, 36.1376, 29.3605, 22.5834, 22.5834, 22.5834, 24.8425, 24.8425, 27.1015, 27.1015, 24.8425, 33.8786, 42.9147, 45.1737, 38.3966, 24.8425, 38.3966, 49.6917, 40.6556, 27.1015, 29.3605, 29.3605, 29.3605, 27.1015, 24.8425, 27.1015, 29.3605, 38.3966, 47.4327, 51.9508, 54.2098, 49.6917, 27.1015, 36.1376, 31.6195, 20.3244, 9.02929, 18.0654, 20.3244, 20.3244, 18.0654, 18.0654, 18.0654, 29.3605, 42.9147, 47.4327, 47.4327, 45.1737
-13.5666, -20.3437, -22.6027, -22.6027, -22.6027, -20.3437, -20.3437, -22.6027, -22.6027, -22.6027, -22.6027, -22.6027, -20.3437, -22.6027, -22.6027, 2.24654, -20.3437, -18.0847, -13.5666, -6.78956, -2.27151, -4.53054, -9.04859, -13.5666, -11.3076, -11.3076, -13.5666, -13.5666, -15.8257, -18.0847, -22.6027, 20.3187, -15.8257, -4.53054, 2.24654, 4.50556, 4.50556, 2.24654, 2.24654, -2.27151, -4.53054, -11.3076, -11.3076, -11.3076, -13.5666, -15.8257, -20.3437, 22.5778, -4.53054, 9.02361, 6.76459, 2.24654, 4.50556, 9.02361, 9.02361, 4.50556, 2.24654, -6.78956, -0.012489, -2.27151, -13.5666, -13.5666, -15.8257, 22.5778, -4.53054, 6.76459, -0.012489, -4.53054, 4.50556, 13.5417, 6.76459, 4.50556, 6.76459, 9.02361, 4.50556, -0.012489, -18.0847, -4.53054, -11.3076, 24.8368, -11.3076, -0.012489, -4.53054, 6.76459, 13.5417, 20.3187, 11.2826, -2.27151, 6.76459, 13.5417, 4.50556, -2.27151, -18.0847, 2.24654, 6.76459, 22.5778, -18.0847, -0.012489, 11.2826, 15.8007, 9.02361, 11.2826, 11.2826, -4.53054, 6.76459, 11.2826, 6.76459, -0.012489, -6.78956, -4.53054, 9.02361, 27.0958, -11.3076, 9.02361, 11.2826, 11.2826, 6.76459, 2.24654, 2.24654, 2.24654, -2.27151, 13.5417, 9.02361, -0.012489, 4.50556, -18.0847, -0.012489, 36.1319, -0.012489, 6.76459, 2.24654, 9.02361, 4.50556, -0.012489, 4.50556, 4.50556, -0.012489, 11.2826, 6.76459, -0.012489, 2.24654, -11.3076, -18.0847, 38.3909, 2.24654, 2.24654, -0.012489, 6.76459, 2.24654, 2.24654, -0.012489, 2.24654, -0.012489, 4.50556, 4.50556, -0.012489, -4.53054, -0.012489, -6.78956, 29.3548, -4.53054, 2.24654, 9.02361, 4.50556, 2.24654, 4.50556, -2.27151, 4.50556, -0.012489, -2.27151, -6.78956, -4.53054, 2.24654, 4.50556, -4.53054, 20.3187, -2.27151, 4.50556, 9.02361, -0.012489, -6.78956, -2.27151, 2.24654, 6.76459, 4.50556, -2.27151, -6.78956, -2.27151, -0.012489, 2.24654, -2.27151, 22.5778, -0.012489, -2.27151, -9.04859, -6.78956, 2.24654, 4.50556, 2.24654, 6.76459, 4.50556, -2.27151, -6.78956, -6.78956, 4.50556, 6.76459, -2.27151, 9.02361, -0.012489, 11.2826, -0.012489, -6.78956, -0.012489, 13.5417, 13.5417, 11.2826, 6.76459, -2.27151, -6.78956, -2.27151, 2.24654, -0.012489, -13.5666, 15.8007, 2.24654, 15.8007, 13.5417, -6.78956, -4.53054, -0.012489, 6.76459, 11.2826, 6.76459, -4.53054, 2.24654, -0.012489, -13.5666, -24.8618, -11.3076, 38.3909, 6.76459, 31.6139, 29.3548, 6.76459, 9.02361, 11.2826, 4.50556, 4.50556, 2.24654, 2.24654, 4.50556, -2.27151, -24.8618, -4.53054, 11.2826, 51.9451
-6.77433, 0.002744, -4.51531, -9.03335, -2.25628, 0.002744, 0.002744, 0.002744, 0.002744, 2.26177, 2.26177, 2.26177, 2.26177, 2.26177, 2.26177, -4.51531, 9.03884, 22.593, 22.593, 29.3701, 29.3701, 29.3701, 31.6291, 36.1471, 42.9242, 45.1832, 40.6652, 38.4062, 33.8881, 33.8881, 36.1471, 18.0749, 2.26177, 33.8881, 45.1832, 47.4423, 45.1832, 42.9242, 42.9242, 42.9242, 47.4423, 47.4423, 47.4423, 49.7013, 40.6652, 36.1471, 36.1471, 18.0749, 18.0749, 49.7013, 49.7013, 51.9603, 58.7374, 67.7735, 70.0325, 63.2554, 51.9603, 51.9603, 51.9603, 54.2193, 42.9242, 36.1471, 36.1471, 18.0749, 20.334, 49.7013, 49.7013, 54.2193, 58.7374, 67.7735, 67.7735, 60.9964, 47.4423, 42.9242, 38.4062, 38.4062, 38.4062, 33.8881, 38.4062, 18.0749, 20.334, 47.4423, 49.7013, 54.2193, 54.2193, 36.1471, 31.6291, 31.6291, 24.852, 22.593, 22.593, 27.111, 42.9242, 33.8881, 40.6652, 20.334, 22.593, 51.9603, 54.2193, 42.9242, 40.6652, 24.852, 20.334, 22.593, 15.8159, 20.334, 22.593, 18.0749, 45.1832, 40.6652, 42.9242, 18.0749, 22.593, 45.1832, 42.9242, 27.111, 29.3701, 18.0749, 13.5569, 15.8159, 15.8159, 15.8159, 20.334, 9.03884, 24.852, 31.6291, 33.8881, 20.334, 18.0749, 36.1471, 22.593, 13.5569, 15.8159, 15.8159, 15.8159, 20.334, 20.334, 18.0749, 22.593, 9.03884, 11.2979, 24.852, 36.1471, 20.334, 9.03884, 20.334, 18.0749, 20.334, 18.0749, 13.5569, 11.2979, 15.8159, 20.334, 18.0749, 18.0749, 11.2979, 18.0749, 24.852, 33.8881, 13.5569, 13.5569, 22.593, 27.111, 24.852, 18.0749, 27.111, 18.0749, 20.334, 20.334, 18.0749, 20.334, 22.593, 24.852, 29.3701, 31.6291, 11.2979, 11.2979, 22.593, 24.852, 15.8159, 15.8159, 27.111, 31.6291, 31.6291, 29.3701, 27.111, 27.111, 24.852, 20.334, 22.593, 27.111, 13.5569, -13.5514, 4.52079, 15.8159, 29.3701, 31.6291, 31.6291, 31.6291, 33.8881, 36.1471, 29.3701, 27.111, 29.3701, 24.852, 20.334, 11.2979, 0.002744, -4.51531, 15.8159, 20.334, 33.8881, 42.9242, 47.4423, 47.4423, 36.1471, 36.1471, 29.3701, 31.6291, 36.1471, 27.111, 13.5569, -2.25628, -4.51531, 9.03884, 27.111, 20.334, 15.8159, 20.334, 36.1471, 40.6652, 33.8881, 27.111, 20.334, 29.3701, 33.8881, 20.334, 22.593, 31.6291, 18.0749, 49.7013, 76.8096, 58.7374, 49.7013, 33.8881, 38.4062, 27.111, 24.852, 24.852, 24.852, 24.852, 36.1471, 49.7013, 72.2915, 81.3276, 58.7374
38.3986, -0.004832, -0.004832, -2.26386, 6.77224, 6.77224, 6.77224, 2.25419, 2.25419, 4.51322, 4.51322, 4.51322, 6.77224, 11.2903, -0.004832, -29.3722, 27.1035, -9.04093, -9.04093, -13.559, 4.51322, -4.52288, -2.26386, -2.26386, -4.52288, -6.78191, -4.52288, -4.52288, -6.78191, 2.25419, -6.78191, -56.4804, 42.9166, -6.78191, -6.78191, -6.78191, 2.25419, -6.78191, -0.004832, -4.52288, 4.51322, -2.26386, -0.004832, -2.26386, -9.04093, -4.52288, -4.52288, -51.9624, 51.9527, -4.52288, -6.78191, -0.004832, -9.04093, -2.26386, -2.26386, -2.26386, 11.2903, 15.8083, 4.51322, 13.5493, -27.1131, 4.51322, -2.26386, -51.9624, 49.6937, -0.004832, -9.04093, -0.004832, -2.26386, 2.25419, 11.2903, 6.77224, -18.077, 24.8444, 2.25419, 24.8444, 33.8805, 20.3264, 4.51322, -56.4804, 42.9166, -4.52288, 4.51322, 13.5493, 31.6215, 4.51322, 20.3264, 29.3625, -15.818, 33.8805, 11.2903, 9.03127, 45.1757, -0.004832, 15.8083, -38.4083, 38.3986, -6.78191, 15.8083, 15.8083, 38.3986, -13.559, 13.5493, 47.4347, -4.52288, 27.1035, 40.6576, 4.51322, 70.0249, 22.5854, 4.51322, -27.1131, 49.6937, 6.77224, 9.03127, 6.77224, 18.0674, 20.3264, -2.26386, 33.8805, -2.26386, -2.26386, 47.4347, -9.04093, 36.1396, 60.9888, -42.9263, -56.4804, 49.6937, 13.5493, -9.04093, 2.25419, 18.0674, 31.6215, -4.52288, 29.3625, 58.7298, -4.52288, 33.8805, 15.8083, 49.6937, 63.2479, 15.8083, -112.956, 58.7298, -2.26386, 45.1757, 15.8083, 13.5493, 33.8805, -13.559, 42.9166, 67.7659, -18.077, 40.6576, 29.3625, 13.5493, 38.3986, 18.0674, -54.2214, 63.2479, -13.559, 33.8805, 11.2903, 20.3264, 24.8444, -9.04093, 15.8083, 22.5854, 4.51322, 13.5493, -4.52288, 11.2903, 31.6215, 27.1035, -33.8902, 63.2479, 24.8444, 6.77224, -0.004832, 2.25419, 11.2903, -4.52288, -11.3, 9.03127, 4.51322, -4.52288, -9.04093, 9.03127, 13.5493, 38.3986, -45.1853, 38.3986, 38.3986, 27.1035, 2.25419, -6.78191, 11.2903, -2.26386, 2.25419, 2.25419, -2.26386, -4.52288, -2.26386, 11.2903, 6.77224, 27.1035, -27.1131, 24.8444, 40.6576, 63.2479, 11.2903, 11.2903, -2.26386, -0.004832, 6.77224, 27.1035, -6.78191, -4.52288, 4.51322, -15.818, 6.77224, 4.51322, -40.6673, 49.6937, -18.077, 65.5069, 33.8805, 15.8083, 18.0674, 2.25419, -4.52288, 22.5854, -6.78191, -0.004832, 11.2903, -18.077, -6.78191, -2.26386, -60.9985, 49.6937, -4.52288, 33.8805, 65.5069, -11.3, 15.8083, 6.77224, 18.0674, -2.26386, -2.26386, 4.51322, 22.5854, -9.04093, -11.3, -9.04093, -36.1492
22.587, 18.0689, 20.3279, 20.3279, 18.0689, 15.8099, 18.0689, 18.0689, 15.8099, 15.8099, 15.8099, 15.8099, 15.8099, 18.0689, 18.0689, 9.03282, 22.587, 15.8099, 13.5509, 11.2918, 11.2918, 11.2918, 13.5509, 11.2918, 11.2918, 9.03282, 11.2918, 11.2918, 13.5509, 13.5509, 15.8099, 6.7738, 20.3279, 6.7738, 2.25575, 2.25575, 2.25575, 2.25575, 2.25575, 4.51478, 9.03282, 11.2918, 13.5509, 13.5509, 15.8099, 13.5509, 13.5509, 4.51478, 18.0689, 2.25575, 6.7738, 6.7738, 4.51478, 6.7738, 11.2918, 11.2918, 9.03282, 11.2918, 11.2918, 13.5509, 15.8099, 15.8099, 13.5509, 4.51478, 22.587, 9.03282, 11.2918, 11.2918, 9.03282, 6.7738, 9.03282, 11.2918, 9.03282, 4.51478, 2.25575, 9.03282, 15.8099, 15.8099, 11.2918, 2.25575, 24.846, 11.2918, 13.5509, 11.2918, 2.25575, -2.2623, -2.2623, 2.25575, 4.51478, -2.2623, -0.003274, 4.51478, 13.5509, 13.5509, 9.03282, 2.25575, 27.105, 11.2918, 9.03282, 4.51478, -0.003274, -0.003274, -0.003274, 2.25575, 2.25575, -2.2623, -0.003274, 2.25575, 6.7738, 13.5509, 13.5509, -0.003274, 24.846, 6.7738, -0.003274, -2.2623, -0.003274, 4.51478, 4.51478, -0.003274, 2.25575, -0.003274, -0.003274, 2.25575, -0.003274, 13.5509, 15.8099, 4.51478, 15.8099, -0.003274, 2.25575, -2.2623, -2.2623, 2.25575, 2.25575, -0.003274, -0.003274, -2.2623, -0.003274, 2.25575, 2.25575, 9.03282, 13.5509, 4.51478, 9.03282, -0.003274, -0.003274, -0.003274, -0.003274, -0.003274, 2.25575, -0.003274, -0.003274, 2.25575, 2.25575, 4.51478, 4.51478, 2.25575, 9.03282, 4.51478, 6.7738, -0.003274, -0.003274, 2.25575, 4.51478, 2.25575, 2.25575, 2.25575, 2.25575, 4.51478, 6.7738, 6.7738, 6.7738, 2.25575, 6.7738, 4.51478, 9.03282, -2.2623, -2.2623, 4.51478, 6.7738, 4.51478, 4.51478, -0.003274, 2.25575, 4.51478, 6.7738, 6.7738, 4.51478, -0.003274, 2.25575, 2.25575, 15.8099, -0.003274, -0.003274, 2.25575, 2.25575, 2.25575, 2.25575, 2.25575, 4.51478, 6.7738, 9.03282, 9.03282, 2.25575, -0.003274, 2.25575, -0.003274, 18.0689, 4.51478, -2.2623, -0.003274, 2.25575, -0.003274, -2.2623, -0.003274, 2.25575, 6.7738, 6.7738, 6.7738, 11.2918, 11.2918, 11.2918, 2.25575, 18.0689, 4.51478, -0.003274, -0.003274, 2.25575, 2.25575, -0.003274, 2.25575, 4.51478, 6.7738, 6.7738, 15.8099, 22.587, 20.3279, 13.5509, -0.003274, 13.5509, 6.7738, 6.7738, 4.51478, 4.51478, 4.51478, 4.51478, 4.51478, 6.7738, 6.7738, 4.51478, 18.0689, 24.846, 20.3279, 13.5509, 4.51478
-27.1339, -70.0553, -67.7963, -67.7963, -85.8685, -67.7963, -65.5373, -70.0553, -79.0914, -79.0914, -72.3144, -72.3144, -67.7963, -65.5373, -65.5373, -31.6519, 42.8959, 40.6369, 40.6369, 18.0466, 20.3056, 22.5647, 11.2695, 2.23345, 2.23345, 4.49247, 4.49247, 6.7515, 11.2695, 15.7876, 11.2695, 6.7515, 33.8598, -29.3929, 4.49247, 11.2695, 6.7515, -13.5797, 2.23345, -2.2846, 13.5286, 15.7876, 9.01052, 6.7515, 4.49247, 6.7515, -0.025577, 15.7876, 11.2695, 13.5286, 13.5286, 20.3056, 15.7876, 11.2695, 6.7515, 9.01052, 9.01052, -0.025577, 29.3417, 31.6008, 33.8598, 6.7515, 6.7515, 15.7876, 9.01052, 18.0466, 18.0466, 18.0466, 42.8959, 83.5583, 60.9681, 74.5222, 54.191, 38.3778, 54.191, 54.191, 18.0466, 6.7515, 4.49247, 6.7515, 18.0466, 22.5647, 15.7876, 29.3417, 99.3715, 65.4861, 29.3417, 40.6369, 29.3417, 33.8598, 15.7876, 15.7876, 20.3056, 4.49247, 4.49247, 15.7876, 18.0466, -2.2846, 56.45, 67.7452, 27.0827, 40.6369, 47.4139, 6.7515, 24.8237, -2.2846, 22.5647, 15.7876, 24.8237, 29.3417, 13.5286, 15.7876, 4.49247, 58.7091, 58.7091, 27.0827, 27.0827, 42.8959, 6.7515, -4.54363, 18.0466, 13.5286, 24.8237, 6.7515, 18.0466, 24.8237, 20.3056, 11.2695, 29.3417, 36.1188, 22.5647, 15.7876, 47.4139, -0.025577, 20.3056, 36.1188, 20.3056, 6.7515, -4.54363, 15.7876, 40.6369, 2.23345, 13.5286, 18.0466, 40.6369, 20.3056, 13.5286, 20.3056, 15.7876, 54.191, 24.8237, 13.5286, 40.6369, 29.3417, 40.6369, 49.673, 13.5286, 9.01052, 31.6008, 24.8237, 2.23345, -13.5797, 31.6008, 29.3417, 47.4139, 51.932, -11.3207, -2.2846, -6.80265, 9.01052, 6.7515, 15.7876, 36.1188, 38.3778, 13.5286, 15.7876, 20.3056, 36.1188, 38.3778, 15.7876, 58.7091, 58.7091, 47.4139, 18.0466, 9.01052, 11.2695, -0.025577, 15.7876, 9.01052, 4.49247, 4.49247, 33.8598, 33.8598, 13.5286, 18.0466, -2.2846, 11.2695, -13.5797, 6.7515, 18.0466, 4.49247, 33.8598, 36.1188, 22.5647, 6.7515, 15.7876, 42.8959, 49.673, -20.3568, -11.3207, -2.2846, 13.5286, 18.0466, 15.7876, 15.7876, 13.5286, 29.3417, 38.3778, -13.5797, 29.3417, 56.45, 38.3778, 40.6369, -20.3568, 6.7515, 9.01052, 15.7876, 31.6008, 40.6369, 29.3417, 33.8598, 38.3778, 24.8237, 18.0466, 24.8237, 54.191, 40.6369, -20.3568, -6.80265, 9.01052, 2.23345, 11.2695, -2.2846, 2.23345, -20.3568, 20.3056, 22.5647, 22.5647, 2.23345, -9.06168, 24.8237, 40.6369, -6.80265, -0.025577, 13.5286, 4.49247
24.8358, -38.4168, -42.9349, -51.971, -56.489, -58.7481, -47.4529, -45.1939, -54.23, -58.7481, -54.23, -54.23, -49.712, -33.8988, -31.6398, -108.447, 49.6851, -13.5676, -15.8266, -22.6037, -31.6398, -31.6398, -18.0856, -13.5676, -18.0856, -20.3446, -27.1217, -24.8627, -27.1217, -11.3085, -0.013424, -85.8564, 51.9441, -15.8266, -20.3446, -18.0856, -24.8627, -33.8988, -38.4168, -29.3807, -18.0856, -11.3085, -6.7905, -4.53147, -20.3446, -22.6037, -11.3085, -88.1154, 76.7934, -18.0856, -20.3446, -9.04952, -6.7905, -4.53147, -0.013424, -18.0856, -22.6037, -2.27245, -2.27245, 38.39, 31.6129, -20.3446, -20.3446, -94.8925, 79.0524, -18.0856, -15.8266, -15.8266, -9.04952, -0.013424, 29.3539, 31.6129, -6.7905, -2.27245, 2.2456, 40.649, 67.7573, -18.0856, -11.3085, -92.6334, 74.5344, -20.3446, -13.5676, -22.6037, -0.013424, -29.3807, 11.2817, 31.6129, 6.76365, -31.6398, 2.2456, 18.0588, 99.3837, 58.7212, -15.8266, -85.8564, 72.2754, -15.8266, -6.7905, -24.8627, 11.2817, 6.76365, -27.1217, 22.5768, 24.8358, -36.1578, 4.50463, -6.7905, 94.8656, 112.938, 2.2456, -108.447, 54.2032, -9.04952, -6.7905, -9.04952, 2.2456, 4.50463, 2.2456, 2.2456, 22.5768, -18.0856, -0.013424, -11.3085, 9.02267, 110.679, 90.3476, -110.706, 36.131, -0.013424, 9.02267, -24.8627, -0.013424, 13.5407, 9.02267, -4.53147, 6.76365, -9.04952, -11.3085, -15.8266, -9.04952, 38.39, 81.3115, -45.1939, 27.0949, -9.04952, 11.2817, -9.04952, -13.5676, 9.02267, -4.53147, -4.53147, -4.53147, -9.04952, -11.3085, -9.04952, -9.04952, -9.04952, 65.4983, -20.3446, 24.8358, 4.50463, -0.013424, 13.5407, 11.2817, -13.5676, -13.5676, -36.1578, -11.3085, -6.7905, -9.04952, -15.8266, -11.3085, -6.7905, 24.8358, -29.3807, 15.7997, 13.5407, 13.5407, 13.5407, 13.5407, -0.013424, -2.27245, -20.3446, -22.6037, -4.53147, -2.27245, -6.7905, -38.4168, -15.8266, 31.6129, -13.5676, -2.27245, -0.013424, 29.3539, 36.131, 18.0588, -20.3446, -11.3085, -13.5676, -4.53147, -6.7905, -0.013424, 4.50463, -24.8627, -38.4168, -6.7905, -27.1217, 42.908, -74.5612, 15.7997, 47.4261, 54.2032, 31.6129, -11.3085, -24.8627, 11.2817, 13.5407, -0.013424, 11.2817, 4.50463, -24.8627, -22.6037, -106.188, 58.7212, -49.712, -29.3807, 2.2456, 24.8358, 36.131, 15.7997, 13.5407, 2.2456, 11.2817, 2.2456, 31.6129, 29.3539, 6.76365, -11.3085, -110.706, 112.938, 13.5407, -24.8627, 15.7997, 22.5768, -11.3085, -4.53147, 18.0588, 22.5768, 4.50463, 6.76365, 58.7212, 67.7573, 51.9441, 40.649, -24.8627
2.26306, 13.5582, 11.2992, 11.2992, 6.78111, 6.78111, 9.04014, 11.2992, 4.52209, 6.78111, 11.2992, 6.78111, 9.04014, 15.8172, 4.52209, 60.9977, 0.004037, 2.26306, 2.26306, 4.52209, 22.5943, 13.5582, 13.5582, 11.2992, -2.25499, -2.25499, 0.004037, 2.26306, 0.004037, 6.78111, 4.52209, -2.25499, 13.5582, 4.52209, 6.78111, 6.78111, 0.004037, 6.78111, 4.52209, 22.5943, 20.3353, -4.51401, -4.51401, 0.004037, 15.8172, 4.52209, 4.52209, 2.26306, -11.2911, 6.78111, 4.52209, 4.52209, -6.77304, 0.004037, 4.52209, 24.8533, 18.0762, 15.8172, 9.04014, 27.1123, 9.04014, 20.3353, 2.26306, 0.004037, -13.5501, 6.78111, 2.26306, 4.52209, 13.5582, 31.6304, 20.3353, -9.03206, -2.25499, 27.1123, 6.78111, 29.3714, 33.8894, 47.4436, 18.0762, -6.77304, -11.2911, 2.26306, 9.04014, 15.8172, 20.3353, 45.1845, 33.8894, 20.3353, 6.78111, 15.8172, 6.78111, 9.04014, 29.3714, 4.52209, 45.1845, 15.8172, -2.25499, 0.004037, 9.04014, 18.0762, 40.6665, 42.9255, 20.3353, 24.8533, -2.25499, 11.2992, 22.5943, 24.8533, 56.4797, 63.2567, 36.1484, 38.4075, -2.25499, -4.51401, 24.8533, 9.04014, 13.5582, 18.0762, 0.004037, 40.6665, 36.1484, -4.51401, 13.5582, 11.2992, 4.52209, 90.365, -13.5501, 15.8172, -6.77304, 33.8894, -2.25499, 13.5582, 20.3353, 13.5582, 20.3353, -2.25499, 27.1123, 11.2992, 18.0762, 15.8172, 54.2206, 42.9255, 36.1484, -9.03206, 11.2992, 20.3353, 27.1123, 22.5943, 20.3353, 33.8894, 11.2992, 47.4436, 11.2992, 13.5582, 13.5582, 27.1123, 6.78111, 27.1123, 33.8894, 33.8894, -4.51401, 0.004037, 33.8894, 9.04014, 13.5582, 15.8172, 38.4075, 27.1123, 22.5943, 18.0762, 9.04014, 18.0762, 20.3353, 6.78111, -2.25499, 27.1123, 31.6304, 24.8533, -6.77304, 33.8894, 18.0762, 22.5943, -4.51401, -4.51401, 6.78111, 4.52209, 0.004037, 2.26306, 11.2992, 2.26306, 24.8533, -2.25499, 13.5582, 58.7387, 9.04014, 0.004037, 11.2992, 24.8533, 18.0762, 9.04014, -4.51401, 4.52209, 6.78111, 2.26306, 2.26306, 11.2992, 58.7387, 58.7387, -11.2911, 38.4075, 47.4436, 40.6665, 45.1845, -4.51401, 15.8172, 18.0762, 27.1123, 0.004037, -2.25499, 9.04014, -4.51401, 13.5582, 15.8172, 60.9977, -4.51401, -11.2911, 58.7387, 29.3714, 56.4797, 40.6665, 18.0762, -20.3272, 29.3714, 13.5582, 0.004037, 2.26306, 4.52209, -2.25499, 13.5582, 0.004037, -24.8452, 0.004037, 11.2992, 70.0338, -11.2911, 11.2992, 42.9255, 29.3714, -4.51401, 6.78111, 4.52209, 13.5582, -11.2911, -13.5501, -9.03206, -4.51401
-15.8304, -33.9025, -36.1616, -38.4206, -38.4206, -38.4206, -38.4206, -38.4206, -38.4206, -38.4206, -38.4206, -38.4206, -36.1616, -36.1616, -38.4206, -29.3845, -6.79425, -24.8664, -24.8664, -24.8664, -24.8664, -27.1255, -27.1255, -29.3845, -31.6435, -31.6435, -31.6435, -29.3845, -27.1255, -27.1255, -27.1255, -22.6074, -6.79425, -31.6435, -38.4206, -36.1616, -36.1616, -36.1616, -38.4206, -36.1616, -29.3845, -24.8664, -20.3484, -18.0894, -20.3484, -29.3845, -31.6435, -22.6074, -4.53523, -20.3484, -18.0894, -20.3484, -15.8304, -4.53523, 2.24185, -4.53523, -13.5713, -9.05328, -2.2762, -4.53523, -11.3123, -27.1255, -31.6435, -22.6074, 2.24185, -15.8304, -13.5713, -4.53523, -0.017179, 9.01892, 13.537, 13.537, 4.50087, -0.017179, 2.24185, 2.24185, -4.53523, -15.8304, -27.1255, -22.6074, 6.75989, -4.53523, 4.50087, 9.01892, 6.75989, 2.24185, 4.50087, 2.24185, -4.53523, -11.3123, -9.05328, -4.53523, -4.53523, -4.53523, -18.0894, -20.3484, 18.055, -4.53523, 9.01892, 9.01892, -4.53523, -2.2762, -6.79425, -11.3123, -9.05328, -11.3123, -9.05328, -4.53523, -2.2762, -0.017179, -6.79425, -18.0894, 24.8321, -2.2762, -2.2762, -6.79425, -6.79425, -4.53523, -4.53523, -11.3123, -11.3123, -11.3123, -9.05328, -6.79425, -4.53523, 6.75989, 4.50087, -2.2762, 20.314, -4.53523, -9.05328, -9.05328, -4.53523, -4.53523, -9.05328, -13.5713, -13.5713, -13.5713, -15.8304, -13.5713, -15.8304, -9.05328, -0.017179, 2.24185, 4.50087, -11.3123, -11.3123, -11.3123, -15.8304, -18.0894, -15.8304, -20.3484, -18.0894, -13.5713, -15.8304, -18.0894, -18.0894, -15.8304, -9.05328, 2.24185, -4.53523, -13.5713, -9.05328, -9.05328, -15.8304, -20.3484, -20.3484, -20.3484, -18.0894, -15.8304, -18.0894, -13.5713, -11.3123, -9.05328, -6.79425, 4.50087, -4.53523, -13.5713, -9.05328, -9.05328, -13.5713, -13.5713, -15.8304, -20.3484, -18.0894, -15.8304, -15.8304, -18.0894, -18.0894, -13.5713, -4.53523, 2.24185, -2.2762, -20.3484, -20.3484, -15.8304, -15.8304, -18.0894, -20.3484, -13.5713, -11.3123, -11.3123, -13.5713, -15.8304, -22.6074, -22.6074, -20.3484, -11.3123, -6.79425, -22.6074, -24.8664, -18.0894, -15.8304, -18.0894, -15.8304, -9.05328, -6.79425, -4.53523, -9.05328, -13.5713, -15.8304, -22.6074, -31.6435, -20.3484, -2.2762, -9.05328, -15.8304, -18.0894, -9.05328, -6.79425, -6.79425, -4.53523, -2.2762, 2.24185, 4.50087, 2.24185, 2.24185, -18.0894, -27.1255, -15.8304, 13.537, 15.796, 11.2779, -6.79425, -4.53523, 2.24185, 9.01892, 9.01892, 6.75989, 9.01892, 11.2779, 20.314, 29.3501, 20.314, 13.537, 15.796
79.0545, 97.1267, 103.904, 110.681, 112.94, 110.681, 101.645, 106.163, 108.422, 108.422, 103.904, 101.645, 97.1267, 94.8677, 99.3857, 85.8316, 11.2838, 18.0609, 29.356, 27.097, 11.2838, 6.76573, 9.02476, 4.50671, -0.01134, -2.27036, -2.27036, -2.27036, -0.01134, 2.24768, 2.24768, -4.52939, 45.1692, 36.1331, 31.615, 15.8018, 13.5428, 22.5789, 18.0609, 6.76573, -4.52939, -9.04744, -4.52939, -4.52939, -0.01134, 2.24768, 2.24768, -6.78841, 24.8379, 4.50671, -6.78841, -9.04744, -6.78841, -4.52939, -6.78841, -9.04744, -11.3065, -9.04744, -15.8245, -20.3426, -11.3065, -0.01134, -0.01134, -6.78841, 13.5428, -11.3065, -11.3065, -11.3065, -15.8245, -42.9328, -54.2279, -47.4509, -24.8606, -20.3426, -18.0835, -2.27036, 4.50671, -0.01134, -0.01134, -6.78841, 9.02476, -11.3065, -11.3065, -18.0835, -18.0835, 6.76573, 4.50671, -2.27036, -9.04744, -6.78841, 2.24768, 4.50671, -0.01134, -4.52939, -2.27036, -9.04744, 6.76573, -13.5655, -24.8606, -20.3426, -13.5655, -9.04744, -9.04744, -0.01134, 4.50671, -0.01134, -0.01134, -9.04744, -13.5655, -11.3065, -11.3065, -9.04744, -2.27036, -29.3787, -18.0835, -11.3065, -11.3065, -0.01134, 9.02476, 6.76573, 2.24768, -2.27036, 4.50671, 9.02476, 4.50671, -4.52939, -2.27036, -13.5655, -11.3065, -18.0835, -0.01134, 2.24768, 9.02476, 9.02476, 4.50671, 4.50671, 11.2838, 6.76573, 6.76573, 6.76573, 4.50671, 6.76573, 2.24768, -15.8245, 11.2838, 11.2838, 13.5428, 4.50671, 6.76573, 4.50671, 9.02476, 11.2838, 2.24768, -0.01134, 11.2838, 31.615, 33.874, 22.5789, -9.04744, -15.8245, 15.8018, 9.02476, 2.24768, -2.27036, 24.8379, 33.874, 29.356, 20.3199, 15.8018, 15.8018, 15.8018, 13.5428, -6.78841, -6.78841, -0.01134, -2.27036, -0.01134, -6.78841, -0.01134, 4.50671, 6.76573, -4.52939, 4.50671, 2.24768, 2.24768, 4.50671, 4.50671, 2.24768, -0.01134, -2.27036, -6.78841, -9.04744, 27.097, 20.3199, 20.3199, 13.5428, 15.8018, 15.8018, 9.02476, -4.52939, -6.78841, -4.52939, -2.27036, 2.24768, -0.01134, 2.24768, 4.50671, 6.76573, 42.9101, 31.615, 18.0609, -0.01134, -6.78841, -9.04744, -11.3065, -11.3065, -9.04744, -0.01134, 4.50671, -0.01134, -2.27036, 33.874, 56.4643, 42.9101, 18.0609, 2.24768, 4.50671, 11.2838, 6.76573, -6.78841, -24.8606, -22.6016, -13.5655, -9.04744, -15.8245, -4.52939, 18.0609, 36.1331, 36.1331, 15.8018, 18.0609, -0.01134, 4.50671, 24.8379, 22.5789, 6.76573, -2.27036, -4.52939, -2.27036, -0.01134, -11.3065, 4.50671, 13.5428, 9.02476, -4.52939, -15.8245
142.303, 18.0563, 29.3515, 29.3515, 18.0563, 2.24317, 9.02025, 20.3154, 18.0563, 6.76122, 2.24317, 4.5022, 2.24317, 9.02025, 22.5744, 27.0924, 164.893, 38.3876, 31.6105, 22.5744, -9.05195, -4.5339, -0.015851, 4.5022, -0.015851, -15.829, -11.311, -13.57, -9.05195, -2.27488, 15.7973, 11.2793, 223.628, 36.1285, 18.0563, 2.24317, -0.015851, -2.27488, -11.311, -13.57, -20.3471, -9.05195, -6.79292, -11.311, 6.76122, 4.5022, 6.76122, -4.5339, 239.441, -0.015851, -11.311, -2.27488, 4.5022, -6.79292, -24.8651, -20.3471, -29.3832, -18.088, -20.3471, -0.015851, 56.4598, 38.3876, -0.015851, -13.57, 228.146, -15.829, -6.79292, -4.5339, -11.311, -29.3832, -24.8651, -0.015851, 13.5383, -27.1241, -9.05195, 22.5744, 70.0139, 74.532, -11.311, -11.311, 203.296, -6.79292, -9.05195, -18.088, -15.829, 13.5383, -33.9012, 27.0924, 36.1285, -15.829, -4.5339, 18.0563, 65.4959, 83.5681, 11.2793, -22.6061, 176.188, -2.27488, -27.1241, -24.8651, 6.76122, 11.2793, -2.27488, 18.0563, 24.8334, 9.02025, -18.088, 13.5383, 31.6105, 79.05, 65.4959, -13.57, 155.857, -38.4193, -0.015851, -9.05195, -13.57, 20.3154, 20.3154, -2.27488, 24.8334, 13.5383, -6.79292, 18.0563, -6.79292, 70.0139, 79.05, 29.3515, 117.453, 6.76122, 13.5383, 11.2793, 15.7973, 31.6105, 24.8334, -6.79292, 18.0563, 4.5022, -6.79292, 2.24317, 9.02025, 40.6466, 63.2368, 54.2007, 83.5681, 20.3154, 15.7973, 6.76122, 33.8695, 6.76122, 38.3876, -6.79292, 4.5022, -2.27488, 4.5022, 20.3154, 9.02025, -2.27488, 33.8695, 60.9778, 90.3451, 11.2793, -9.05195, 22.5744, 42.9056, 6.76122, 29.3515, -13.57, -20.3471, 4.5022, 15.7973, 20.3154, -11.311, -31.6422, 31.6105, 49.6827, 94.8632, -6.79292, 13.5383, 42.9056, 40.6466, 15.7973, 9.02025, -11.311, -20.3471, 2.24317, 6.76122, 6.76122, -2.27488, -36.1602, 13.5383, 18.0563, 142.303, -20.3471, 22.5744, 45.1646, 40.6466, 22.5744, -9.05195, -20.3471, -20.3471, 4.5022, 15.7973, 13.5383, -2.27488, -15.829, 11.2793, 29.3515, 198.778, -36.1602, -15.829, 15.7973, 40.6466, 20.3154, -18.088, -24.8651, -22.6061, 20.3154, 13.5383, -0.015851, 29.3515, 40.6466, 40.6466, 38.3876, 205.555, -36.1602, -67.7866, 4.5022, 36.1285, 2.24317, -9.05195, -15.829, 6.76122, 18.0563, -0.015851, 13.5383, 90.3451, 65.4959, 45.1646, 13.5383, 185.224, -36.1602, -49.7144, -0.015851, 24.8334, -29.3832, -13.57, -9.05195, 11.2793, 2.24317, -15.829, 38.3876, 83.5681, 47.4237, 18.0563, -20.3471
27.0877, 51.9369, 56.455, 60.973, 63.232, 60.973, 60.973, 63.232, 63.232, 63.232, 60.973, 58.714, 54.1959, 51.9369, 54.1959, 40.6418, -4.53869, -4.53869, -9.05674, -15.8338, -22.6109, -18.0928, -20.3519, -29.388, -42.9421, -45.2011, -40.6831, -38.4241, -33.906, -31.647, -31.647, -38.4241, -2.27966, -4.53869, -20.3519, -33.906, -33.906, -27.1289, -29.388, -33.906, -45.2011, -51.9782, -49.7192, -45.2011, -38.4241, -33.906, -36.165, -38.4241, -22.6109, -40.6831, -54.2372, -56.4963, -58.7553, -65.5323, -70.0504, -67.7914, -65.5323, -70.0504, -76.8275, -65.5323, -56.4963, -38.4241, -36.165, -33.906, -36.165, -56.4963, -58.7553, -63.2733, -74.5685, -74.5685, -70.0504, -67.7914, -54.2372, -38.4241, -27.1289, -27.1289, -31.647, -45.2011, -33.906, -36.165, -38.4241, -58.7553, -61.0143, -79.0865, -56.4963, -29.388, -18.0928, -18.0928, -27.1289, -22.6109, -13.5748, -20.3519, -36.165, -51.9782, -38.4241, -36.165, -38.4241, -72.3094, -74.5685, -49.7192, -33.906, -29.388, -15.8338, -6.79771, -13.5748, -18.0928, -9.05674, -15.8338, -20.3519, -49.7192, -56.4963, -31.647, -45.2011, -51.9782, -29.388, -22.6109, -13.5748, -15.8338, -11.3158, -6.79771, -9.05674, -11.3158, -2.27966, -4.53869, -4.53869, -15.8338, -40.6831, -36.165, -31.647, -22.6109, -13.5748, -2.27966, -0.02064, -2.27966, -15.8338, -11.3158, -6.79771, -9.05674, -9.05674, 4.49741, 11.2745, 6.75643, -27.1289, -56.4963, -11.3158, -9.05674, -6.79771, -6.79771, 2.23838, 13.5335, 13.5335, 6.75643, -4.53869, -9.05674, -4.53869, 2.23838, 4.49741, -4.53869, -22.6109, -38.4241, -11.3158, -18.0928, -27.1289, -20.3519, -4.53869, 4.49741, 4.49741, -6.79771, -9.05674, -9.05674, -11.3158, -11.3158, -24.8699, -27.1289, -24.8699, -36.165, -4.53869, -9.05674, -9.05674, -4.53869, -4.53869, -20.3519, -27.1289, -24.8699, -20.3519, -20.3519, -24.8699, -24.8699, -20.3519, -11.3158, -15.8338, -24.8699, 9.01546, 22.5696, 15.7925, -11.3158, -15.8338, -18.0928, -22.6109, -38.4241, -38.4241, -33.906, -31.647, -29.388, -22.6109, 6.75643, 36.1238, 24.8286, -2.27966, 9.01546, 6.75643, -11.3158, -42.9421, -61.0143, -45.2011, -42.9421, -36.165, -38.4241, -36.165, -40.6831, -20.3519, 18.0516, 40.6418, 29.3467, -24.8699, -20.3519, 2.23838, 18.0516, 4.49741, -6.79771, -27.1289, -31.647, -24.8699, -22.6109, -33.906, -22.6109, -18.0928, -9.05674, -11.3158, -24.8699, -58.7553, -85.8636, -49.7192, -29.388, -31.647, -31.647, -31.647, -36.165, -38.4241, -38.4241, -40.6831, -38.4241, -56.4963, -85.8636, -103.936, -81.3455
-4.52473, -9.04278, -9.04278, -11.3018, -11.3018, -9.04278, -9.04278, -9.04278, -11.3018, -11.3018, -9.04278, -9.04278, -6.78375, -6.78375, -6.78375, -13.5608, -2.26571, -9.04278, -11.3018, -11.3018, -11.3018, -11.3018, -9.04278, -9.04278, -6.78375, -4.52473, -4.52473, -6.78375, -6.78375, -6.78375, -6.78375, -9.04278, -0.006681, -2.26571, 2.25234, 4.51137, 2.25234, -0.006681, -0.006681, -0.006681, -2.26571, -4.52473, -4.52473, -2.26571, -4.52473, -6.78375, -9.04278, -9.04278, 4.51137, 4.51137, 4.51137, 4.51137, 4.51137, 4.51137, 4.51137, 2.25234, -2.26571, -2.26571, -4.52473, -0.006681, -2.26571, -6.78375, -6.78375, -9.04278, 4.51137, 2.25234, 2.25234, -0.006681, -0.006681, -0.006681, -0.006681, -0.006681, -2.26571, -2.26571, -0.006681, -0.006681, 2.25234, -6.78375, -6.78375, -9.04278, 4.51137, 2.25234, -2.26571, -2.26571, -0.006681, -2.26571, -0.006681, 2.25234, -0.006681, -4.52473, -0.006681, -2.26571, 6.77039, 4.51137, -6.78375, -9.04278, 2.25234, -0.006681, -2.26571, -2.26571, 2.25234, 2.25234, -0.006681, -0.006681, -0.006681, -2.26571, -0.006681, -2.26571, 4.51137, 9.02942, 2.25234, -6.78375, -2.26571, -2.26571, -0.006681, -0.006681, -0.006681, -0.006681, -2.26571, -2.26571, -0.006681, -2.26571, -2.26571, -2.26571, -2.26571, 6.77039, 4.51137, -6.78375, -2.26571, -2.26571, -2.26571, -2.26571, -0.006681, -2.26571, -2.26571, -2.26571, -0.006681, -0.006681, -0.006681, -2.26571, -2.26571, -2.26571, 4.51137, -0.006681, -0.006681, -2.26571, -2.26571, -0.006681, -2.26571, -2.26571, -4.52473, -4.52473, -2.26571, -0.006681, -0.006681, -2.26571, -4.52473, -2.26571, 2.25234, -0.006681, -0.006681, 2.25234, -0.006681, -0.006681, -0.006681, -4.52473, -2.26571, -4.52473, -2.26571, -0.006681, -2.26571, -4.52473, -2.26571, -2.26571, -0.006681, -0.006681, -0.006681, 4.51137, 4.51137, -0.006681, -4.52473, -4.52473, -2.26571, -2.26571, -2.26571, -0.006681, -0.006681, -0.006681, -6.78375, -4.52473, -0.006681, -0.006681, -4.52473, -2.26571, 2.25234, 4.51137, 2.25234, -4.52473, -4.52473, -2.26571, -0.006681, -0.006681, -0.006681, -0.006681, -0.006681, -0.006681, -0.006681, -2.26571, -2.26571, -9.04278, 2.25234, 4.51137, 6.77039, 4.51137, 4.51137, 2.25234, 2.25234, 2.25234, -0.006681, 4.51137, 4.51137, 2.25234, -4.52473, -13.5608, 2.25234, -4.52473, -0.006681, 2.25234, 2.25234, 4.51137, 4.51137, 4.51137, 2.25234, -0.006681, 2.25234, 4.51137, 4.51137, -2.26571, -2.26571, -4.52473, 6.77039, 6.77039, -0.006681, 4.51137, 2.25234, 2.25234, 4.51137, 4.51137, 2.25234, -0.006681, -0.006681, -0.006681, -0.006681, 4.51137, 6.77039, 6.77039
-13.5652, 13.5431, 13.5431, 15.8021, 22.5792, 24.8382, 20.3202, 15.8021, 20.3202, 22.5792, 20.3202, 18.0611, 18.0611, 15.8021, 13.5431, 29.3563, -11.3062, 22.5792, 27.0972, 38.3924, 45.1694, 42.9104, 33.8743, 31.6153, 36.1333, 36.1333, 33.8743, 31.6153, 29.3563, 24.8382, 20.3202, 47.4285, -15.8242, 38.3924, 49.6875, 54.2055, 51.9465, 49.6875, 49.6875, 45.1694, 40.6514, 36.1333, 31.6153, 31.6153, 27.0972, 24.8382, 24.8382, 49.6875, -2.27008, 54.2055, 51.9465, 51.9465, 47.4285, 54.2055, 54.2055, 45.1694, 40.6514, 33.8743, 31.6153, 29.3563, 24.8382, 24.8382, 29.3563, 49.6875, -2.27008, 51.9465, 47.4285, 42.9104, 49.6875, 49.6875, 45.1694, 38.3924, 36.1333, 31.6153, 31.6153, 22.5792, 11.2841, 24.8382, 33.8743, 51.9465, -2.27008, 45.1694, 40.6514, 45.1694, 51.9465, 40.6514, 29.3563, 22.5792, 20.3202, 31.6153, 24.8382, 9.02504, 9.02504, 22.5792, 36.1333, 51.9465, -9.04715, 38.3924, 42.9104, 45.1694, 40.6514, 27.0972, 33.8743, 15.8021, 20.3202, 24.8382, 29.3563, 11.2841, 11.2841, 15.8021, 38.3924, 54.2055, -2.27008, 40.6514, 38.3924, 27.0972, 24.8382, 20.3202, 18.0611, 22.5792, 15.8021, 27.0972, 31.6153, 13.5431, 22.5792, -0.011056, 22.5792, 56.4646, 9.02504, 38.3924, 20.3202, 24.8382, 24.8382, 13.5431, 18.0611, 27.0972, 18.0611, 24.8382, 27.0972, 20.3202, 20.3202, 4.50699, 9.02504, 51.9465, 6.76602, 24.8382, 18.0611, 29.3563, 24.8382, 27.0972, 20.3202, 27.0972, 24.8382, 27.0972, 27.0972, 18.0611, 18.0611, 29.3563, 24.8382, 36.1333, -2.27008, 18.0611, 27.0972, 24.8382, 18.0611, 24.8382, 24.8382, 31.6153, 29.3563, 22.5792, 18.0611, 22.5792, 29.3563, 31.6153, 22.5792, 29.3563, -2.27008, 22.5792, 24.8382, 13.5431, 15.8021, 27.0972, 31.6153, 33.8743, 33.8743, 22.5792, 20.3202, 24.8382, 27.0972, 29.3563, 18.0611, 29.3563, -2.27008, 24.8382, 18.0611, 13.5431, 18.0611, 29.3563, 33.8743, 33.8743, 33.8743, 24.8382, 20.3202, 18.0611, 33.8743, 36.1333, 20.3202, 18.0611, -4.52911, 45.1694, 38.3924, 18.0611, 18.0611, 36.1333, 38.3924, 31.6153, 29.3563, 20.3202, 15.8021, 27.0972, 31.6153, 27.0972, 18.0611, 38.3924, -0.011056, 51.9465, 47.4285, 29.3563, 6.76602, 22.5792, 27.0972, 29.3563, 27.0972, 11.2841, 20.3202, 24.8382, 13.5431, 18.0611, 33.8743, 65.5007, 4.50699, 51.9465, 49.6875, 31.6153, 20.3202, 27.0972, 15.8021, 15.8021, 11.2841, 13.5431, 18.0611, 13.5431, -4.52911, 24.8382, 40.6514, 70.0187
-36.1536, -2.26827, -2.26827, -2.26827, 9.02685, 15.8039, 9.02685, -2.26827, 4.5088, 13.5449, 13.5449, 9.02685, 13.5449, 4.5088, -4.5273, 110.683, -90.3702, -20.3405, -33.8946, -6.78632, 15.8039, 11.2859, -2.26827, -11.3044, -2.26827, 6.76782, 4.5088, 4.5088, 6.76782, -0.009249, -22.5995, 135.532, -126.515, -31.6356, -13.5634, -2.26827, 11.2859, 4.5088, 13.5449, 13.5449, 15.8039, 2.24978, -2.26827, 2.24978, -0.009249, -4.5273, -15.8224, 137.791, -135.551, -0.009249, 2.24978, -4.5273, -20.3405, 9.02685, 15.8039, 20.322, 29.3581, 11.2859, 11.2859, -2.26827, -18.0814, -11.3044, -4.5273, 140.05, -117.479, 9.02685, 2.24978, -0.009249, 38.3942, 40.6532, 6.76782, 11.2859, 20.322, 33.8761, 18.0629, -4.5273, -72.298, -9.04535, 2.24978, 144.568, -106.183, 9.02685, 11.2859, 49.6893, 45.1712, 36.1351, 40.6532, -15.8224, 2.24978, 36.1351, 15.8039, -18.0814, -70.039, -15.8224, 20.322, 142.309, -101.665, 18.0629, 24.84, 51.9483, 24.84, 22.581, 47.4303, -11.3044, -9.04535, 33.8761, 31.6171, -2.26827, -11.3044, -76.8161, 24.84, 153.604, -61.0029, 33.8761, 27.099, 20.322, 13.5449, -0.009249, 2.24978, 11.2859, -18.0814, 36.1351, 38.3942, 9.02685, 20.322, -56.4849, -33.8946, 160.382, -24.8585, 36.1351, -2.26827, 22.581, 18.0629, -22.5995, -9.04535, 15.8039, -11.3044, 15.8039, 22.581, 20.322, 22.581, -29.3766, -74.5571, 146.827, -31.6356, 13.5449, -18.0814, 20.322, 6.76782, 9.02685, -13.5634, 4.5088, -2.26827, 6.76782, 13.5449, -2.26827, 2.24978, 22.581, -4.5273, 99.3878, -58.7439, -9.04535, 9.02685, 4.5088, -18.0814, -4.5273, -4.5273, 27.099, 22.581, -0.009249, -9.04535, 2.24978, 20.322, 29.3581, -2.26827, 83.5747, -29.3766, 9.02685, 6.76782, -18.0814, -33.8946, -18.0814, -4.5273, 20.322, 24.84, -0.009249, -15.8224, 11.2859, 31.6171, 40.6532, 2.24978, 79.0566, -15.8224, 45.1712, -13.5634, -49.7078, -24.8585, 4.5088, 9.02685, 15.8039, 15.8039, 4.5088, -9.04535, -15.8224, 38.3942, 47.4303, 22.581, 47.4303, -49.7078, 88.0927, 60.9844, -15.8224, -58.7439, 11.2859, 22.581, 36.1351, 27.099, -6.78632, -13.5634, -2.26827, 27.099, 24.84, -2.26827, 126.496, -85.8522, 97.1288, 101.647, 22.581, -15.8224, -2.26827, -0.009249, 33.8761, 29.3581, -15.8224, 11.2859, 4.5088, -33.8946, -47.4488, -33.8946, 173.936, -90.3702, 56.4664, 88.0927, 33.8761, 9.02685, 31.6171, 20.322, 9.02685, -9.04535, 9.02685, 13.5449, -15.8224, -85.8522, -47.4488, -24.8585, 182.972
38.4017, 18.0705, 15.8115, 13.5524, 9.03439, 11.2934, 13.5524, 15.8115, 13.5524, 11.2934, 11.2934, 11.2934, 9.03439, 15.8115, 20.3295, -4.51975, 58.7329, 51.9559, 56.4739, 60.992, 58.7329, 54.2149, 51.9559, 56.4739, 60.992, 60.992, 58.7329, 54.2149, 51.9559, 49.6968, 56.4739, 45.1788, 72.2871, 70.0281, 81.3232, 90.3593, 88.1003, 74.5461, 67.769, 63.251, 60.992, 60.992, 58.7329, 63.251, 60.992, 54.2149, 51.9559, 42.9198, 94.8773, 88.1003, 88.1003, 90.3593, 88.1003, 88.1003, 88.1003, 79.0642, 63.251, 58.7329, 58.7329, 70.0281, 74.5461, 56.4739, 54.2149, 40.6607, 94.8773, 85.8412, 83.5822, 79.0642, 76.8051, 79.0642, 79.0642, 74.5461, 63.251, 42.9198, 45.1788, 56.4739, 79.0642, 67.769, 56.4739, 42.9198, 88.1003, 79.0642, 72.2871, 63.251, 67.769, 49.6968, 38.4017, 51.9559, 49.6968, 29.3656, 27.1066, 29.3656, 83.5822, 97.1364, 60.992, 42.9198, 79.0642, 70.0281, 65.51, 54.2149, 47.4378, 47.4378, 36.1427, 33.8837, 42.9198, 29.3656, 24.8476, 24.8476, 63.251, 101.654, 92.6183, 38.4017, 60.992, 56.4739, 49.6968, 42.9198, 33.8837, 38.4017, 33.8837, 22.5885, 40.6607, 33.8837, 22.5885, 20.3295, 15.8115, 85.8412, 97.1364, 56.4739, 47.4378, 42.9198, 36.1427, 24.8476, 27.1066, 29.3656, 36.1427, 36.1427, 33.8837, 36.1427, 27.1066, 31.6246, 20.3295, 33.8837, 88.1003, 72.2871, 38.4017, 27.1066, 33.8837, 36.1427, 33.8837, 29.3656, 33.8837, 29.3656, 31.6246, 38.4017, 36.1427, 33.8837, 29.3656, 22.5885, 65.51, 67.769, 31.6246, 36.1427, 36.1427, 40.6607, 47.4378, 40.6607, 40.6607, 33.8837, 29.3656, 36.1427, 38.4017, 38.4017, 36.1427, 31.6246, 40.6607, 47.4378, 29.3656, 38.4017, 36.1427, 36.1427, 42.9198, 51.9559, 51.9559, 47.4378, 38.4017, 40.6607, 47.4378, 49.6968, 31.6246, 18.0705, 40.6607, 42.9198, 42.9198, 11.2934, 33.8837, 51.9559, 58.7329, 45.1788, 45.1788, 42.9198, 42.9198, 42.9198, 47.4378, 47.4378, 45.1788, 31.6246, 22.5885, 20.3295, 67.769, 27.1066, 22.5885, 51.9559, 70.0281, 65.51, 56.4739, 42.9198, 42.9198, 45.1788, 40.6607, 54.2149, 58.7329, 47.4378, 42.9198, 9.03439, 79.0642, 60.992, 13.5524, 24.8476, 40.6607, 51.9559, 51.9559, 45.1788, 31.6246, 33.8837, 38.4017, 54.2149, 58.7329, 65.51, 72.2871, 58.7329, 88.1003, 83.5822, 60.992, 36.1427, 42.9198, 31.6246, 29.3656, 36.1427, 31.6246, 29.3656, 29.3656, 45.1788, 70.0281, 88.1003, 94.8773, 92.6183
63.2318, 47.4187, 49.6777, 49.6777, 47.4187, 40.6416, 33.8645, 33.8645, 33.8645, 31.6055, 29.3465, 31.6055, 31.6055, 42.9006, 47.4187, 13.5333, 11.2743, -4.5389, -20.3521, -36.1652, -18.093, -4.5389, -4.5389, -2.27987, 4.4972, 4.4972, 2.23817, -0.02085, -6.79792, -4.5389, -0.02085, -13.575, -2.27987, -2.27987, 11.2743, 13.5333, 15.7923, 13.5333, 9.01525, -2.27987, 9.01525, 13.5333, 15.7923, 13.5333, 4.4972, 2.23817, -0.02085, -11.316, 27.0874, 6.75622, 6.75622, 11.2743, 20.3104, 40.6416, 49.6777, 36.1235, 45.1596, 54.1957, 58.7138, 74.527, 60.9728, 15.7923, -2.27987, -18.093, 24.8284, 11.2743, 13.5333, 18.0513, 51.9367, 90.3401, 108.412, 97.1172, 54.1957, 45.1596, 42.9006, 27.0874, 27.0874, 9.01525, -0.02085, -13.575, 27.0874, 11.2743, 15.7923, 38.3826, 45.1596, 4.4972, -6.79792, 11.2743, 20.3104, 9.01525, -0.02085, 18.0513, 51.9367, 38.3826, -0.02085, -6.79792, 33.8645, 38.3826, 49.6777, 31.6055, 47.4187, 56.4548, 22.5694, 6.75622, 6.75622, -0.02085, 4.4972, 6.75622, 65.4909, 81.304, 60.9728, -24.8701, 36.1235, 24.8284, 27.0874, 29.3465, 31.6055, 22.5694, 6.75622, -13.575, 13.5333, 2.23817, -11.316, -11.316, -11.316, 42.9006, 58.7138, -0.02085, 27.0874, 24.8284, 15.7923, -4.5389, -11.316, -4.5389, 11.2743, 11.2743, -9.05695, 2.23817, 4.4972, -0.02085, 2.23817, 11.2743, 38.3826, 27.0874, 11.2743, -9.05695, -9.05695, -2.27987, -9.05695, -0.02085, -0.02085, 6.75622, 20.3104, 11.2743, 4.4972, -9.05695, 2.23817, -2.27987, 31.6055, 29.3465, 22.5694, 18.0513, 20.3104, 18.0513, 6.75622, -4.5389, 2.23817, 9.01525, 4.4972, 4.4972, 2.23817, 15.7923, 36.1235, 33.8645, 31.6055, 22.5694, 24.8284, 24.8284, 18.0513, 6.75622, 33.8645, 47.4187, 33.8645, -0.02085, -6.79792, 2.23817, 11.2743, 9.01525, -6.79792, -4.5389, 20.3104, 18.0513, -22.6111, -15.834, 11.2743, 29.3465, 27.0874, -2.27987, 9.01525, 20.3104, 22.5694, 18.0513, 11.2743, 11.2743, 2.23817, -11.316, -2.27987, 13.5333, 15.7923, -22.6111, -11.316, 51.9367, 83.5631, 83.5631, 36.1235, 6.75622, 15.7923, 24.8284, 33.8645, 36.1235, 15.7923, -11.316, -51.9784, -65.5326, 18.0513, -6.79792, -31.6472, -20.3521, 6.75622, 72.2679, 81.304, 47.4187, 20.3104, 33.8645, 33.8645, 27.0874, 11.2743, 2.23817, 2.23817, -15.834, 124.226, 121.966, 99.3762, 65.4909, 81.304, 70.0089, 29.3465, 29.3465, 54.1957, 49.6777, 38.3826, 67.7499, 103.894, 126.485, 133.262, 106.153
2.25957, -22.5897, -24.8487, -24.8487, -27.1078, -29.3668, -27.1078, -27.1078, -27.1078, -29.3668, -29.3668, -29.3668, -29.3668, -27.1078, -24.8487, -27.1078, -2.25848, -18.0717, -20.3307, -22.5897, -24.8487, -22.5897, -22.5897, -22.5897, -22.5897, -22.5897, -24.8487, -27.1078, -27.1078, -27.1078, -24.8487, -24.8487, 0.000544, -22.5897, -24.8487, -24.8487, -22.5897, -22.5897, -27.1078, -24.8487, -22.5897, -22.5897, -24.8487, -22.5897, -24.8487, -24.8487, -27.1078, -24.8487, -4.51751, -27.1078, -27.1078, -27.1078, -29.3668, -24.8487, -22.5897, -22.5897, -18.0717, -18.0717, -11.2946, -4.51751, -9.03555, -18.0717, -24.8487, -24.8487, -6.77653, -29.3668, -33.8848, -40.6619, -31.6258, -4.51751, 0.000544, 0.000544, -2.25848, -2.25848, 2.25957, 4.51859, 0.000544, -13.5536, -24.8487, -24.8487, -11.2946, -38.4029, -40.6619, -27.1078, -6.77653, 0.000544, 0.000544, 2.25957, 0.000544, -2.25848, -2.25848, 0.000544, -2.25848, -4.51751, -15.8126, -24.8487, -15.8126, -31.6258, -13.5536, -4.51751, 2.25957, 0.000544, -2.25848, -2.25848, -2.25848, -2.25848, -2.25848, -2.25848, 2.25957, 2.25957, -6.77653, -24.8487, -18.0717, -11.2946, 0.000544, -2.25848, 2.25957, 2.25957, -4.51751, -9.03555, -2.25848, 0.000544, 0.000544, -4.51751, 0.000544, 4.51859, -6.77653, -20.3307, -6.77653, 2.25957, 0.000544, -2.25848, 0.000544, 4.51859, 0.000544, 0.000544, 2.25957, 0.000544, -2.25848, -9.03555, -4.51751, -4.51751, -9.03555, -11.2946, 0.000544, 2.25957, -2.25848, 0.000544, -2.25848, -4.51751, 2.25957, -2.25848, -2.25848, -4.51751, -6.77653, -9.03555, -9.03555, -13.5536, -2.25848, -9.03555, 0.000544, -4.51751, 2.25957, 4.51859, 0.000544, -4.51751, -6.77653, -6.77653, -6.77653, -6.77653, -11.2946, -18.0717, -13.5536, -4.51751, -2.25848, -13.5536, -2.25848, -4.51751, 6.77762, 4.51859, -4.51751, -4.51751, -2.25848, -6.77653, -11.2946, -11.2946, -11.2946, -15.8126, -18.0717, -9.03555, -2.25848, -4.51751, -6.77653, -15.8126, -4.51751, 0.000544, 0.000544, -4.51751, -9.03555, -9.03555, -9.03555, -11.2946, -13.5536, -15.8126, -15.8126, -11.2946, -9.03555, -9.03555, -4.51751, -36.1438, -20.3307, 2.25957, 6.77762, 6.77762, 2.25957, -4.51751, -6.77653, -6.77653, -13.5536, -15.8126, -18.0717, -20.3307, -29.3668, -27.1078, 0.000544, -29.3668, -29.3668, -2.25848, 2.25957, 0.000544, 2.25957, -4.51751, -4.51751, -11.2946, -11.2946, -6.77653, -18.0717, -40.6619, -42.9209, -31.6258, 0.000544, -2.25848, -15.8126, -11.2946, -4.51751, -2.25848, -6.77653, -4.51751, -4.51751, -9.03555, -2.25848, -2.25848, -20.3307, -22.5897, -13.5536, -9.03555
27.1157, 22.5977, 22.5977, 20.3387, 18.0796, 18.0796, 18.0796, 20.3387, 20.3387, 20.3387, 20.3387, 20.3387, 18.0796, 20.3387, 22.5977, 9.04354, 13.5616, 11.3026, 6.78452, 0.007442, 4.52549, 4.52549, 6.78452, 6.78452, 9.04354, 11.3026, 11.3026, 11.3026, 9.04354, 11.3026, 11.3026, 2.26647, 2.26647, -4.51061, -4.51061, -4.51061, -6.76963, -2.25158, 0.007442, 4.52549, 9.04354, 11.3026, 11.3026, 9.04354, 13.5616, 13.5616, 13.5616, 2.26647, -4.51061, -18.0648, -20.3238, -15.8057, -15.8057, -15.8057, -11.2877, -2.25158, 6.78452, 6.78452, 9.04354, 9.04354, 11.3026, 13.5616, 13.5616, 2.26647, -11.2877, -20.3238, -20.3238, -22.5828, -13.5467, -11.2877, -9.02866, -2.25158, -2.25158, 0.007442, 0.007442, 4.52549, 4.52549, 11.3026, 9.04354, 0.007442, -9.02866, -20.3238, -20.3238, -9.02866, -4.51061, -2.25158, 2.26647, 2.26647, 2.26647, 2.26647, 0.007442, 4.52549, 11.3026, 2.26647, 6.78452, -2.25158, -9.02866, -11.2877, -4.51061, -9.02866, 0.007442, 4.52549, 2.26647, 2.26647, 2.26647, 0.007442, 2.26647, 0.007442, 6.78452, 0.007442, 0.007442, -6.76963, -4.51061, -6.76963, 0.007442, -2.25158, 2.26647, 2.26647, 0.007442, 0.007442, 2.26647, -2.25158, 0.007442, 2.26647, 2.26647, 0.007442, -4.51061, -11.2877, 0.007442, 2.26647, 2.26647, -2.25158, 2.26647, 4.52549, 4.52549, 4.52549, 4.52549, 2.26647, 2.26647, 4.52549, 6.78452, 0.007442, 0.007442, -11.2877, 2.26647, -2.25158, 0.007442, 4.52549, -2.25158, 6.78452, 0.007442, 6.78452, 9.04354, 0.007442, 2.26647, 4.52549, 4.52549, 4.52549, 2.26647, -9.02866, 4.52549, -2.25158, 4.52549, 2.26647, 4.52549, 6.78452, 11.3026, 6.78452, 4.52549, 2.26647, 2.26647, 4.52549, 4.52549, 2.26647, 4.52549, -4.51061, 4.52549, -2.25158, 0.007442, 4.52549, 6.78452, 13.5616, 2.26647, 2.26647, 2.26647, 0.007442, 2.26647, 4.52549, 2.26647, 2.26647, 2.26647, -4.51061, -2.25158, -4.51061, 0.007442, 6.78452, 6.78452, 9.04354, 6.78452, 4.52549, 0.007442, 2.26647, 2.26647, 2.26647, 4.52549, 2.26647, 2.26647, -4.51061, -2.25158, -9.02866, -6.76963, 6.78452, 9.04354, 9.04354, 6.78452, 0.007442, 2.26647, 0.007442, 0.007442, 2.26647, 0.007442, -2.25158, -4.51061, -13.5467, -6.76963, -18.0648, -9.02866, -6.76963, 0.007442, 4.52549, 2.26647, 0.007442, -2.25158, -2.25158, -4.51061, -4.51061, -9.02866, -13.5467, -13.5467, -20.3238, -2.25158, -6.76963, -6.76963, 2.26647, 4.52549, 4.52549, -2.25158, 2.26647, -2.25158, -2.25158, -4.51061, -4.51061, -9.02866, -13.5467, -13.5467, -13.5467
36.1312, 56.4624, 60.9805, 60.9805, 58.7214, 58.7214, 56.4624, 56.4624, 56.4624, 56.4624, 51.9444, 47.4263, 45.1673, 45.1673, 51.9444, 51.9444, 13.5409, -2.27223, 2.24582, 9.0229, 4.50485, -4.53125, -6.79028, -4.53125, -4.53125, -4.53125, -6.79028, -9.0493, -9.0493, -11.3083, -11.3083, 6.76387, 27.0951, 20.318, 20.318, 22.577, 18.059, 13.5409, 9.0229, 2.24582, -6.79028, -6.79028, -9.0493, -4.53125, -2.27223, -4.53125, -6.79028, 9.0229, 27.0951, 11.2819, -4.53125, -9.0493, -9.0493, -2.27223, -0.013202, 2.24582, 2.24582, 2.24582, -0.013202, 6.76387, 11.2819, -4.53125, -6.79028, 9.0229, 11.2819, -11.3083, -13.5673, -20.3444, -6.79028, 4.50485, 4.50485, 6.76387, 2.24582, -11.3083, -9.0493, -9.0493, 13.5409, 4.50485, -6.79028, 9.0229, 2.24582, -15.8264, -11.3083, -9.0493, 9.0229, 6.76387, 6.76387, 6.76387, 9.0229, 4.50485, 2.24582, 2.24582, 22.577, 18.059, 2.24582, 9.0229, -6.79028, -6.79028, 2.24582, -2.27223, 6.76387, 13.5409, 18.059, 4.50485, 13.5409, 9.0229, 6.76387, 4.50485, -0.013202, 20.318, 9.0229, 11.2819, -9.0493, -2.27223, -2.27223, -0.013202, 11.2819, 6.76387, 11.2819, 9.0229, 13.5409, 11.2819, 2.24582, 4.50485, -0.013202, -4.53125, 2.24582, 13.5409, 2.24582, 2.24582, 6.76387, 4.50485, 9.0229, 4.50485, 18.059, 11.2819, 9.0229, 15.8, 11.2819, 15.8, 9.0229, -2.27223, 6.76387, 24.8361, 2.24582, 4.50485, 9.0229, 9.0229, 15.8, 9.0229, 18.059, 11.2819, 13.5409, 18.059, 2.24582, 2.24582, 18.059, 15.8, 2.24582, 20.318, 4.50485, 15.8, 13.5409, 13.5409, 15.8, 27.0951, 33.8722, 20.318, 11.2819, 6.76387, 6.76387, 6.76387, 6.76387, -0.013202, 9.0229, 22.577, -0.013202, 4.50485, 4.50485, 9.0229, 13.5409, 15.8, 11.2819, -0.013202, 2.24582, -0.013202, 4.50485, 4.50485, -2.27223, -0.013202, -0.013202, 11.2819, 11.2819, -18.0854, 9.0229, 18.059, 31.6131, 20.318, 9.0229, 6.76387, 2.24582, -0.013202, -0.013202, -4.53125, 2.24582, 4.50485, -0.013202, 4.50485, 29.3541, 6.76387, -0.013202, 9.0229, 24.8361, 20.318, 11.2819, 4.50485, -2.27223, -2.27223, -0.013202, 2.24582, 4.50485, -6.79028, 6.76387, 20.318, 20.318, -0.013202, -18.0854, -6.79028, -11.3083, -11.3083, 6.76387, 9.0229, -2.27223, -9.0493, -9.0493, -13.5673, -13.5673, -0.013202, 15.8, 29.3541, 27.0951, 47.4263, 40.6492, 38.3902, 38.3902, 31.6131, 22.577, 11.2819, 11.2819, 11.2819, 9.0229, 6.76387, 15.8, 31.6131, 36.1312, 56.4624
106.154, 155.853, 167.148, 178.443, 187.479, 187.479, 176.184, 176.184, 185.22, 185.22, 176.184, 167.148, 162.63, 153.594, 162.63, 164.889, -2.27905, 29.3473, 38.3834, 36.1244, 36.1244, 33.8653, 27.0883, 6.75705, -2.27905, -2.27905, -0.020025, 2.239, 6.75705, 9.01607, 4.49802, 18.0522, 18.0522, 33.8653, 22.5702, 2.239, 15.7931, 29.3473, 29.3473, 18.0522, -2.27905, -15.8332, -9.05612, -4.53807, -2.27905, 2.239, -0.020025, 15.7931, -27.1283, -4.53807, -13.5742, -18.0922, -20.3512, -13.5742, -9.05612, -9.05612, -9.05612, -11.3151, -29.3873, -45.2005, -18.0922, -2.27905, -0.020025, 20.3112, -31.6464, -15.8332, -18.0922, -20.3512, -29.3873, -58.7547, -67.7908, -58.7547, -11.3151, 4.49802, -6.7971, -11.3151, -13.5742, -4.53807, 4.49802, 22.5702, -31.6464, -13.5742, -18.0922, -27.1283, -4.53807, 22.5702, 33.8653, -6.7971, -9.05612, -2.27905, 4.49802, -6.7971, -33.9054, -13.5742, 4.49802, 11.2751, -36.1644, -29.3873, -38.4234, -13.5742, 2.239, -6.7971, -4.53807, -2.27905, -4.53807, 2.239, -0.020025, -6.7971, -9.05612, -56.4956, 4.49802, 29.3473, -33.9054, -18.0922, -9.05612, -6.7971, -15.8332, -2.27905, 15.7931, 18.0522, 2.239, 6.75705, 13.5341, 11.2751, 18.0522, -0.020025, -38.4234, 22.5702, -22.6103, -18.0922, -2.27905, 15.7931, 15.7931, 4.49802, -0.020025, 9.01607, 9.01607, 11.2751, 11.2751, 15.7931, 18.0522, 9.01607, -22.6103, 4.49802, -0.020025, 11.2751, 9.01607, 11.2751, 13.5341, 20.3112, 18.0522, 22.5702, 4.49802, 9.01607, 24.8292, 22.5702, 49.6785, 49.6785, -0.020025, -9.05612, -4.53807, 4.49802, -4.53807, -9.05612, 20.3112, 51.9375, 49.6785, 45.1605, 42.9014, 15.7931, 6.75705, 11.2751, 9.01607, -2.27905, -4.53807, 15.7931, -0.020025, -0.020025, 2.239, 9.01607, 13.5341, 6.75705, 6.75705, 4.49802, 9.01607, 6.75705, 2.239, 6.75705, 13.5341, 13.5341, -9.05612, -6.7971, 47.4195, 70.0097, 33.8653, 11.2751, 31.6063, 24.8292, 4.49802, -15.8332, -13.5742, -11.3151, -6.7971, -6.7971, 13.5341, 22.5702, 45.1605, 42.9014, 31.6063, 63.2327, 38.3834, -11.3151, -54.2366, -13.5742, -2.27905, -4.53807, -9.05612, -11.3151, -4.53807, -9.05612, -0.020025, 45.1605, 70.0097, 88.0819, -15.8332, 31.6063, 42.9014, 36.1244, 40.6424, 29.3473, -33.9054, -27.1283, -6.7971, -2.27905, -13.5742, -15.8332, -6.7971, 20.3112, 20.3112, 31.6063, -13.5742, 18.0522, 54.1966, 47.4195, 33.8653, 45.1605, 40.6424, -0.020025, -2.27905, 4.49802, -2.27905, -13.5742, -2.27905, 2.239, -2.27905, 31.6063
2.2479, 18.0611, 24.8381, 27.0972, 27.0972, 24.8381, 24.8381, 24.8381, 24.8381, 24.8381, 24.8381, 22.5791, 20.3201, 18.0611, 18.0611, 22.5791, -6.7882, 11.284, 6.76595, 6.76595, 4.50693, 4.50693, 4.50693, -0.011122, -9.04722, -9.04722, -9.04722, -9.04722, -6.7882, -6.7882, -9.04722, 6.76595, -11.3062, 6.76595, -0.011122, -6.7882, -2.27015, -2.27015, -2.27015, -4.52917, -9.04722, -13.5653, -15.8243, -15.8243, -9.04722, -6.7882, -6.7882, 6.76595, -29.3784, -11.3062, -18.0833, -20.3423, -20.3423, -24.8604, -33.8965, -27.1194, -24.8604, -24.8604, -27.1194, -27.1194, -22.6014, -9.04722, -6.7882, 9.02498, -38.4145, -20.3423, -22.6014, -24.8604, -29.3784, -18.0833, -18.0833, -24.8604, -18.0833, -9.04722, -6.7882, -9.04722, -20.3423, -11.3062, -2.27015, 6.76595, -38.4145, -22.6014, -24.8604, -27.1194, -15.8243, -11.3062, -4.52917, -4.52917, -9.04722, -0.011122, 2.2479, -6.7882, -20.3423, -24.8604, -4.52917, 11.284, -38.4145, -29.3784, -24.8604, -15.8243, -11.3062, -6.7882, 2.2479, 4.50693, -2.27015, -0.011122, 4.50693, -2.27015, -4.52917, -27.1194, -20.3423, 13.543, -36.1555, -18.0833, -9.04722, -0.011122, 2.2479, -2.27015, -0.011122, 2.2479, 2.2479, 4.50693, 6.76595, 4.50693, 4.50693, -11.3062, -27.1194, 9.02498, -18.0833, -2.27015, -0.011122, 6.76595, 6.76595, 2.2479, -4.52917, 2.2479, -0.011122, -0.011122, 2.2479, 11.284, 15.8021, 13.543, -13.5653, -9.04722, -6.7882, 2.2479, 2.2479, 2.2479, 6.76595, 20.3201, 20.3201, 11.284, 6.76595, 2.2479, 6.76595, 6.76595, 4.50693, -2.27015, -9.04722, -4.52917, -11.3062, -4.52917, -6.7882, -4.52917, -0.011122, 4.50693, 2.2479, 4.50693, 6.76595, 2.2479, -0.011122, -0.011122, -2.27015, -2.27015, -6.7882, -6.7882, -4.52917, 9.02498, 2.2479, -0.011122, -0.011122, -0.011122, -0.011122, -2.27015, -2.27015, -4.52917, -9.04722, -6.7882, 2.2479, 6.76595, 2.2479, -4.52917, 6.76595, 24.8381, 15.8021, -4.52917, -6.7882, -0.011122, -2.27015, -9.04722, -11.3062, -13.5653, -9.04722, -9.04722, -2.27015, 13.543, 27.0972, 33.8742, -9.04722, 18.0611, 15.8021, 4.50693, -13.5653, -22.6014, -15.8243, -11.3062, -11.3062, -15.8243, -18.0833, -20.3423, -6.7882, 18.0611, 27.0972, 31.6152, -27.1194, 4.50693, 15.8021, 18.0611, 4.50693, -0.011122, -2.27015, -6.7882, -9.04722, -9.04722, -13.5653, -15.8243, -13.5653, -4.52917, -4.52917, 13.543, -49.7097, -58.7458, -36.1555, -24.8604, -27.1194, -24.8604, -24.8604, -22.6014, -22.6014, -24.8604, -22.6014, -27.1194, -54.2277, -70.0409, -76.818, -40.6736
-31.6515, -0.025172, -2.2842, 2.23385, 9.01093, 9.01093, 6.7519, 2.23385, 4.49288, 6.7519, 6.7519, 4.49288, 4.49288, 2.23385, -2.2842, 24.8241, -67.7959, -24.8744, -22.6154, -20.3564, -11.3203, -11.3203, -13.5793, -18.0974, -22.6154, -22.6154, -20.3564, -20.3564, -18.0974, -18.0974, -24.8744, 13.529, -76.832, -24.8744, -24.8744, -27.1335, -18.0974, -18.0974, -18.0974, -20.3564, -18.0974, -20.3564, -20.3564, -18.0974, -22.6154, -20.3564, -24.8744, 15.788, -97.1632, -22.6154, -22.6154, -24.8744, -27.1335, -15.8383, -15.8383, -22.6154, -15.8383, -13.5793, -13.5793, -15.8383, -33.9105, -27.1335, -22.6154, 18.047, -90.3862, -15.8383, -18.0974, -11.3203, -9.06127, -6.80225, -4.54322, -15.8383, -15.8383, 2.23385, -2.2842, -11.3203, -31.6515, -29.3925, -15.8383, 18.047, -79.091, -13.5793, -4.54322, -0.025172, 2.23385, -4.54322, 4.49288, -9.06127, -18.0974, 4.49288, 6.7519, -11.3203, -20.3564, -45.2057, -13.5793, 20.3061, -61.0188, -9.06127, -2.2842, 2.23385, 2.23385, -13.5793, -0.025172, -6.80225, -22.6154, -0.025172, 9.01093, -11.3203, -4.54322, -40.6876, -22.6154, 27.0831, -47.4647, -0.025172, -9.06127, -6.80225, -2.2842, -11.3203, -11.3203, -0.025172, -9.06127, -4.54322, 11.27, -4.54322, 2.23385, -13.5793, -49.7237, 24.8241, -38.4286, 2.23385, -13.5793, -0.025172, -0.025172, -9.06127, -13.5793, -2.2842, -9.06127, -11.3203, 2.23385, -6.80225, -2.2842, -9.06127, -15.8383, 9.01093, -38.4286, -4.54322, -9.06127, -4.54322, -4.54322, -4.54322, -13.5793, -2.2842, -11.3203, -9.06127, -9.06127, -13.5793, -4.54322, -2.2842, -4.54322, -6.80225, -38.4286, -9.06127, -6.80225, -15.8383, -20.3564, -4.54322, -15.8383, -2.2842, -0.025172, -6.80225, -13.5793, -15.8383, -6.80225, -0.025172, -4.54322, 2.23385, -38.4286, -4.54322, -13.5793, -18.0974, -27.1335, -20.3564, -20.3564, -11.3203, -4.54322, -9.06127, -18.0974, -15.8383, -0.025172, 4.49288, -2.2842, 2.23385, -36.1696, 18.047, 2.23385, -29.3925, -27.1335, -11.3203, -13.5793, -6.80225, -6.80225, -13.5793, -18.0974, -22.6154, -6.80225, 2.23385, -4.54322, 13.529, -51.9827, 24.8241, 22.5651, -13.5793, -38.4286, -24.8744, -15.8383, -4.54322, -2.2842, -15.8383, -18.0974, -18.0974, -22.6154, -15.8383, -11.3203, 31.6012, -76.832, 15.788, 24.8241, 9.01093, -13.5793, -11.3203, -18.0974, -11.3203, -4.54322, -11.3203, -4.54322, -4.54322, -27.1335, -27.1335, -24.8744, 27.0831, -65.5369, 4.49288, 22.5651, 13.529, -9.06127, 2.23385, -2.2842, -0.025172, -6.80225, -2.2842, 2.23385, 2.23385, -20.3564, -29.3925, -24.8744, 18.047
67.7794, 54.2252, 58.7433, 61.0023, 63.2613, 56.4842, 54.2252, 61.0023, 61.0023, 56.4842, 51.9662, 51.9662, 49.7072, 49.7072, 51.9662, 45.1891, 38.412, 33.894, 42.9301, 42.9301, 33.894, 27.1169, 31.635, 29.3759, 24.8579, 20.3398, 18.0808, 20.3398, 18.0808, 22.5989, 29.3759, 15.8218, 67.7794, 51.9662, 47.4481, 31.635, 20.3398, 29.3759, 29.3759, 22.5989, 20.3398, 15.8218, 18.0808, 18.0808, 22.5989, 24.8579, 29.3759, 15.8218, 61.0023, 20.3398, 9.04471, 9.04471, 13.5628, 13.5628, 9.04471, 11.3037, 9.04471, 13.5628, 15.8218, 6.78569, 11.3037, 24.8579, 24.8579, 9.04471, 38.412, 6.78569, 9.04471, 13.5628, 15.8218, 2.26764, -13.5455, -6.76846, -4.50944, 0.008612, -2.25041, 6.78569, 31.635, 27.1169, 24.8579, 11.3037, 38.412, 11.3037, 18.0808, 13.5628, -4.50944, 11.3037, 2.26764, 11.3037, 18.0808, 4.52666, 11.3037, 22.5989, 27.1169, 24.8579, 20.3398, 11.3037, 33.894, 15.8218, 15.8218, -13.5455, 6.78569, 18.0808, -4.50944, 13.5628, 11.3037, 9.04471, 6.78569, 6.78569, 20.3398, 13.5628, 11.3037, 2.26764, 36.153, 9.04471, 6.78569, 2.26764, 4.52666, 6.78569, 18.0808, 18.0808, 13.5628, 6.78569, 6.78569, 18.0808, 6.78569, 15.8218, 20.3398, 2.26764, 27.1169, 0.008612, 9.04471, 13.5628, 4.52666, 29.3759, 22.5989, 9.04471, 22.5989, 13.5628, 11.3037, 15.8218, 6.78569, 31.635, 24.8579, 4.52666, 13.5628, 15.8218, 15.8218, 18.0808, 22.5989, 29.3759, 29.3759, 22.5989, 20.3398, 6.78569, 6.78569, 24.8579, 31.635, 29.3759, 13.5628, 6.78569, 20.3398, 18.0808, 13.5628, 4.52666, 15.8218, 31.635, 36.153, 15.8218, 13.5628, 15.8218, 22.5989, 29.3759, 20.3398, 4.52666, 18.0808, 13.5628, 20.3398, 6.78569, 2.26764, 24.8579, 31.635, 24.8579, 15.8218, 13.5628, 6.78569, 15.8218, 18.0808, 15.8218, 15.8218, 11.3037, 11.3037, 2.26764, 27.1169, 20.3398, 20.3398, 22.5989, 20.3398, 29.3759, 27.1169, 11.3037, 4.52666, 9.04471, 9.04471, 20.3398, 15.8218, 2.26764, 9.04471, 6.78569, 51.9662, 27.1169, 18.0808, 13.5628, 9.04471, 6.78569, -2.25041, 0.008612, 2.26764, 15.8218, 20.3398, 18.0808, 2.26764, 27.1169, 49.7072, 45.1891, 40.6711, 6.78569, 2.26764, 9.04471, 15.8218, 11.3037, -2.25041, -6.76846, 0.008612, 13.5628, 2.26764, -2.25041, 40.6711, 45.1891, 45.1891, 24.8579, 40.6711, 2.26764, 0.008612, 13.5628, 27.1169, 2.26764, 0.008612, 0.008612, 6.78569, 9.04471, 2.26764, 13.5628, 42.9301, 31.635, 18.0808, -2.25041
11.2923, -4.52083, -6.77986, -11.2979, -13.5569, -11.2979, -9.03888, -9.03888, -9.03888, -9.03888, -9.03888, -9.03888, -9.03888, -6.77986, -4.52083, -15.816, 6.77429, -2.26181, -4.52083, -4.52083, -6.77986, -6.77986, -6.77986, -2.26181, -0.002782, 2.25624, 2.25624, -0.002782, -0.002782, -2.26181, -0.002782, -6.77986, 9.03332, -4.52083, -2.26181, 2.25624, 4.51527, -0.002782, -2.26181, -2.26181, -0.002782, 2.25624, 4.51527, 6.77429, 4.51527, -0.002782, -2.26181, -6.77986, 9.03332, -0.002782, -0.002782, 2.25624, 2.25624, 9.03332, 11.2923, 9.03332, 6.77429, 4.51527, 6.77429, 13.5514, 13.5514, 2.25624, -0.002782, -9.03888, 9.03332, -2.26181, -2.26181, -2.26181, -0.002782, 4.51527, 11.2923, 11.2923, 9.03332, -0.002782, 4.51527, 6.77429, 13.5514, 6.77429, -0.002782, -6.77986, 6.77429, -0.002782, -2.26181, -2.26181, 9.03332, 6.77429, -0.002782, 9.03332, 9.03332, -0.002782, -0.002782, 2.25624, 15.8104, 20.3284, -0.002782, -6.77986, 4.51527, -0.002782, 4.51527, 4.51527, 6.77429, 6.77429, 4.51527, 2.25624, 4.51527, -0.002782, -0.002782, -0.002782, 9.03332, 22.5875, 18.0694, -9.03888, 2.25624, 4.51527, 4.51527, 4.51527, 2.25624, 4.51527, 4.51527, -4.52083, 4.51527, -0.002782, -2.26181, -2.26181, -0.002782, 11.2923, 18.0694, -0.002782, 2.25624, 4.51527, 4.51527, -2.26181, -0.002782, 2.25624, 2.25624, 4.51527, 2.25624, 2.25624, -0.002782, -0.002782, -2.26181, -4.52083, 13.5514, 6.77429, 4.51527, -0.002782, -0.002782, 4.51527, 2.25624, -2.26181, -2.26181, -2.26181, -2.26181, -0.002782, -0.002782, -0.002782, -0.002782, -4.52083, 4.51527, 4.51527, 4.51527, 2.25624, 2.25624, 6.77429, 4.51527, 4.51527, -2.26181, -2.26181, -2.26181, -0.002782, -0.002782, -2.26181, -2.26181, 2.25624, 4.51527, -0.002782, -0.002782, 4.51527, 6.77429, 4.51527, -0.002782, -0.002782, 2.25624, 2.25624, -0.002782, -0.002782, 2.25624, 2.25624, -2.26181, -4.52083, 4.51527, 2.25624, 2.25624, -11.2979, 4.51527, 13.5514, 13.5514, 4.51527, -0.002782, 2.25624, 4.51527, 2.25624, 2.25624, 2.25624, 2.25624, -2.26181, -6.77986, -9.03888, 9.03332, -13.5569, -6.77986, 9.03332, 18.0694, 15.8104, 13.5514, 6.77429, 4.51527, 6.77429, 4.51527, 4.51527, 6.77429, -0.002782, -6.77986, -20.334, 6.77429, -4.52083, -13.5569, -2.26181, -4.52083, 9.03332, 11.2923, 9.03332, 4.51527, -0.002782, -0.002782, 6.77429, 6.77429, -0.002782, -6.77986, -13.5569, 18.0694, 20.3284, 15.8104, 6.77429, 11.2923, 11.2923, 4.51527, 9.03332, 9.03332, 4.51527, 4.51527, 9.03332, 9.03332, 13.5514, 18.0694, 20.3284