0, 0, 0, 0, 0, 0, 0, 0, 2.54208, 0, 0, 0, 0, 0, 0, 2.54208, 2.54208, 10.188, 10.188, 10.188, 10.188, 10.188, 12.7366, 28.0285, 33.1258, 28.0285, 17.8339, 15.2853, 12.7366, 10.188, 10.188, 28.0285, 5.09072, 12.7366, 12.7366, 12.7366, 12.7366, 12.7366, 15.2853, 25.4798, 28.0285, 15.2853, 15.2853, 20.3826, 15.2853, 12.7366, 12.7366, 28.0285, 5.09072, 12.7366, 12.7366, 15.2853, 15.2853, 15.2853, 12.7366, 20.3826, 17.8339, 5.09072, 12.7366, 20.3826, 20.3826, 12.7366, 12.7366, 30.5771, 5.09072, 15.2853, 17.8339, 25.4798, 28.0285, 20.3826, 15.2853, 12.7366, 12.7366, 0, 5.09072, 15.2853, 22.9312, 25.4798, 25.4798, 38.223, 10.188, 22.9312, 25.4798, 30.5771, 28.0285, 17.8339, 30.5771, 30.5771, 33.1258, 25.4798, 0, 7.63936, 22.9312, 33.1258, 30.5771, 33.1258, 17.8339, 25.4798, 22.9312, 17.8339, 12.7366, 12.7366, 33.1258, 33.1258, 30.5771, 30.5771, 10.188, 2.54208, 17.8339, 30.5771, 28.0285, 25.4798, 12.7366, 20.3826, 22.9312, 17.8339, 22.9312, 20.3826, 20.3826, 28.0285, 28.0285, 25.4798, 20.3826, 5.09072, 5.09072, 15.2853, 17.8339, 17.8339, 5.09072, 17.8339, 30.5771, 22.9312, 22.9312, 15.2853, 10.188, 7.63936, 12.7366, 17.8339, 20.3826, 12.7366, 0, 0, 0, 7.63936, 5.09072, 17.8339, 25.4798, 12.7366, 7.63936, 7.63936, 15.2853, 2.54208, 0, 2.54208, 7.63936, 10.188, 0, 0, 0, 7.63936, 5.09072, 10.188, 7.63936, 0, 0, 2.54208, 7.63936, 5.09072, 0, 0, 0, 0, 0, 0, 0, 10.188, 2.54208, 5.09072, 0, 0, 0, 0, 0, 0, 0, 0, 0, 0, 0, 0, 0, 7.63936, 5.09072, 7.63936, 5.09072, 0, 0, 0, 0, 0, 0, 0, 0, 0, 0, 0, 2.54208, 7.63936, 0, 2.54208, 0, 2.54208, 2.54208, 2.54208, 2.54208, 5.09072, 5.09072, 5.09072, 2.54208, 2.54208, 2.54208, 2.54208, 2.54208, 10.188, 2.54208, 7.63936, 7.63936, 5.09072, 2.54208, 2.54208, 2.54208, 2.54208, 2.54208, 2.54208, 2.54208, 2.54208, 2.54208, 2.54208, 2.54208, 10.188, 12.7366, 20.3826, 20.3826, 17.8339, 17.8339, 17.8339, 17.8339, 17.8339, 17.8339, 17.8339, 17.8339, 17.8339, 17.8339, 17.8339, 15.2853, 17.8339
0, 0, 0, 0, 0, 0, 0, 0, 5.09022, 0, 0, 0, 0, 0, 0, 84.098, 0, 0, 0, 0, 0, 0, 0, 0, 0, 0, 0, 0, 0, 0, 0, 0, 0, 0, 0, 0, 0, 0, 0, 0, 12.7361, 0, 0, 0, 0, 0, 0, 0, 0, 0, 0, 0, 0, 0, 0, 0, 56.063, 25.4793, 0, 0, 0, 0, 0, 0, 0, 0, 0, 0, 0, 0, 0, 0, 66.2576, 86.6467, 2.54158, 0, 0, 0, 0, 0, 0, 0, 0, 0, 0, 0, 0, 0, 0, 86.6467, 66.2576, 0, 0, 0, 0, 0, 0, 0, 0, 0, 20.3821, 43.3198, 0, 0, 0, 0, 56.063, 35.6739, 0, 0, 0, 0, 0, 0, 5.09022, 0, 0, 17.8334, 7.63886, 0, 0, 0, 43.3198, 66.2576, 12.7361, 0, 0, 17.8334, 2.54158, 2.54158, 0, 0, 0, 0, 15.2848, 7.63886, 0, 0, 0, 22.9307, 28.028, 0, 0, 15.2848, 0, 12.7361, 0, 0, 5.09022, 0, 0, 2.54158, 0, 0, 0, 0, 0, 2.54158, 0, 0, 0, 0, 0, 0, 2.54158, 7.63886, 0, 0, 0, 0, 2.54158, 2.54158, 0, 0, 2.54158, 0, 0, 0, 5.09022, 2.54158, 0, 0, 0, 0, 0, 0, 0, 0, 0, 0, 0, 0, 0, 0, 0, 0, 0, 0, 0, 0, 0, 0, 0, 0, 0, 0, 0, 0, 0, 0, 0, 0, 0, 0, 0, 0, 0, 0, 0, 0, 0, 0, 0, 0, 0, 0, 0, 0, 0, 0, 0, 0, 0, 0, 0, 0, 0, 0, 0, 0, 0, 0, 0, 0, 0, 0, 0, 0, 0, 0, 0, 0, 0, 0, 0, 0
0, 0, 0, 0, 0, 0, 0, 0, 0, 0, 0, 0, 0, 0, 0, 0, 0, 0, 0, 0, 0, 0, 0, 5.08859, 22.9291, 12.7345, 0, 0, 0, 0, 0, 10.1859, 0, 0, 0, 0, 0, 0, 0, 7.63723, 17.8318, 12.7345, 5.08859, 0, 0, 0, 0, 10.1859, 0, 0, 0, 0, 0, 0, 0, 0, 5.08859, 5.08859, 5.08859, 2.53995, 0, 0, 0, 15.2831, 0, 0, 0, 10.1859, 22.9291, 12.7345, 0, 0, 0, 0, 5.08859, 5.08859, 7.63723, 7.63723, 10.1859, 38.2209, 0, 2.53995, 22.9291, 38.2209, 38.2209, 10.1859, 22.9291, 22.9291, 17.8318, 10.1859, 0, 7.63723, 20.3804, 28.0263, 28.0263, 38.2209, 0, 20.3804, 17.8318, 20.3804, 0, 10.1859, 38.2209, 35.6723, 22.9291, 12.7345, 0, 7.63723, 20.3804, 25.4777, 25.4777, 33.1236, 2.53995, 12.7345, 15.2831, 7.63723, 17.8318, 7.63723, 0, 10.1859, 5.08859, 0, 0, 0, 7.63723, 12.7345, 12.7345, 17.8318, 0, 15.2831, 35.6723, 20.3804, 22.9291, 0, 10.1859, 7.63723, 7.63723, 12.7345, 17.8318, 17.8318, 5.08859, 0, 0, 0, 0, 10.1859, 15.2831, 5.08859, 0, 7.63723, 15.2831, 5.08859, 5.08859, 12.7345, 20.3804, 17.8318, 0, 0, 0, 5.08859, 0, 0, 0, 0, 5.08859, 12.7345, 15.2831, 7.63723, 2.53995, 0, 0, 0, 0, 0, 0, 5.08859, 0, 7.63723, 7.63723, 0, 0, 0, 0, 0, 0, 0, 0, 0, 0, 0, 0, 2.53995, 0, 5.08859, 0, 0, 0, 0, 0, 0, 0, 0, 0, 0, 0, 0, 0, 2.53995, 0, 0, 0, 0, 0, 0, 0, 0, 0, 0, 0, 0, 0, 0, 0, 2.53995, 0, 0, 0, 0, 0, 0, 0, 0, 0, 0, 0, 0, 0, 0, 0, 2.53995, 20.3804, 33.1236, 30.575, 28.0263, 25.4777, 25.4777, 25.4777, 25.4777, 25.4777, 25.4777, 25.4777, 25.4777, 25.4777, 20.3804, 22.9291, 28.0263
137.622, 5.09317, 5.09317, 5.09317, 5.09317, 5.09317, 5.09317, 10.1904, 25.4823, 5.09317, 20.385, 10.1904, 5.09317, 5.09317, 5.09317, 231.922, 155.463, 0, 0, 0, 0, 0, 0, 53.5173, 22.9336, 0, 28.0309, 20.385, 0, 0, 0, 277.798, 155.463, 0, 0, 0, 0, 0, 0, 71.3578, 0, 0, 0, 15.2877, 7.64181, 0, 0, 277.798, 155.463, 0, 0, 0, 0, 0, 0, 63.7119, 22.9336, 0, 0, 10.1904, 17.8364, 0, 0, 277.798, 155.463, 0, 0, 25.4823, 7.64181, 5.09317, 12.7391, 33.1282, 25.4823, 0, 0, 0, 20.385, 20.385, 0, 254.86, 150.366, 12.7391, 0, 30.5796, 0, 7.64181, 30.5796, 10.1904, 33.1282, 17.8364, 0, 0, 2.54453, 22.9336, 0, 196.241, 140.171, 20.385, 61.1632, 0, 33.1282, 0, 25.4823, 2.54453, 15.2877, 28.0309, 0, 0, 0, 20.385, 7.64181, 119.782, 101.941, 76.4551, 109.587, 0, 61.1632, 0, 40.7741, 0, 5.09317, 22.9336, 15.2877, 7.64181, 0, 12.7391, 43.3228, 48.42, 50.9687, 101.941, 81.5523, 0, 35.6768, 15.2877, 63.7119, 0, 12.7391, 0, 20.385, 22.9336, 0, 12.7391, 43.3228, 66.2605, 66.2605, 66.2605, 0, 7.64181, 7.64181, 28.0309, 53.5173, 0, 15.2877, 0, 10.1904, 10.1904, 2.54453, 5.09317, 15.2877, 99.3928, 73.9064, 7.64181, 5.09317, 0, 22.9336, 5.09317, 17.8364, 15.2877, 5.09317, 2.54453, 12.7391, 5.09317, 7.64181, 2.54453, 2.54453, 99.3928, 71.3578, 7.64181, 7.64181, 0, 22.9336, 0, 0, 15.2877, 7.64181, 5.09317, 7.64181, 2.54453, 2.54453, 0, 5.09317, 91.7469, 63.7119, 5.09317, 5.09317, 0, 7.64181, 2.54453, 2.54453, 5.09317, 0, 2.54453, 2.54453, 0, 0, 2.54453, 2.54453, 94.2955, 63.7119, 2.54453, 7.64181, 0, 0, 2.54453, 2.54453, 2.54453, 0, 0, 0, 0, 0, 2.54453, 0, 94.2955, 71.3578, 2.54453, 0, 0, 0, 0, 0, 2.54453, 0, 2.54453, 0, 0, 2.54453, 0, 2.54453, 89.1983, 61.1632, 0, 0, 0, 0, 0, 0, 0, 0, 0, 0, 0, 2.54453, 0, 2.54453, 79.0037
145.266, 22.9314, 22.9314, 22.9314, 22.9314, 22.9314, 22.9314, 22.9314, 10.1882, 2.54226, 45.8691, 28.0287, 22.9314, 22.9314, 22.9314, 28.0287, 91.7446, 0, 0, 0, 0, 0, 0, 0, 0, 7.63954, 12.7368, 0, 0, 0, 0, 0, 94.2933, 0, 0, 0, 0, 0, 0, 0, 0, 10.1882, 15.2855, 2.54226, 0, 0, 0, 0, 91.7446, 0, 0, 0, 0, 0, 0, 0, 0, 7.63954, 17.8341, 12.7368, 2.54226, 0, 0, 0, 91.7446, 0, 0, 0, 0, 0, 0, 0, 0, 0, 15.2855, 17.8341, 7.63954, 0, 0, 0, 91.7446, 0, 0, 0, 10.1882, 22.9314, 7.63954, 0, 0, 0, 0, 17.8341, 5.0909, 0, 0, 0, 79.0014, 0, 0, 10.1882, 35.6746, 7.63954, 0, 0, 0, 0, 0, 0, 0, 0, 0, 0, 22.9314, 30.5773, 0, 10.1882, 0, 38.2232, 33.1259, 0, 2.54226, 0, 0, 0, 0, 0, 2.54226, 0, 45.8691, 28.0287, 0, 0, 5.0909, 56.0637, 0, 0, 0, 0, 0, 0, 0, 2.54226, 0, 0, 45.8691, 0, 0, 0, 28.0287, 25.48, 0, 2.54226, 0, 0, 0, 7.63954, 10.1882, 7.63954, 12.7368, 0, 40.7718, 0, 0, 5.0909, 10.1882, 0, 5.0909, 7.63954, 0, 0, 0, 7.63954, 0, 10.1882, 12.7368, 0, 38.2232, 0, 0, 2.54226, 0, 2.54226, 7.63954, 2.54226, 7.63954, 0, 2.54226, 2.54226, 2.54226, 7.63954, 7.63954, 0, 25.48, 0, 2.54226, 2.54226, 5.0909, 5.0909, 5.0909, 2.54226, 0, 0, 0, 0, 2.54226, 2.54226, 0, 0, 40.7718, 0, 0, 0, 0, 0, 0, 0, 0, 0, 0, 0, 0, 0, 0, 0, 48.4178, 0, 0, 0, 0, 0, 0, 0, 0, 0, 0, 0, 0, 0, 0, 0, 38.2232, 0, 0, 0, 0, 0, 0, 0, 0, 0, 0, 0, 0, 0, 0, 0
10.1904, 2.54451, 2.54451, 2.54451, 2.54451, 2.54451, 2.54451, 0, 38.2255, 22.9336, 0, 2.54451, 2.54451, 2.54451, 2.54451, 79.0037, 2.54451, 5.09314, 5.09314, 5.09314, 5.09314, 5.09314, 5.09314, 30.5795, 48.42, 2.54451, 10.1904, 2.54451, 5.09314, 5.09314, 5.09314, 43.3227, 2.54451, 5.09314, 5.09314, 5.09314, 5.09314, 5.09314, 5.09314, 33.1282, 20.385, 10.1904, 5.09314, 2.54451, 5.09314, 5.09314, 5.09314, 43.3227, 2.54451, 5.09314, 5.09314, 5.09314, 15.2877, 7.64178, 12.7391, 25.4823, 10.1904, 10.1904, 0, 5.09314, 0, 5.09314, 5.09314, 48.42, 2.54451, 5.09314, 5.09314, 25.4823, 50.9686, 7.64178, 5.09314, 17.8363, 0, 17.8363, 20.385, 2.54451, 2.54451, 0, 17.8363, 58.6146, 2.54451, 15.2877, 48.42, 68.8091, 35.6768, 0, 10.1904, 20.385, 12.7391, 17.8363, 28.0309, 5.09314, 10.1904, 10.1904, 20.385, 28.0309, 53.5173, 33.1282, 43.3227, 22.9336, 15.2877, 43.3227, 28.0309, 7.64178, 22.9336, 0, 0, 15.2877, 5.09314, 22.9336, 5.09314, 38.2255, 38.2255, 10.1904, 63.7118, 7.64178, 43.3227, 38.2255, 28.0309, 22.9336, 0, 17.8363, 7.64178, 17.8363, 17.8363, 17.8363, 20.385, 28.0309, 0, 66.2605, 38.2255, 25.4823, 30.5795, 28.0309, 48.42, 5.09314, 17.8363, 17.8363, 22.9336, 20.385, 7.64178, 7.64178, 15.2877, 5.09314, 2.54451, 40.7741, 0, 20.385, 0, 30.5795, 17.8363, 7.64178, 17.8363, 5.09314, 22.9336, 2.54451, 2.54451, 2.54451, 0, 20.385, 12.7391, 10.1904, 33.1282, 20.385, 15.2877, 17.8363, 15.2877, 12.7391, 2.54451, 10.1904, 12.7391, 7.64178, 5.09314, 0, 5.09314, 12.7391, 12.7391, 28.0309, 30.5795, 10.1904, 12.7391, 2.54451, 2.54451, 10.1904, 2.54451, 0, 0, 5.09314, 0, 0, 5.09314, 10.1904, 17.8363, 12.7391, 0, 2.54451, 0, 5.09314, 0, 0, 2.54451, 2.54451, 2.54451, 2.54451, 0, 0, 2.54451, 17.8363, 0, 0, 12.7391, 0, 5.09314, 2.54451, 2.54451, 2.54451, 2.54451, 5.09314, 5.09314, 7.64178, 2.54451, 5.09314, 2.54451, 15.2877, 5.09314, 10.1904, 10.1904, 5.09314, 7.64178, 0, 5.09314, 5.09314, 2.54451, 2.54451, 5.09314, 0, 7.64178, 5.09314, 2.54451, 12.7391, 33.1282, 10.1904, 5.09314, 5.09314, 7.64178, 7.64178, 5.09314, 5.09314, 7.64178, 7.64178, 5.09314, 7.64178, 7.64178, 2.54451, 5.09314, 25.4823
78.9952, 53.5088, 53.5088, 53.5088, 53.5088, 53.5088, 53.5088, 45.8629, 28.0224, 53.5088, 56.0575, 53.5088, 53.5088, 53.5088, 53.5088, 7.63332, 63.7034, 22.9252, 22.9252, 22.9252, 22.9252, 22.9252, 22.9252, 7.63332, 0, 12.7306, 28.0224, 22.9252, 22.9252, 22.9252, 22.9252, 0, 63.7034, 22.9252, 22.9252, 22.9252, 22.9252, 22.9252, 22.9252, 0, 0, 5.08468, 25.4738, 25.4738, 22.9252, 22.9252, 22.9252, 0, 63.7034, 22.9252, 22.9252, 22.9252, 20.3765, 22.9252, 20.3765, 5.08468, 0, 5.08468, 17.8279, 25.4738, 25.4738, 22.9252, 22.9252, 0, 63.7034, 20.3765, 20.3765, 10.182, 10.182, 22.9252, 20.3765, 17.8279, 0, 5.08468, 7.63332, 22.9252, 22.9252, 12.7306, 7.63332, 0, 63.7034, 12.7306, 0, 0, 5.08468, 25.4738, 15.2792, 7.63332, 0, 0, 5.08468, 7.63332, 12.7306, 5.08468, 0, 0, 45.8629, 0, 0, 2.53604, 2.53604, 12.7306, 10.182, 2.53604, 5.08468, 0, 0, 5.08468, 0, 0, 0, 0, 38.217, 7.63332, 0, 15.2792, 2.53604, 10.182, 7.63332, 0, 0, 0, 0, 2.53604, 2.53604, 0, 0, 0, 30.5711, 5.08468, 0, 0, 10.182, 20.3765, 7.63332, 2.53604, 0, 0, 0, 0, 0, 7.63332, 10.182, 0, 25.4738, 0, 0, 0, 5.08468, 7.63332, 0, 2.53604, 2.53604, 0, 0, 2.53604, 5.08468, 12.7306, 17.8279, 0, 25.4738, 0, 0, 0, 2.53604, 0, 5.08468, 10.182, 12.7306, 10.182, 5.08468, 10.182, 12.7306, 15.2792, 17.8279, 0, 22.9252, 0, 0, 7.63332, 10.182, 12.7306, 12.7306, 15.2792, 15.2792, 15.2792, 12.7306, 12.7306, 15.2792, 17.8279, 17.8279, 2.53604, 20.3765, 10.182, 10.182, 12.7306, 15.2792, 17.8279, 17.8279, 17.8279, 17.8279, 15.2792, 12.7306, 15.2792, 15.2792, 15.2792, 15.2792, 0, 28.0224, 10.182, 12.7306, 12.7306, 12.7306, 15.2792, 15.2792, 12.7306, 12.7306, 12.7306, 10.182, 10.182, 12.7306, 12.7306, 15.2792, 0, 28.0224, 7.63332, 7.63332, 10.182, 12.7306, 12.7306, 12.7306, 12.7306, 12.7306, 10.182, 10.182, 10.182, 10.182, 15.2792, 15.2792, 0, 7.63332, 0, 0, 0, 0, 0, 0, 0, 0, 0, 0, 0, 0, 2.53604, 2.53604, 0
5.09047, 7.6391, 7.6391, 7.6391, 7.6391, 7.6391, 7.6391, 7.6391, 5.09047, 7.6391, 7.6391, 7.6391, 7.6391, 7.6391, 7.6391, 5.09047, 38.2228, 50.966, 50.966, 50.966, 50.966, 50.966, 50.966, 48.4173, 56.0632, 56.0632, 53.5146, 50.966, 50.966, 50.966, 50.966, 43.32, 35.6741, 50.966, 50.966, 50.966, 50.966, 50.966, 50.966, 48.4173, 45.8687, 43.32, 48.4173, 48.4173, 50.966, 50.966, 50.966, 43.32, 38.2228, 50.966, 50.966, 50.966, 50.966, 50.966, 53.5146, 50.966, 43.32, 38.2228, 45.8687, 50.966, 48.4173, 50.966, 50.966, 43.32, 38.2228, 50.966, 50.966, 48.4173, 45.8687, 48.4173, 50.966, 48.4173, 35.6741, 30.5769, 40.7714, 50.966, 48.4173, 45.8687, 43.32, 35.6741, 35.6741, 45.8687, 43.32, 38.2228, 40.7714, 40.7714, 40.7714, 40.7714, 30.5769, 20.3823, 30.5769, 43.32, 45.8687, 40.7714, 35.6741, 33.1255, 33.1255, 45.8687, 45.8687, 40.7714, 28.0282, 30.5769, 38.2228, 40.7714, 40.7714, 33.1255, 17.8337, 33.1255, 40.7714, 38.2228, 25.4796, 17.8337, 35.6741, 43.32, 28.0282, 15.285, 15.285, 28.0282, 35.6741, 35.6741, 35.6741, 28.0282, 17.8337, 22.9309, 35.6741, 35.6741, 30.5769, 17.8337, 20.3823, 28.0282, 25.4796, 28.0282, 28.0282, 25.4796, 28.0282, 33.1255, 33.1255, 33.1255, 28.0282, 12.7364, 20.3823, 22.9309, 17.8337, 10.1877, 17.8337, 28.0282, 33.1255, 30.5769, 25.4796, 25.4796, 25.4796, 20.3823, 22.9309, 30.5769, 30.5769, 20.3823, 10.1877, 10.1877, 10.1877, 5.09047, 15.285, 25.4796, 28.0282, 20.3823, 15.285, 22.9309, 22.9309, 15.285, 10.1877, 12.7364, 12.7364, 10.1877, 5.09047, 7.6391, 10.1877, 10.1877, 12.7364, 20.3823, 20.3823, 15.285, 10.1877, 12.7364, 15.285, 12.7364, 10.1877, 7.6391, 5.09047, 5.09047, 5.09047, 5.09047, 7.6391, 7.6391, 12.7364, 17.8337, 12.7364, 10.1877, 7.6391, 5.09047, 5.09047, 5.09047, 7.6391, 7.6391, 7.6391, 7.6391, 5.09047, 5.09047, 7.6391, 7.6391, 12.7364, 15.285, 10.1877, 7.6391, 7.6391, 7.6391, 7.6391, 10.1877, 10.1877, 10.1877, 10.1877, 7.6391, 5.09047, 7.6391, 10.1877, 7.6391, 10.1877, 15.285, 12.7364, 10.1877, 10.1877, 7.6391, 10.1877, 10.1877, 12.7364, 10.1877, 10.1877, 10.1877, 7.6391, 7.6391, 10.1877, 7.6391, 5.09047, 10.1877, 7.6391, 5.09047, 2.54183, 2.54183, 0, 0, 0, 0, 0, 0, 0, 0, 2.54183, 5.09047
0, 0, 0, 0, 0, 0, 0, 2.53615, 2.53615, 0, 0, 0, 0, 0, 0, 30.5712, 5.08479, 17.828, 17.828, 17.828, 17.828, 17.828, 20.3766, 35.6685, 30.5712, 10.1821, 10.1821, 22.9253, 20.3766, 17.828, 17.828, 66.2521, 5.08479, 17.828, 17.828, 17.828, 17.828, 17.828, 22.9253, 40.7657, 30.5712, 0, 0, 22.9253, 25.4739, 20.3766, 20.3766, 66.2521, 5.08479, 17.828, 17.828, 20.3766, 20.3766, 20.3766, 25.4739, 45.863, 38.2171, 0, 0, 10.1821, 25.4739, 22.9253, 20.3766, 66.2521, 5.08479, 20.3766, 22.9253, 28.0225, 22.9253, 25.4739, 25.4739, 45.863, 45.863, 12.7307, 0, 0, 20.3766, 25.4739, 22.9253, 66.2521, 7.63343, 25.4739, 22.9253, 38.2171, 28.0225, 15.2793, 28.0225, 35.6685, 50.9603, 45.863, 2.53615, 0, 2.53615, 25.4739, 25.4739, 53.5089, 5.08479, 35.6685, 35.6685, 35.6685, 22.9253, 0, 22.9253, 22.9253, 33.1198, 38.2171, 15.2793, 0, 0, 10.1821, 15.2793, 35.6685, 0, 30.5712, 30.5712, 10.1821, 17.828, 15.2793, 2.53615, 2.53615, 0, 10.1821, 20.3766, 15.2793, 0, 0, 10.1821, 25.4739, 0, 15.2793, 30.5712, 15.2793, 15.2793, 5.08479, 10.1821, 2.53615, 0, 0, 20.3766, 22.9253, 7.63343, 0, 5.08479, 17.828, 0, 10.1821, 17.828, 7.63343, 5.08479, 0, 17.828, 10.1821, 5.08479, 7.63343, 10.1821, 20.3766, 12.7307, 2.53615, 0, 20.3766, 0, 10.1821, 7.63343, 5.08479, 10.1821, 7.63343, 12.7307, 12.7307, 10.1821, 10.1821, 10.1821, 5.08479, 7.63343, 5.08479, 0, 22.9253, 2.53615, 17.828, 20.3766, 5.08479, 12.7307, 12.7307, 5.08479, 7.63343, 10.1821, 12.7307, 10.1821, 5.08479, 7.63343, 5.08479, 5.08479, 20.3766, 5.08479, 17.828, 17.828, 5.08479, 7.63343, 7.63343, 7.63343, 10.1821, 7.63343, 10.1821, 12.7307, 10.1821, 7.63343, 7.63343, 7.63343, 22.9253, 2.53615, 7.63343, 5.08479, 5.08479, 7.63343, 7.63343, 7.63343, 10.1821, 10.1821, 10.1821, 12.7307, 12.7307, 10.1821, 10.1821, 10.1821, 22.9253, 0, 10.1821, 7.63343, 7.63343, 7.63343, 7.63343, 7.63343, 7.63343, 10.1821, 10.1821, 12.7307, 12.7307, 10.1821, 10.1821, 10.1821, 22.9253, 7.63343, 20.3766, 17.828, 17.828, 15.2793, 15.2793, 15.2793, 17.828, 17.828, 20.3766, 17.828, 17.828, 17.828, 15.2793, 15.2793, 28.0225
0, 0, 0, 0, 0, 0, 0, 0.002744, 12.7459, 15.2946, 0.002744, 0, 0, 0, 0, 0, 15.2946, 48.4269, 48.4269, 48.4269, 48.4269, 48.4269, 48.4269, 50.9755, 61.1701, 58.6214, 45.8782, 48.4269, 48.4269, 48.4269, 48.4269, 25.4891, 15.2946, 48.4269, 48.4269, 48.4269, 48.4269, 48.4269, 48.4269, 48.4269, 61.1701, 50.9755, 50.9755, 48.4269, 48.4269, 48.4269, 48.4269, 25.4891, 15.2946, 48.4269, 48.4269, 50.9755, 53.5242, 48.4269, 48.4269, 33.1351, 45.8782, 40.781, 48.4269, 48.4269, 50.9755, 48.4269, 50.9755, 28.0378, 15.2946, 50.9755, 53.5242, 66.2674, 79.0106, 63.7187, 50.9755, 38.2323, 20.3919, 20.3919, 38.2323, 45.8782, 53.5242, 66.2674, 68.816, 40.781, 20.3919, 61.1701, 68.816, 71.3646, 81.5592, 63.7187, 71.3646, 73.9133, 50.9755, 30.5864, 22.9405, 43.3296, 50.9755, 68.816, 68.816, 38.2323, 38.2323, 58.6214, 63.7187, 48.4269, 48.4269, 50.9755, 73.9133, 76.4619, 61.1701, 35.6837, 20.3919, 25.4891, 38.2323, 53.5242, 56.0728, 35.6837, 35.6837, 45.8782, 50.9755, 40.781, 33.1351, 33.1351, 30.5864, 40.781, 38.2323, 33.1351, 20.3919, 15.2946, 20.3919, 28.0378, 25.4891, 17.8432, 30.5864, 38.2323, 56.0728, 40.781, 30.5864, 28.0378, 30.5864, 35.6837, 38.2323, 43.3296, 35.6837, 28.0378, 17.8432, 20.3919, 12.7459, 7.64866, 15.2946, 20.3919, 30.5864, 15.2946, 25.4891, 25.4891, 33.1351, 28.0378, 22.9405, 30.5864, 30.5864, 22.9405, 15.2946, 15.2946, 12.7459, 10.1973, 7.64866, 20.3919, 20.3919, 17.8432, 17.8432, 20.3919, 22.9405, 20.3919, 15.2946, 10.1973, 10.1973, 7.64866, 5.10002, 10.1973, 10.1973, 10.1973, 12.7459, 25.4891, 20.3919, 17.8432, 10.1973, 10.1973, 7.64866, 7.64866, 10.1973, 5.10002, 7.64866, 5.10002, 5.10002, 7.64866, 10.1973, 5.10002, 10.1973, 22.9405, 12.7459, 7.64866, 5.10002, 5.10002, 5.10002, 7.64866, 7.64866, 7.64866, 7.64866, 7.64866, 7.64866, 10.1973, 12.7459, 7.64866, 0.002744, 12.7459, 10.1973, 12.7459, 12.7459, 15.2946, 12.7459, 15.2946, 17.8432, 15.2946, 15.2946, 15.2946, 15.2946, 15.2946, 15.2946, 7.64866, 7.64866, 22.9405, 22.9405, 17.8432, 15.2946, 15.2946, 15.2946, 15.2946, 15.2946, 15.2946, 15.2946, 15.2946, 15.2946, 15.2946, 12.7459, 7.64866, 25.4891, 40.781, 38.2323, 35.6837, 33.1351, 33.1351, 33.1351, 33.1351, 33.1351, 33.1351, 30.5864, 30.5864, 28.0378, 28.0378, 30.5864, 20.3919
73.9057, 5.09245, 5.09245, 5.09245, 5.09245, 5.09245, 7.64109, 0, 45.8707, 28.0302, 0, 12.7384, 7.64109, 5.09245, 5.09245, 0, 56.0652, 0, 0, 0, 0, 0, 0, 0, 53.5166, 63.7111, 0, 0, 0, 0, 0, 0, 56.0652, 0, 0, 0, 0, 0, 0, 0, 99.3921, 50.9679, 22.9329, 0, 0, 0, 0, 0, 56.0652, 0, 0, 0, 0, 0, 0, 0, 101.941, 20.3843, 25.4816, 0, 0, 0, 0, 0, 56.0652, 0, 0, 2.54381, 45.8707, 0, 0, 0, 107.038, 99.3921, 0, 20.3843, 0, 0, 2.54381, 0, 56.0652, 7.64109, 17.8356, 0, 68.8084, 0, 0, 10.1897, 0, 101.941, 48.4193, 28.0302, 25.4816, 5.09245, 0, 0, 43.322, 0, 68.8084, 0, 68.8084, 76.4543, 0, 15.287, 0, 56.0652, 73.9057, 25.4816, 15.287, 0, 0, 0, 68.8084, 0, 104.489, 28.0302, 17.8356, 71.3571, 12.7384, 10.1897, 5.09245, 0, 56.0652, 68.8084, 0, 10.1897, 0, 35.6761, 76.4543, 0, 71.3571, 22.9329, 12.7384, 40.7734, 25.4816, 33.1275, 0, 10.1897, 0, 63.7111, 17.8356, 20.3843, 0, 25.4816, 56.0652, 0, 45.8707, 5.09245, 25.4816, 20.3843, 5.09245, 33.1275, 0, 7.64109, 15.287, 5.09245, 17.8356, 20.3843, 2.54381, 0, 25.4816, 10.1897, 15.287, 17.8356, 25.4816, 5.09245, 15.287, 33.1275, 10.1897, 12.7384, 20.3843, 10.1897, 10.1897, 15.287, 5.09245, 0, 30.5788, 0, 22.9329, 20.3843, 17.8356, 5.09245, 15.287, 5.09245, 12.7384, 10.1897, 7.64109, 10.1897, 5.09245, 2.54381, 0, 0, 25.4816, 2.54381, 10.1897, 15.287, 2.54381, 5.09245, 0, 0, 2.54381, 0, 2.54381, 2.54381, 0, 5.09245, 0, 0, 20.3843, 7.64109, 0, 7.64109, 0, 5.09245, 0, 0, 0, 0, 0, 2.54381, 0, 2.54381, 0, 0, 25.4816, 5.09245, 5.09245, 0, 0, 0, 0, 0, 0, 0, 0, 0, 0, 0, 0, 0, 20.3843, 0, 5.09245, 0, 0, 0, 0, 0, 0, 0, 0, 0, 5.09245, 0, 0, 0
15.2886, 2.54537, 2.54537, 2.54537, 2.54537, 2.54537, 2.54537, 2.54537, 0, 5.094, 5.094, 2.54537, 2.54537, 2.54537, 2.54537, 0, 12.7399, 0, 0, 0, 0, 0, 0, 0, 0, 2.54537, 2.54537, 0, 0, 0, 0, 0, 12.7399, 0, 0, 0, 0, 0, 0, 0, 0, 7.64264, 7.64264, 0, 0, 0, 0, 0, 12.7399, 0, 0, 0, 0, 0, 0, 0, 0, 10.1913, 10.1913, 5.094, 0, 0, 0, 0, 12.7399, 0, 0, 0, 0, 0, 0, 0, 0, 5.094, 10.1913, 10.1913, 0, 0, 0, 0, 12.7399, 0, 0, 0, 0, 0, 0, 0, 0, 0, 7.64264, 10.1913, 5.094, 0, 0, 0, 10.1913, 0, 0, 0, 0, 0, 0, 0, 0, 0, 0, 7.64264, 10.1913, 2.54537, 0, 0, 10.1913, 0, 0, 0, 0, 0, 2.54537, 7.64264, 10.1913, 7.64264, 0, 5.094, 12.7399, 10.1913, 2.54537, 0, 10.1913, 0, 0, 0, 0, 5.094, 7.64264, 12.7399, 15.2886, 10.1913, 5.094, 0, 10.1913, 10.1913, 5.094, 0, 10.1913, 0, 0, 0, 5.094, 5.094, 2.54537, 2.54537, 5.094, 5.094, 2.54537, 0, 0, 2.54537, 2.54537, 0, 10.1913, 5.094, 2.54537, 2.54537, 0, 2.54537, 0, 0, 0, 0, 0, 0, 0, 0, 0, 0, 7.64264, 0, 0, 0, 0, 0, 0, 0, 0, 0, 0, 0, 0, 0, 0, 0, 5.094, 0, 0, 0, 0, 0, 0, 0, 0, 0, 0, 0, 0, 0, 0, 0, 5.094, 0, 0, 0, 0, 0, 0, 0, 0, 0, 0, 0, 0, 0, 0, 0, 5.094, 0, 0, 0, 0, 0, 0, 0, 0, 0, 0, 0, 0, 0, 0, 0, 2.54537, 0, 0, 0, 0, 0, 0, 0, 0, 0, 0, 0, 0, 0, 0, 0
0, 0, 0, 0, 0, 0, 0, 0, 0, 0, 0, 0, 0, 0, 0, 0, 5.0717, 7.62034, 7.62034, 7.62034, 7.62034, 7.62034, 10.169, 10.169, 66.239, 73.885, 7.62034, 10.169, 7.62034, 7.62034, 7.62034, 12.7176, 5.0717, 7.62034, 7.62034, 7.62034, 7.62034, 7.62034, 7.62034, 22.9122, 28.0095, 25.4608, 17.8149, 15.2663, 7.62034, 7.62034, 7.62034, 12.7176, 5.0717, 7.62034, 7.62034, 12.7176, 7.62034, 10.169, 15.2663, 30.5581, 28.0095, 20.3635, 22.9122, 17.8149, 12.7176, 10.169, 10.169, 12.7176, 7.62034, 10.169, 12.7176, 15.2663, 5.0717, 15.2663, 12.7176, 15.2663, 12.7176, 7.62034, 10.169, 22.9122, 15.2663, 10.169, 5.0717, 25.4608, 7.62034, 7.62034, 0, 76.4336, 91.7254, 45.8499, 15.2663, 12.7176, 0, 0, 10.169, 12.7176, 30.5581, 43.3013, 58.5931, 56.0445, 0, 78.9822, 71.3363, 112.115, 53.4958, 17.8149, 73.885, 66.239, 101.92, 73.885, 12.7176, 10.169, 30.5581, 17.8149, 28.0095, 43.3013, 71.3363, 86.6282, 22.9122, 5.0717, 35.6554, 91.7254, 107.017, 68.7877, 56.0445, 12.7176, 0, 10.169, 15.2663, 50.9472, 45.8499, 40.7526, 20.3635, 33.1067, 43.3013, 35.6554, 58.5931, 0, 68.7877, 43.3013, 17.8149, 25.4608, 10.169, 15.2663, 5.0717, 17.8149, 28.0095, 28.0095, 5.0717, 58.5931, 53.4958, 33.1067, 28.0095, 15.2663, 12.7176, 12.7176, 22.9122, 33.1067, 43.3013, 33.1067, 7.62034, 10.169, 7.62034, 0, 17.8149, 20.3635, 10.169, 12.7176, 2.52306, 22.9122, 35.6554, 7.62034, 10.169, 5.0717, 17.8149, 5.0717, 7.62034, 5.0717, 5.0717, 15.2663, 7.62034, 15.2663, 25.4608, 15.2663, 20.3635, 22.9122, 17.8149, 22.9122, 10.169, 10.169, 5.0717, 2.52306, 2.52306, 0, 5.0717, 7.62034, 22.9122, 28.0095, 20.3635, 10.169, 10.169, 0, 0, 0, 0, 0, 0, 0, 0, 0, 2.52306, 2.52306, 20.3635, 17.8149, 0, 0, 0, 5.0717, 0, 0, 0, 0, 0, 0, 2.52306, 5.0717, 7.62034, 12.7176, 0, 2.52306, 0, 0, 7.62034, 7.62034, 5.0717, 7.62034, 10.169, 7.62034, 12.7176, 15.2663, 10.169, 7.62034, 2.52306, 5.0717, 2.52306, 10.169, 10.169, 20.3635, 15.2663, 0, 7.62034, 7.62034, 5.0717, 2.52306, 0, 0, 5.0717, 5.0717, 10.169, 0
33.1189, 0, 0, 0, 0, 0, 0, 0, 0, 0, 0, 0, 0, 0, 0, 0, 81.543, 0, 0, 0, 0, 0, 0, 0, 0, 53.508, 56.0566, 0, 0, 0, 0, 0, 81.543, 0, 0, 0, 0, 0, 0, 0, 17.827, 38.2162, 73.8971, 20.3757, 0, 0, 0, 0, 81.543, 0, 0, 0, 0, 0, 0, 0, 7.63249, 58.6053, 84.0917, 89.1889, 0, 0, 0, 0, 81.543, 0, 0, 0, 40.7648, 7.63249, 0, 0, 0, 58.6053, 63.7026, 91.7376, 71.3485, 0, 0, 0, 89.1889, 0, 0, 0, 71.3485, 107.029, 2.53522, 2.53522, 0, 0, 61.1539, 76.4457, 91.7376, 25.473, 0, 0, 112.127, 0, 2.53522, 5.08385, 20.3757, 94.2862, 45.8621, 17.827, 25.473, 0, 17.827, 50.9594, 56.0566, 40.7648, 0, 0, 99.3835, 28.0216, 0, 10.1811, 0, 10.1811, 22.9243, 17.827, 12.7298, 5.08385, 0, 40.7648, 45.8621, 17.827, 0, 0, 61.1539, 38.2162, 0, 12.7298, 30.5702, 33.1189, 0, 25.473, 22.9243, 28.0216, 25.473, 0, 25.473, 33.1189, 20.3757, 0, 25.473, 0, 0, 0, 28.0216, 40.7648, 0, 2.53522, 12.7298, 7.63249, 22.9243, 7.63249, 0, 28.0216, 30.5702, 0, 40.7648, 0, 0, 5.08385, 0, 22.9243, 22.9243, 0, 0, 0, 0, 5.08385, 0, 5.08385, 22.9243, 0, 38.2162, 0, 0, 7.63249, 0, 0, 5.08385, 2.53522, 0, 0, 0, 0, 0, 2.53522, 5.08385, 0, 35.6675, 0, 0, 0, 0, 0, 0, 0, 0, 0, 0, 0, 0, 0, 2.53522, 0, 20.3757, 0, 0, 0, 0, 0, 0, 0, 0, 0, 0, 0, 0, 0, 2.53522, 0, 33.1189, 0, 0, 0, 0, 0, 0, 0, 0, 0, 0, 0, 0, 0, 0, 0, 63.7026, 5.08385, 10.1811, 12.7298, 12.7298, 10.1811, 12.7298, 12.7298, 10.1811, 5.08385, 10.1811, 10.1811, 5.08385, 15.2784, 15.2784, 0
17.8445, 12.7472, 12.7472, 12.7472, 12.7472, 12.7472, 12.7472, 17.8445, 28.0391, 17.8445, 25.4904, 17.8445, 12.7472, 12.7472, 12.7472, 96.8523, 0, 2.55268, 2.55268, 2.55268, 2.55268, 2.55268, 2.55268, 2.55268, 7.64995, 40.7823, 0, 15.2959, 2.55268, 2.55268, 2.55268, 0.004037, 0, 2.55268, 2.55268, 2.55268, 2.55268, 2.55268, 2.55268, 20.3932, 22.9418, 33.1363, 53.5255, 25.4904, 22.9418, 2.55268, 2.55268, 0.004037, 0, 2.55268, 2.55268, 2.55268, 2.55268, 7.64995, 2.55268, 20.3932, 66.2687, 0.004037, 45.8795, 17.8445, 25.4904, 7.64995, 2.55268, 0.004037, 0, 2.55268, 0.004037, 17.8445, 12.7472, 25.4904, 25.4904, 17.8445, 114.693, 119.79, 0, 53.5255, 0, 17.8445, 5.10132, 0.004037, 0, 30.5877, 7.64995, 10.1986, 63.72, 0, 7.64995, 12.7472, 0, 124.887, 68.8173, 43.3309, 56.0741, 22.9418, 0.004037, 17.8445, 0, 35.685, 58.6227, 0, 45.8795, 61.1714, 0, 22.9418, 17.8445, 0, 96.8523, 5.10132, 48.4282, 30.5877, 10.1986, 2.55268, 22.9418, 0, 40.7823, 15.2959, 0, 53.5255, 48.4282, 0, 28.0391, 20.3932, 86.6578, 114.693, 0, 5.10132, 20.3932, 38.2336, 20.3932, 28.0391, 20.3932, 30.5877, 15.2959, 12.7472, 30.5877, 25.4904, 2.55268, 20.3932, 38.2336, 89.2064, 48.4282, 2.55268, 7.64995, 30.5877, 2.55268, 43.3309, 17.8445, 5.10132, 15.2959, 22.9418, 0, 38.2336, 2.55268, 7.64995, 33.1363, 0.004037, 7.64995, 20.3932, 17.8445, 2.55268, 0.004037, 22.9418, 22.9418, 0.004037, 7.64995, 25.4904, 15.2959, 5.10132, 12.7472, 5.10132, 17.8445, 20.3932, 7.64995, 0.004037, 20.3932, 5.10132, 2.55268, 0.004037, 28.0391, 17.8445, 0, 7.64995, 12.7472, 12.7472, 7.64995, 5.10132, 0.004037, 10.1986, 5.10132, 7.64995, 7.64995, 5.10132, 0.004037, 7.64995, 0, 10.1986, 5.10132, 2.55268, 2.55268, 7.64995, 2.55268, 2.55268, 7.64995, 7.64995, 5.10132, 7.64995, 5.10132, 2.55268, 5.10132, 7.64995, 5.10132, 2.55268, 0.004037, 5.10132, 5.10132, 0.004037, 2.55268, 7.64995, 7.64995, 5.10132, 2.55268, 2.55268, 12.7472, 5.10132, 0, 2.55268, 5.10132, 7.64995, 2.55268, 0.004037, 2.55268, 2.55268, 0.004037, 5.10132, 5.10132, 5.10132, 2.55268, 7.64995, 5.10132, 2.55268, 0, 0.004037, 2.55268, 0, 0, 0, 0.004037, 0, 0, 5.10132, 5.10132, 0, 7.64995, 5.10132, 0.004037, 0.004037
0, 0, 0, 0, 0, 0, 0, 0, 0, 0, 0, 0, 0, 0, 0, 0, 0, 0, 0, 0, 0, 0, 0, 0, 0, 0, 0, 0, 0, 0, 0, 0, 0, 0, 0, 0, 0, 0, 0, 0, 7.62874, 10.1774, 0, 0, 0, 0, 0, 0, 0, 0, 0, 0, 0, 0, 0, 0, 7.62874, 15.2747, 12.726, 0, 0, 0, 0, 0, 0, 0, 0, 0, 0, 0, 0, 0, 0, 10.1774, 17.8233, 10.1774, 0, 0, 0, 0, 0, 0, 0, 0, 0, 0, 0, 0, 0, 0, 17.8233, 20.3719, 2.53146, 0, 0, 0, 0, 0, 0, 0, 0, 0, 0, 0, 0, 0, 0, 20.3719, 17.8233, 0, 0, 0, 0, 0, 0, 0, 0, 0, 0, 0, 0, 0, 0, 10.1774, 25.4692, 15.2747, 0, 0, 0, 0, 0, 0, 0, 0, 0, 10.1774, 15.2747, 5.0801, 0, 0, 25.4692, 20.3719, 2.53146, 0, 0, 0, 0, 5.0801, 7.62874, 0, 2.53146, 7.62874, 15.2747, 17.8233, 12.726, 2.53146, 7.62874, 10.1774, 0, 0, 0, 5.0801, 10.1774, 5.0801, 10.1774, 15.2747, 12.726, 0, 2.53146, 7.62874, 7.62874, 0, 0, 0, 0, 0, 0, 7.62874, 12.726, 5.0801, 0, 7.62874, 10.1774, 2.53146, 0, 0, 0, 0, 0, 0, 0, 0, 0, 0, 0, 0, 0, 0, 0, 0, 0, 0, 0, 0, 0, 0, 0, 0, 0, 0, 0, 0, 0, 0, 0, 0, 0, 0, 0, 0, 0, 0, 0, 0, 0, 0, 0, 0, 0, 0, 0, 0, 0, 0, 0, 0, 0, 0, 0, 0, 0, 0, 0, 0, 0, 0, 0, 0, 0, 0, 0, 0, 0, 0, 0, 0
117.226, 140.164, 140.164, 140.164, 140.164, 140.164, 140.164, 140.164, 140.164, 132.518, 135.067, 140.164, 140.164, 140.164, 140.164, 117.226, 15.2805, 0, 0, 0, 0, 0, 0, 0, 0, 0, 0, 0, 0, 0, 0, 0, 17.8291, 0, 0, 0, 0, 0, 0, 0, 0, 0, 0, 0, 0, 0, 0, 0, 15.2805, 0, 0, 0, 0, 0, 0, 0, 0, 0, 0, 0, 0, 0, 0, 0, 17.8291, 0, 0, 0, 0, 0, 0, 5.08594, 2.5373, 5.08594, 0, 0, 0, 0, 0, 0, 17.8291, 0, 0, 0, 0, 0, 0, 7.63458, 7.63458, 7.63458, 2.5373, 0, 0, 0, 0, 0, 12.7319, 0, 0, 0, 0, 0, 0, 0, 0, 0, 0, 0, 0, 0, 0, 0, 0, 0, 2.5373, 12.7319, 5.08594, 2.5373, 25.4751, 22.9264, 15.2805, 17.8291, 10.1832, 5.08594, 0, 0, 0, 0, 7.63458, 0, 0, 0, 0, 15.2805, 20.3778, 0, 0, 0, 0, 0, 0, 0, 0, 0, 10.1832, 0, 0, 2.5373, 0, 0, 0, 0, 0, 0, 0, 0, 0, 0, 5.08594, 2.5373, 7.63458, 5.08594, 5.08594, 2.5373, 0, 0, 0, 0, 0, 0, 0, 0, 2.5373, 2.5373, 0, 0, 7.63458, 0, 0, 0, 0, 2.5373, 2.5373, 2.5373, 2.5373, 2.5373, 5.08594, 5.08594, 5.08594, 5.08594, 2.5373, 0, 0, 0, 5.08594, 10.1832, 12.7319, 12.7319, 12.7319, 12.7319, 10.1832, 10.1832, 7.63458, 5.08594, 5.08594, 5.08594, 5.08594, 0, 15.2805, 12.7319, 10.1832, 7.63458, 7.63458, 2.5373, 5.08594, 5.08594, 5.08594, 5.08594, 5.08594, 5.08594, 5.08594, 2.5373, 0, 0, 17.8291, 10.1832, 5.08594, 2.5373, 2.5373, 0, 0, 0, 0, 0, 0, 0, 0, 0, 0, 0, 7.63458, 0, 0, 0, 0, 2.5373, 2.5373, 2.5373, 2.5373, 2.5373, 5.08594, 5.08594, 2.5373, 0, 2.5373, 0
247.202, 12.7273, 12.7273, 12.7273, 12.7273, 12.7273, 12.7273, 15.276, 0, 20.3733, 63.7001, 25.4705, 12.7273, 12.7273, 12.7273, 17.8246, 262.494, 0, 0, 0, 0, 0, 0, 0, 0, 28.0192, 76.4433, 40.7624, 0, 0, 0, 0, 262.494, 0, 0, 0, 0, 0, 0, 0, 0, 28.0192, 78.992, 73.8947, 17.8246, 0, 0, 0, 262.494, 0, 0, 0, 0, 2.53279, 0, 0, 0, 28.0192, 73.8947, 84.0892, 63.7001, 2.53279, 0, 0, 262.494, 0, 0, 0, 0, 45.8597, 25.4705, 0, 0, 0, 53.5056, 86.6379, 86.6379, 28.0192, 0, 0, 262.494, 0, 0, 0, 0, 84.0892, 48.4083, 0, 0, 0, 7.63007, 68.7974, 78.992, 45.8597, 0, 0, 237.008, 0, 0, 0, 0, 53.5056, 35.6651, 0, 5.08143, 0, 0, 28.0192, 56.0542, 43.311, 0, 0, 158, 50.9569, 0, 17.8246, 0, 43.311, 43.311, 0, 20.3733, 10.1787, 0, 0, 33.1165, 30.5678, 22.9219, 0, 107.027, 61.1515, 0, 0, 0, 73.8947, 25.4705, 0, 17.8246, 0, 0, 0, 7.63007, 17.8246, 33.1165, 0, 122.319, 0, 0, 0, 12.7273, 53.5056, 0, 0, 2.53279, 0, 0, 0, 0, 15.276, 38.2137, 17.8246, 122.319, 0, 0, 10.1787, 7.63007, 2.53279, 5.08143, 10.1787, 5.08143, 0, 0, 10.1787, 2.53279, 10.1787, 30.5678, 15.276, 117.222, 0, 0, 12.7273, 2.53279, 2.53279, 15.276, 10.1787, 7.63007, 5.08143, 0, 2.53279, 5.08143, 10.1787, 15.276, 7.63007, 99.3811, 0, 0, 2.53279, 5.08143, 2.53279, 12.7273, 5.08143, 2.53279, 2.53279, 0, 0, 5.08143, 5.08143, 7.63007, 5.08143, 104.478, 0, 0, 0, 0, 0, 7.63007, 2.53279, 0, 0, 0, 0, 0, 0, 5.08143, 2.53279, 114.673, 0, 0, 0, 0, 0, 0, 0, 0, 0, 0, 0, 0, 2.53279, 5.08143, 0, 104.478, 0, 0, 0, 0, 0, 0, 0, 0, 0, 0, 0, 0, 2.53279, 5.08143, 0
48.4035, 81.5358, 81.5358, 81.5358, 81.5358, 81.5358, 81.5358, 78.9872, 66.244, 58.5981, 66.244, 81.5358, 81.5358, 81.5358, 81.5358, 63.6953, 0, 0, 0, 0, 0, 0, 0, 0, 0, 0, 0, 0, 0, 0, 0, 0, 0, 0, 0, 0, 0, 0, 0, 0, 0, 0, 0, 0, 0, 0, 0, 0, 0, 0, 0, 0, 0, 0, 0, 0, 0, 0, 0, 0, 0, 0, 0, 0, 0, 0, 0, 0, 0, 0, 0, 0, 7.62528, 20.3685, 0, 0, 0, 0, 0, 0, 0, 0, 0, 0, 0, 0, 0, 0, 0, 15.2712, 5.07664, 0, 0, 0, 0, 0, 0, 0, 0, 0, 0, 0, 0, 0, 0, 0, 10.1739, 5.07664, 0, 0, 0, 0, 0, 0, 0, 0, 0, 0, 0, 0, 0, 0, 7.62528, 12.7226, 0, 0, 0, 0, 0, 0, 0, 0, 0, 0, 0, 0, 0, 0, 0, 0, 0, 0, 0, 0, 0, 0, 0, 0, 0, 0, 0, 0, 0, 0, 0, 0, 0, 0, 0, 0, 0, 0, 0, 0, 0, 0, 0, 0, 0, 0, 0, 2.528, 0, 0, 0, 0, 0, 0, 0, 0, 0, 7.62528, 10.1739, 7.62528, 5.07664, 5.07664, 2.528, 5.07664, 2.528, 0, 0, 0, 0, 0, 2.528, 7.62528, 7.62528, 7.62528, 7.62528, 10.1739, 10.1739, 5.07664, 5.07664, 5.07664, 5.07664, 0, 0, 0, 0, 0, 2.528, 2.528, 2.528, 0, 0, 0, 0, 0, 0, 0, 0, 0, 0, 0, 0, 0, 0, 0, 0, 0, 0, 0, 0, 0, 0, 0, 0, 0, 0, 0, 0, 0, 0, 0, 0, 0, 0, 0, 0, 0, 0, 0, 0, 0, 0, 0
0, 0, 0, 0, 0, 0, 0, 0, 0, 0, 0, 0, 0, 0, 0, 0, 5.0906, 0, 0, 0, 0, 0, 0, 0, 7.63924, 15.2852, 12.7365, 2.54196, 0, 0, 0, 0, 5.0906, 0, 0, 0, 0, 0, 0, 0, 2.54196, 5.0906, 12.7365, 12.7365, 2.54196, 0, 0, 0, 5.0906, 0, 0, 0, 0, 0, 0, 0, 0, 2.54196, 12.7365, 15.2852, 10.1879, 0, 0, 0, 5.0906, 0, 0, 2.54196, 10.1879, 7.63924, 0, 0, 0, 0, 5.0906, 15.2852, 15.2852, 7.63924, 2.54196, 2.54196, 5.0906, 2.54196, 5.0906, 5.0906, 12.7365, 10.1879, 7.63924, 10.1879, 7.63924, 0, 0, 7.63924, 17.8338, 15.2852, 7.63924, 2.54196, 10.1879, 5.0906, 5.0906, 5.0906, 0, 10.1879, 10.1879, 10.1879, 10.1879, 2.54196, 0, 2.54196, 12.7365, 15.2852, 10.1879, 2.54196, 7.63924, 7.63924, 2.54196, 5.0906, 7.63924, 5.0906, 5.0906, 7.63924, 7.63924, 7.63924, 0, 0, 2.54196, 7.63924, 7.63924, 5.0906, 2.54196, 5.0906, 7.63924, 7.63924, 10.1879, 7.63924, 0, 0, 0, 2.54196, 5.0906, 0, 0, 0, 0, 0, 0, 2.54196, 7.63924, 5.0906, 2.54196, 5.0906, 2.54196, 0, 0, 0, 5.0906, 5.0906, 0, 0, 0, 0, 0, 0, 0, 0, 0, 2.54196, 2.54196, 0, 0, 0, 0, 0, 0, 0, 0, 0, 0, 0, 0, 0, 0, 0, 0, 0, 0, 0, 0, 0, 0, 0, 0, 0, 2.54196, 0, 0, 0, 0, 0, 0, 0, 0, 0, 0, 0, 0, 0, 0, 0, 0, 0, 0, 0, 0, 0, 0, 0, 0, 0, 0, 0, 0, 0, 0, 0, 0, 0, 0, 0, 0, 0, 0, 0, 0, 0, 0, 0, 0, 0, 0, 0, 5.0906, 7.63924, 7.63924, 7.63924, 7.63924, 7.63924, 7.63924, 7.63924, 7.63924, 7.63924, 7.63924, 7.63924, 7.63924, 7.63924, 7.63924, 5.0906
0, 40.7672, 40.7672, 40.7672, 40.7672, 40.7672, 40.7672, 38.2185, 45.8644, 38.2185, 25.4753, 40.7672, 40.7672, 40.7672, 40.7672, 56.059, 0, 61.1563, 61.1563, 61.1563, 61.1563, 61.1563, 61.1563, 68.8022, 76.4481, 50.9617, 35.6699, 58.6076, 61.1563, 61.1563, 61.1563, 84.094, 0, 61.1563, 61.1563, 61.1563, 61.1563, 61.1563, 61.1563, 71.3508, 76.4481, 33.1213, 25.4753, 53.5104, 61.1563, 61.1563, 61.1563, 84.094, 0, 61.1563, 61.1563, 61.1563, 61.1563, 61.1563, 63.7049, 76.4481, 73.8995, 28.024, 12.7321, 35.6699, 58.6076, 61.1563, 61.1563, 84.094, 0, 61.1563, 61.1563, 61.1563, 66.2536, 58.6076, 63.7049, 76.4481, 73.8995, 45.8644, 10.1835, 17.8294, 45.8644, 58.6076, 58.6076, 86.6427, 0, 61.1563, 61.1563, 68.8022, 68.8022, 40.7672, 58.6076, 71.3508, 73.8995, 68.8022, 33.1213, 2.53758, 22.9267, 53.5104, 56.059, 73.8995, 7.63486, 61.1563, 66.2536, 63.7049, 40.7672, 20.3781, 48.4131, 53.5104, 61.1563, 66.2536, 40.7672, 12.7321, 10.1835, 30.5726, 38.2185, 50.9617, 10.1835, 45.8644, 61.1563, 33.1213, 40.7672, 40.7672, 25.4753, 28.024, 22.9267, 35.6699, 38.2185, 33.1213, 7.63486, 17.8294, 20.3781, 35.6699, 0, 28.024, 61.1563, 28.024, 33.1213, 22.9267, 38.2185, 30.5726, 12.7321, 22.9267, 38.2185, 40.7672, 22.9267, 5.08622, 12.7321, 25.4753, 0, 30.5726, 40.7672, 20.3781, 17.8294, 7.63486, 35.6699, 25.4753, 15.2808, 17.8294, 25.4753, 30.5726, 17.8294, 7.63486, 5.08622, 25.4753, 0, 30.5726, 28.024, 20.3781, 17.8294, 17.8294, 22.9267, 20.3781, 20.3781, 17.8294, 17.8294, 12.7321, 12.7321, 10.1835, 7.63486, 25.4753, 0, 33.1213, 33.1213, 20.3781, 20.3781, 17.8294, 10.1835, 15.2808, 15.2808, 17.8294, 17.8294, 12.7321, 12.7321, 10.1835, 12.7321, 22.9267, 2.53758, 33.1213, 30.5726, 15.2808, 12.7321, 15.2808, 15.2808, 17.8294, 17.8294, 17.8294, 20.3781, 17.8294, 15.2808, 15.2808, 15.2808, 25.4753, 0, 22.9267, 20.3781, 20.3781, 20.3781, 17.8294, 15.2808, 20.3781, 20.3781, 20.3781, 20.3781, 20.3781, 17.8294, 20.3781, 17.8294, 25.4753, 0, 28.024, 25.4753, 20.3781, 20.3781, 20.3781, 17.8294, 20.3781, 20.3781, 20.3781, 20.3781, 20.3781, 17.8294, 17.8294, 15.2808, 25.4753, 2.53758, 30.5726, 28.024, 22.9267, 22.9267, 20.3781, 20.3781, 20.3781, 20.3781, 22.9267, 22.9267, 20.3781, 20.3781, 17.8294, 17.8294, 28.024
0, 7.63667, 7.63667, 7.63667, 7.63667, 7.63667, 7.63667, 25.4771, 38.2203, 7.63667, 0, 5.08803, 7.63667, 7.63667, 7.63667, 178.395, 0, 0, 0, 0, 0, 0, 0, 53.5122, 76.4499, 0, 0, 0, 0, 0, 0, 216.625, 0, 0, 0, 0, 0, 0, 5.08803, 104.485, 101.936, 0, 0, 0, 0, 0, 0, 216.625, 0, 0, 0, 0, 0, 0, 10.1853, 142.715, 155.458, 0, 0, 0, 0, 0, 0, 216.625, 0, 0, 0, 10.1853, 5.08803, 0, 2.53939, 124.874, 168.201, 94.2904, 0, 0, 0, 0, 0, 214.076, 0, 5.08803, 15.2826, 78.9986, 50.9635, 0, 0, 35.6717, 158.006, 170.75, 43.3176, 0, 0, 0, 10.1853, 175.847, 0, 53.5122, 61.1581, 63.7067, 43.3176, 0, 0, 0, 53.5122, 145.263, 101.936, 0, 0, 0, 5.08803, 122.325, 0, 33.1231, 71.3526, 5.08803, 40.769, 30.5744, 0, 0, 0, 45.8663, 94.2904, 78.9986, 0, 0, 12.7339, 78.9986, 0, 0, 76.4499, 12.7339, 17.8312, 0, 48.4149, 22.9285, 0, 0, 68.804, 96.839, 30.5744, 0, 7.63667, 71.3526, 0, 35.6717, 43.3176, 10.1853, 5.08803, 0, 56.0608, 35.6717, 0, 7.63667, 5.08803, 40.769, 25.4771, 0, 0, 71.3526, 0, 38.2203, 40.769, 7.63667, 7.63667, 2.53939, 7.63667, 12.7339, 7.63667, 15.2826, 20.3799, 0, 2.53939, 0, 0, 66.2554, 0, 38.2203, 53.5122, 5.08803, 15.2826, 15.2826, 0, 0, 0, 10.1853, 12.7339, 2.53939, 0, 0, 0, 58.6094, 0, 33.1231, 38.2203, 7.63667, 0, 0, 0, 0, 0, 0, 5.08803, 5.08803, 0, 0, 0, 63.7067, 0, 7.63667, 5.08803, 5.08803, 0, 0, 0, 0, 0, 0, 5.08803, 5.08803, 0, 0, 0, 63.7067, 0, 10.1853, 10.1853, 2.53939, 2.53939, 0, 0, 0, 0, 0, 2.53939, 2.53939, 0, 0, 0, 63.7067, 0, 10.1853, 7.63667, 0, 0, 0, 0, 0, 0, 2.53939, 0, 0, 5.08803, 0, 0, 68.804
66.2629, 22.936, 22.936, 22.936, 22.936, 22.936, 22.936, 17.8388, 17.8388, 45.8738, 43.3252, 25.4847, 22.936, 22.936, 22.936, 0, 101.944, 89.2007, 89.2007, 89.2007, 89.2007, 89.2007, 89.2007, 79.0061, 71.3602, 107.041, 112.138, 101.944, 89.2007, 89.2007, 89.2007, 68.8116, 101.944, 89.2007, 89.2007, 89.2007, 89.2007, 89.2007, 89.2007, 71.3602, 58.617, 73.9088, 117.236, 117.236, 96.8466, 89.2007, 89.2007, 68.8116, 101.944, 89.2007, 89.2007, 89.2007, 94.2979, 94.2979, 89.2007, 71.3602, 30.582, 58.617, 104.493, 122.333, 109.59, 91.7493, 89.2007, 71.3602, 101.944, 89.2007, 89.2007, 84.1034, 112.138, 114.687, 96.8466, 91.7493, 20.3874, 28.0333, 63.7143, 119.784, 119.784, 101.944, 91.7493, 81.5547, 101.944, 86.652, 89.2007, 84.1034, 107.041, 119.784, 107.041, 107.041, 99.3952, 7.64421, 40.7765, 79.0061, 112.138, 101.944, 86.652, 76.4575, 112.138, 94.2979, 73.9088, 76.4575, 35.6792, 96.8466, 104.493, 99.3952, 104.493, 66.2629, 7.64421, 43.3252, 79.0061, 84.1034, 71.3602, 53.5197, 107.041, 99.3952, 40.7765, 48.4224, 48.4224, 43.3252, 53.5197, 61.1656, 71.3602, 71.3602, 33.1306, 15.2901, 40.7765, 50.9711, 45.8738, 33.1306, 61.1656, 71.3602, 48.4224, 48.4224, 53.5197, 50.9711, 33.1306, 38.2279, 45.8738, 63.7143, 61.1656, 25.4847, 22.936, 35.6792, 40.7765, 12.7415, 38.2279, 45.8738, 38.2279, 30.582, 28.0333, 53.5197, 48.4224, 25.4847, 30.582, 33.1306, 50.9711, 43.3252, 15.2901, 22.936, 35.6792, 22.936, 45.8738, 30.582, 20.3874, 25.4847, 17.8388, 38.2279, 43.3252, 25.4847, 22.936, 20.3874, 10.1929, 15.2901, 12.7415, 12.7415, 30.582, 28.0333, 45.8738, 35.6792, 20.3874, 25.4847, 20.3874, 15.2901, 17.8388, 20.3874, 20.3874, 17.8388, 12.7415, 12.7415, 15.2901, 15.2901, 22.936, 17.8388, 40.7765, 33.1306, 20.3874, 12.7415, 15.2901, 17.8388, 20.3874, 17.8388, 20.3874, 20.3874, 17.8388, 15.2901, 17.8388, 20.3874, 25.4847, 20.3874, 35.6792, 22.936, 22.936, 20.3874, 20.3874, 22.936, 28.0333, 28.0333, 28.0333, 28.0333, 28.0333, 22.936, 22.936, 22.936, 25.4847, 22.936, 40.7765, 30.582, 30.582, 28.0333, 25.4847, 22.936, 25.4847, 28.0333, 28.0333, 25.4847, 25.4847, 25.4847, 22.936, 25.4847, 25.4847, 20.3874, 48.4224, 43.3252, 38.2279, 38.2279, 35.6792, 35.6792, 35.6792, 35.6792, 35.6792, 35.6792, 33.1306, 33.1306, 28.0333, 30.582, 33.1306, 35.6792
91.7302, 58.5978, 58.5978, 58.5978, 58.5978, 58.5978, 58.5978, 63.6951, 94.2788, 119.765, 99.3761, 63.6951, 58.5978, 58.5978, 58.5978, 17.8196, 20.3683, 0, 0, 0, 0, 0, 0, 2.52779, 5.07643, 30.5628, 22.9169, 10.1737, 0, 0, 0, 0, 20.3683, 0, 0, 0, 0, 0, 0, 15.271, 43.306, 50.9519, 53.5006, 38.2087, 2.52779, 0, 0, 0, 20.3683, 0, 0, 2.52779, 0, 0, 0, 0, 15.271, 40.7574, 53.5006, 53.5006, 30.5628, 0, 0, 0, 22.9169, 0, 0, 25.4655, 58.5978, 45.8547, 7.62507, 2.52779, 0, 12.7223, 40.7574, 58.5978, 56.0492, 33.1115, 35.6601, 22.9169, 22.9169, 25.4655, 66.2438, 66.2438, 96.8274, 91.7302, 58.5978, 40.7574, 28.0142, 0, 22.9169, 56.0492, 71.341, 71.341, 61.1465, 45.8547, 71.341, 33.1115, 50.9519, 45.8547, 10.1737, 73.8897, 99.3761, 101.925, 112.119, 43.306, 0, 20.3683, 38.2087, 53.5006, 73.8897, 66.2438, 66.2438, 43.306, 20.3683, 48.4033, 38.2087, 0, 0, 0, 10.1737, 15.271, 0, 0, 17.8196, 17.8196, 0, 7.62507, 35.6601, 56.0492, 61.1465, 38.2087, 38.2087, 38.2087, 30.5628, 71.341, 73.8897, 71.341, 94.2788, 68.7924, 15.271, 38.2087, 28.0142, 0, 0, 0, 12.7223, 5.07643, 15.271, 50.9519, 50.9519, 15.271, 10.1737, 10.1737, 30.5628, 33.1115, 15.271, 7.62507, 25.4655, 15.271, 22.9169, 5.07643, 15.271, 25.4655, 10.1737, 25.4655, 38.2087, 28.0142, 15.271, 2.52779, 0, 2.52779, 0, 0, 10.1737, 12.7223, 20.3683, 12.7223, 5.07643, 20.3683, 20.3683, 2.52779, 2.52779, 7.62507, 12.7223, 7.62507, 0, 0, 0, 0, 2.52779, 0, 22.9169, 15.271, 0, 0, 0, 0, 0, 0, 0, 0, 0, 0, 0, 0, 5.07643, 0, 0, 0, 0, 0, 0, 0, 0, 5.07643, 5.07643, 5.07643, 12.7223, 15.271, 10.1737, 7.62507, 7.62507, 5.07643, 15.271, 7.62507, 10.1737, 7.62507, 2.52779, 0, 0, 2.52779, 5.07643, 2.52779, 0, 2.52779, 0, 2.52779, 2.52779, 0, 63.6951, 61.1465, 48.4033, 45.8547, 50.9519, 50.9519, 50.9519, 50.9519, 50.9519, 50.9519, 48.4033, 48.4033, 40.7574, 45.8547, 45.8547, 33.1115
7.64646, 0, 0, 0, 0, 0, 0, 0, 0, 0, 0, 0, 0, 0, 0, 0, 7.64646, 0, 0, 0, 0, 0, 0, 0, 0, 0, 0, 0.000544, 0.000544, 0, 0, 0.000544, 7.64646, 0, 0, 0, 0, 0, 0, 0, 0, 0, 0, 0.000544, 0.000544, 0, 0, 0.000544, 7.64646, 0, 0, 0, 0, 0.000544, 0, 0, 0, 0, 0, 0, 2.54918, 0.000544, 0, 0.000544, 7.64646, 0, 0, 0, 5.09782, 7.64646, 5.09782, 0, 0, 0, 0, 0, 2.54918, 5.09782, 5.09782, 5.09782, 7.64646, 0, 0.000544, 10.1951, 22.9383, 17.841, 10.1951, 7.64646, 2.54918, 0, 0, 0, 0, 10.1951, 15.2924, 10.1951, 7.64646, 0.000544, 7.64646, 17.841, 20.3897, 10.1951, 15.2924, 15.2924, 12.7437, 0.000544, 0, 0, 0, 7.64646, 15.2924, 10.1951, 7.64646, 5.09782, 7.64646, 10.1951, 10.1951, 7.64646, 7.64646, 10.1951, 7.64646, 0, 0, 0, 0, 0, 7.64646, 10.1951, 5.09782, 0, 7.64646, 15.2924, 10.1951, 7.64646, 0, 0, 0, 0, 0, 0.000544, 0, 0, 0.000544, 0.000544, 2.54918, 0, 2.54918, 0, 0, 0, 0.000544, 0.000544, 0.000544, 0, 0, 10.1951, 10.1951, 5.09782, 5.09782, 2.54918, 5.09782, 0, 0, 0, 0.000544, 2.54918, 2.54918, 7.64646, 7.64646, 5.09782, 2.54918, 5.09782, 7.64646, 7.64646, 7.64646, 10.1951, 5.09782, 0.000544, 0.000544, 2.54918, 7.64646, 7.64646, 5.09782, 7.64646, 10.1951, 7.64646, 7.64646, 5.09782, 10.1951, 10.1951, 10.1951, 7.64646, 5.09782, 5.09782, 5.09782, 2.54918, 5.09782, 7.64646, 5.09782, 5.09782, 5.09782, 7.64646, 7.64646, 7.64646, 10.1951, 10.1951, 10.1951, 7.64646, 5.09782, 2.54918, 2.54918, 2.54918, 5.09782, 10.1951, 10.1951, 7.64646, 7.64646, 7.64646, 10.1951, 10.1951, 12.7437, 12.7437, 12.7437, 7.64646, 5.09782, 2.54918, 5.09782, 7.64646, 7.64646, 10.1951, 10.1951, 10.1951, 10.1951, 10.1951, 10.1951, 12.7437, 12.7437, 15.2924, 12.7437, 7.64646, 5.09782, 10.1951, 12.7437, 12.7437, 12.7437, 12.7437, 12.7437, 15.2924, 12.7437, 12.7437, 12.7437, 12.7437, 12.7437, 15.2924, 12.7437, 7.64646
20.3966, 5.10472, 5.10472, 5.10472, 5.10472, 5.10472, 5.10472, 2.55608, 5.10472, 10.202, 7.65336, 7.65336, 5.10472, 5.10472, 5.10472, 0, 0, 0, 0, 0, 0, 0, 0, 0, 0, 0, 0, 0, 0, 0, 0, 0, 0, 0, 0, 0, 0, 0, 0, 0, 0, 0, 0, 0, 0, 0, 0, 0, 0, 0, 0, 0, 0, 0, 0, 0, 0, 0, 0, 0, 0, 0, 0, 0, 0, 0, 0, 0, 0, 0, 0, 0, 0, 0, 0, 0, 0, 0, 0.007442, 0, 0, 0, 0, 0, 2.55608, 0.007442, 0, 0, 0, 0, 0, 0, 0, 2.55608, 10.202, 2.55608, 2.55608, 0, 0, 5.10472, 7.65336, 7.65336, 5.10472, 5.10472, 10.202, 5.10472, 2.55608, 0, 0, 0, 12.7506, 7.65336, 10.202, 0, 5.10472, 12.7506, 7.65336, 10.202, 5.10472, 10.202, 17.8479, 17.8479, 5.10472, 0, 0, 0, 0.007442, 5.10472, 10.202, 2.55608, 0.007442, 0, 7.65336, 2.55608, 12.7506, 7.65336, 7.65336, 10.202, 5.10472, 0, 0, 0, 0.007442, 0.007442, 7.65336, 2.55608, 0, 0, 0, 0, 0, 0, 0, 0, 0, 0, 0, 0.007442, 5.10472, 2.55608, 10.202, 2.55608, 0, 0, 0, 0, 0, 0, 0, 0, 0, 0, 0.007442, 2.55608, 5.10472, 0.007442, 5.10472, 0.007442, 0, 0, 0, 0, 0, 0, 0, 0, 0.007442, 0.007442, 2.55608, 5.10472, 5.10472, 0, 5.10472, 0.007442, 0.007442, 0.007442, 0.007442, 2.55608, 2.55608, 0.007442, 0.007442, 0.007442, 0.007442, 2.55608, 2.55608, 5.10472, 5.10472, 0, 5.10472, 2.55608, 5.10472, 5.10472, 5.10472, 5.10472, 5.10472, 2.55608, 2.55608, 0.007442, 0.007442, 2.55608, 2.55608, 5.10472, 5.10472, 0.007442, 7.65336, 5.10472, 5.10472, 7.65336, 7.65336, 7.65336, 5.10472, 5.10472, 2.55608, 2.55608, 2.55608, 2.55608, 5.10472, 5.10472, 5.10472, 0.007442, 5.10472, 5.10472, 5.10472, 5.10472, 7.65336, 7.65336, 7.65336, 7.65336, 7.65336, 5.10472, 7.65336, 7.65336, 5.10472, 7.65336, 5.10472, 0.007442
86.6405, 109.578, 109.578, 109.578, 109.578, 109.578, 109.578, 107.03, 94.2864, 109.578, 114.676, 112.127, 109.578, 109.578, 109.578, 104.481, 35.6677, 20.3759, 20.3759, 20.3759, 20.3759, 20.3759, 17.8273, 15.2786, 0, 0, 22.9245, 22.9245, 20.3759, 20.3759, 20.3759, 40.765, 35.6677, 17.8273, 17.8273, 17.8273, 17.8273, 20.3759, 17.8273, 10.1814, 0, 0, 22.9245, 28.0218, 22.9245, 17.8273, 17.8273, 40.765, 35.6677, 17.8273, 17.8273, 17.8273, 20.3759, 20.3759, 22.9245, 20.3759, 0, 0, 0, 22.9245, 25.4732, 20.3759, 17.8273, 38.2164, 35.6677, 17.8273, 17.8273, 12.73, 33.1191, 43.3137, 25.4732, 33.1191, 15.2786, 0, 0, 10.1814, 25.4732, 25.4732, 20.3759, 45.8623, 35.6677, 12.73, 22.9245, 22.9245, 20.3759, 30.5705, 22.9245, 40.765, 43.3137, 17.8273, 0, 0, 15.2786, 25.4732, 17.8273, 33.1191, 28.0218, 28.0218, 2.53544, 0, 0, 7.63271, 25.4732, 33.1191, 45.8623, 33.1191, 0, 0, 0, 0, 7.63271, 20.3759, 7.63271, 22.9245, 20.3759, 25.4732, 22.9245, 15.2786, 0, 5.08408, 5.08408, 20.3759, 12.73, 0, 0, 0, 2.53544, 0, 2.53544, 15.2786, 12.73, 0, 5.08408, 25.4732, 15.2786, 15.2786, 2.53544, 17.8273, 25.4732, 20.3759, 12.73, 2.53544, 17.8273, 7.63271, 12.73, 0, 0, 0, 0, 15.2786, 17.8273, 12.73, 10.1814, 0, 0, 0, 7.63271, 7.63271, 17.8273, 22.9245, 17.8273, 5.08408, 0, 15.2786, 7.63271, 2.53544, 2.53544, 10.1814, 20.3759, 12.73, 5.08408, 7.63271, 12.73, 10.1814, 7.63271, 15.2786, 15.2786, 12.73, 7.63271, 7.63271, 10.1814, 7.63271, 5.08408, 5.08408, 7.63271, 12.73, 10.1814, 15.2786, 15.2786, 12.73, 15.2786, 20.3759, 12.73, 10.1814, 7.63271, 12.73, 12.73, 17.8273, 20.3759, 17.8273, 15.2786, 15.2786, 15.2786, 12.73, 15.2786, 15.2786, 15.2786, 22.9245, 15.2786, 7.63271, 12.73, 12.73, 12.73, 12.73, 15.2786, 15.2786, 15.2786, 17.8273, 17.8273, 17.8273, 17.8273, 15.2786, 15.2786, 20.3759, 20.3759, 15.2786, 17.8273, 15.2786, 15.2786, 15.2786, 12.73, 12.73, 10.1814, 10.1814, 10.1814, 10.1814, 10.1814, 12.73, 12.73, 17.8273, 17.8273, 25.4732, 22.9245, 22.9245, 28.0218, 30.5705, 28.0218, 30.5705, 33.1191, 30.5705, 30.5705, 28.0218, 25.4732, 22.9245, 22.9245, 30.5705
175.836, 244.649, 242.101, 242.101, 242.101, 242.101, 242.101, 242.101, 229.357, 216.614, 231.906, 242.101, 242.101, 242.101, 242.101, 239.552, 0, 0, 0, 0, 0, 0, 0, 0, 0, 0, 0, 0, 0, 0, 0, 20.3691, 0, 0, 0, 0, 0, 0, 0, 0, 0, 0, 0, 0, 0, 0, 0, 20.3691, 0, 0, 0, 0, 0, 0, 0, 38.2096, 33.1123, 0, 0, 0, 0, 0, 0, 20.3691, 0, 0, 0, 0, 0, 0, 0, 43.3068, 71.3419, 58.5987, 0, 0, 0, 0, 0, 17.8204, 0, 0, 0, 0, 0, 0, 0, 0, 71.3419, 81.5364, 38.2096, 0, 0, 0, 0, 0, 0, 0, 7.62589, 12.7232, 25.4664, 0, 0, 0, 0, 10.1745, 28.015, 0, 0, 0, 0, 0, 0, 0, 12.7232, 0, 15.2718, 33.1123, 38.2096, 15.2718, 22.9177, 40.7582, 63.696, 61.1473, 0, 0, 12.7232, 17.8204, 0, 0, 0, 0, 0, 0, 0, 0, 0, 0, 0, 38.2096, 15.2718, 0, 0, 15.2718, 7.62589, 25.4664, 20.3691, 15.2718, 0, 0, 12.7232, 5.07725, 0, 0, 0, 0, 2.52861, 2.52861, 0, 17.8204, 0, 7.62589, 7.62589, 7.62589, 2.52861, 0, 0, 0, 7.62589, 5.07725, 7.62589, 2.52861, 2.52861, 2.52861, 5.07725, 5.07725, 0, 0, 0, 0, 0, 12.7232, 20.3691, 20.3691, 12.7232, 7.62589, 10.1745, 10.1745, 7.62589, 2.52861, 2.52861, 2.52861, 0, 0, 10.1745, 17.8204, 15.2718, 15.2718, 20.3691, 20.3691, 17.8204, 15.2718, 15.2718, 12.7232, 10.1745, 5.07725, 5.07725, 12.7232, 12.7232, 22.9177, 17.8204, 12.7232, 10.1745, 7.62589, 0, 2.52861, 2.52861, 0, 2.52861, 7.62589, 2.52861, 2.52861, 0, 5.07725, 0, 7.62589, 5.07725, 2.52861, 2.52861, 0, 0, 0, 0, 0, 5.07725, 5.07725, 2.52861, 2.52861, 0, 10.1745, 0, 2.52861, 0, 0, 10.1745, 10.1745, 10.1745, 10.1745, 12.7232, 15.2718, 10.1745, 10.1745, 10.1745, 2.52861, 7.62589, 15.2718
10.1834, 35.6698, 35.6698, 35.6698, 35.6698, 35.6698, 35.6698, 35.6698, 28.0239, 17.8294, 25.4753, 35.6698, 35.6698, 35.6698, 35.6698, 35.6698, 0, 0, 0, 0, 0, 0, 0, 0, 0, 0, 0, 0, 0, 0, 0, 15.2807, 0, 0, 0, 0, 0, 0, 0, 0, 0, 0, 0, 0, 0, 0, 0, 15.2807, 0, 0, 0, 0, 0, 0, 0, 12.7321, 22.9266, 7.63479, 0, 0, 0, 0, 0, 15.2807, 0, 0, 0, 0, 0, 0, 0, 12.7321, 30.5725, 35.6698, 0, 0, 0, 0, 0, 0, 0, 0, 0, 0, 0, 0, 0, 0, 10.1834, 22.9266, 10.1834, 0, 0, 0, 0, 0, 0, 0, 0, 0, 0, 0, 0, 0, 0, 10.1834, 20.378, 10.1834, 0, 0, 0, 0, 0, 0, 5.08616, 0, 0, 0, 0, 0, 0, 0, 17.8294, 20.378, 0, 0, 0, 10.1834, 0, 0, 0, 0, 0, 0, 0, 0, 0, 0, 0, 0, 0, 0, 0, 12.7321, 0, 0, 0, 0, 0, 0, 0, 0, 0, 0, 0, 0, 0, 0, 0, 2.53752, 0, 0, 0, 0, 0, 0, 0, 0, 0, 0, 5.08616, 5.08616, 5.08616, 5.08616, 0, 2.53752, 0, 0, 2.53752, 5.08616, 5.08616, 7.63479, 7.63479, 7.63479, 7.63479, 7.63479, 10.1834, 7.63479, 7.63479, 5.08616, 2.53752, 7.63479, 0, 7.63479, 10.1834, 10.1834, 7.63479, 7.63479, 7.63479, 10.1834, 10.1834, 7.63479, 10.1834, 10.1834, 10.1834, 7.63479, 2.53752, 5.08616, 0, 10.1834, 10.1834, 7.63479, 7.63479, 5.08616, 2.53752, 2.53752, 2.53752, 2.53752, 0, 2.53752, 2.53752, 2.53752, 0, 5.08616, 0, 2.53752, 0, 0, 5.08616, 5.08616, 2.53752, 2.53752, 2.53752, 2.53752, 2.53752, 2.53752, 2.53752, 2.53752, 2.53752, 7.63479, 0, 0, 0, 0, 0, 0, 0, 0, 0, 0, 0, 0, 0, 0, 0, 0
0, 22.9126, 22.9126, 22.9126, 22.9126, 22.9126, 22.9126, 25.4612, 30.5585, 17.8153, 2.52347, 20.3639, 22.9126, 22.9126, 22.9126, 58.5935, 0, 0, 0, 0, 0, 0, 0, 0, 15.2667, 0, 0, 0, 0, 0, 0, 40.7531, 0, 0, 0, 0, 0, 0, 0, 17.8153, 40.7531, 0, 0, 0, 0, 0, 0, 40.7531, 0, 0, 0, 0, 0, 0, 0, 20.3639, 61.1422, 30.5585, 0, 0, 0, 0, 0, 40.7531, 0, 0, 0, 0, 0, 0, 0, 10.1694, 66.2394, 66.2394, 10.1694, 0, 0, 0, 0, 33.1071, 0, 0, 0, 0, 0, 0, 0, 0, 30.5585, 63.6908, 43.3017, 0, 0, 0, 0, 15.2667, 0, 0, 7.62074, 0, 0, 0, 0, 0, 0, 28.0099, 43.3017, 22.9126, 0, 0, 0, 10.1694, 0, 0, 20.3639, 0, 0, 0, 0, 0, 0, 0, 28.0099, 35.6558, 17.8153, 0, 0, 17.8153, 0, 0, 10.1694, 0, 0, 0, 5.07211, 5.07211, 0, 0, 0, 35.6558, 25.4612, 2.52347, 0, 22.9126, 0, 0, 5.07211, 2.52347, 2.52347, 0, 2.52347, 7.62074, 2.52347, 5.07211, 2.52347, 0, 10.1694, 2.52347, 0, 15.2667, 0, 15.2667, 22.9126, 5.07211, 2.52347, 5.07211, 0, 0, 0, 7.62074, 7.62074, 2.52347, 0, 0, 0, 7.62074, 0, 10.1694, 20.3639, 5.07211, 0, 5.07211, 2.52347, 0, 0, 0, 5.07211, 2.52347, 0, 0, 0, 10.1694, 0, 0, 5.07211, 5.07211, 0, 0, 0, 0, 0, 0, 0, 0, 0, 0, 0, 10.1694, 0, 0, 0, 0, 0, 0, 0, 0, 0, 0, 0, 0, 0, 0, 0, 10.1694, 0, 0, 0, 0, 0, 0, 0, 0, 0, 0, 0, 0, 0, 0, 0, 10.1694, 0, 0, 0, 0, 0, 0, 0, 0, 0, 0, 0, 0, 0, 0, 0, 5.07211
107.051, 68.8219, 68.8219, 68.8219, 68.8219, 68.8219, 68.8219, 63.7246, 61.1759, 50.9814, 66.2732, 68.8219, 68.8219, 68.8219, 68.8219, 58.6273, 48.4328, 12.7518, 12.7518, 12.7518, 12.7518, 12.7518, 12.7518, 7.65453, 0.008612, 15.3004, 20.3977, 12.7518, 12.7518, 12.7518, 12.7518, 0, 48.4328, 12.7518, 12.7518, 12.7518, 12.7518, 12.7518, 12.7518, 5.10589, 0, 7.65453, 15.3004, 12.7518, 12.7518, 12.7518, 12.7518, 0, 48.4328, 12.7518, 12.7518, 12.7518, 12.7518, 12.7518, 12.7518, 2.55725, 0, 7.65453, 10.2032, 12.7518, 7.65453, 12.7518, 12.7518, 0, 48.4328, 12.7518, 12.7518, 10.2032, 12.7518, 5.10589, 12.7518, 10.2032, 0, 12.7518, 15.3004, 10.2032, 12.7518, 10.2032, 10.2032, 0, 45.8841, 10.2032, 7.65453, 5.10589, 0, 12.7518, 10.2032, 10.2032, 0, 5.10589, 15.3004, 10.2032, 7.65453, 0.008612, 0, 0, 43.3355, 2.55725, 0, 0, 22.9464, 20.3977, 7.65453, 0, 0, 0, 5.10589, 12.7518, 2.55725, 2.55725, 0, 0, 30.5923, 17.8491, 17.8491, 12.7518, 10.2032, 0, 30.5923, 20.3977, 22.9464, 20.3977, 12.7518, 10.2032, 12.7518, 2.55725, 5.10589, 0, 28.0436, 20.3977, 0, 0.008612, 0, 33.1409, 45.8841, 7.65453, 10.2032, 10.2032, 0, 0, 7.65453, 7.65453, 7.65453, 0.008612, 30.5923, 10.2032, 2.55725, 10.2032, 15.3004, 20.3977, 0.008612, 2.55725, 5.10589, 0, 0, 0, 0.008612, 7.65453, 15.3004, 7.65453, 30.5923, 7.65453, 15.3004, 5.10589, 10.2032, 2.55725, 0, 2.55725, 0.008612, 2.55725, 0.008612, 7.65453, 5.10589, 5.10589, 10.2032, 2.55725, 22.9464, 7.65453, 0, 2.55725, 0.008612, 0.008612, 5.10589, 5.10589, 5.10589, 5.10589, 5.10589, 5.10589, 5.10589, 10.2032, 10.2032, 0.008612, 20.3977, 0, 5.10589, 7.65453, 10.2032, 10.2032, 10.2032, 7.65453, 10.2032, 7.65453, 5.10589, 5.10589, 7.65453, 7.65453, 7.65453, 0.008612, 20.3977, 12.7518, 12.7518, 10.2032, 10.2032, 5.10589, 7.65453, 7.65453, 5.10589, 5.10589, 2.55725, 5.10589, 5.10589, 5.10589, 2.55725, 0.008612, 28.0436, 12.7518, 7.65453, 7.65453, 5.10589, 5.10589, 5.10589, 5.10589, 2.55725, 2.55725, 2.55725, 2.55725, 5.10589, 2.55725, 7.65453, 0.008612, 20.3977, 0, 0.008612, 0.008612, 0.008612, 2.55725, 2.55725, 0.008612, 2.55725, 0.008612, 0.008612, 2.55725, 0.008612, 0.008612, 2.55725, 0
20.3863, 0, 0, 0, 0, 0, 0, 0, 0, 5.0945, 2.54586, 0, 0, 0, 0, 0, 12.7404, 0, 0, 0, 0, 0, 0, 0, 2.54586, 15.2891, 17.8377, 10.1918, 2.54586, 0, 0, 0, 12.7404, 0, 0, 0, 2.54586, 2.54586, 0, 0, 5.0945, 5.0945, 17.8377, 20.3863, 5.0945, 0, 0, 0, 12.7404, 0, 0, 0, 5.0945, 5.0945, 2.54586, 0, 0, 5.0945, 12.7404, 22.935, 15.2891, 2.54586, 2.54586, 0, 12.7404, 2.54586, 2.54586, 2.54586, 22.935, 22.935, 7.64314, 5.0945, 0, 0, 2.54586, 20.3863, 22.935, 15.2891, 10.1918, 7.64314, 15.2891, 2.54586, 7.64314, 10.1918, 22.935, 28.0322, 22.935, 20.3863, 22.935, 0, 0, 5.0945, 20.3863, 20.3863, 15.2891, 10.1918, 20.3863, 12.7404, 5.0945, 12.7404, 0, 17.8377, 22.935, 17.8377, 22.935, 15.2891, 0, 0, 7.64314, 17.8377, 17.8377, 12.7404, 20.3863, 17.8377, 5.0945, 10.1918, 15.2891, 10.1918, 2.54586, 10.1918, 10.1918, 15.2891, 7.64314, 0, 0, 5.0945, 5.0945, 2.54586, 10.1918, 10.1918, 7.64314, 5.0945, 15.2891, 15.2891, 0, 5.0945, 5.0945, 15.2891, 17.8377, 10.1918, 0, 2.54586, 5.0945, 0, 7.64314, 0, 2.54586, 0, 2.54586, 5.0945, 7.64314, 0, 0, 0, 7.64314, 10.1918, 2.54586, 0, 7.64314, 2.54586, 7.64314, 0, 0, 0, 0, 0, 7.64314, 5.0945, 2.54586, 0, 0, 0, 0, 0, 2.54586, 2.54586, 7.64314, 2.54586, 0, 2.54586, 2.54586, 0, 0, 0, 2.54586, 0, 0, 0, 0, 2.54586, 0, 0, 5.0945, 2.54586, 2.54586, 0, 0, 0, 0, 0, 0, 0, 0, 0, 0, 2.54586, 2.54586, 0, 5.0945, 0, 0, 0, 0, 2.54586, 2.54586, 2.54586, 2.54586, 2.54586, 2.54586, 2.54586, 2.54586, 2.54586, 2.54586, 0, 7.64314, 2.54586, 2.54586, 2.54586, 2.54586, 2.54586, 2.54586, 2.54586, 2.54586, 2.54586, 2.54586, 2.54586, 2.54586, 5.0945, 2.54586, 0, 12.7404, 15.2891, 12.7404, 12.7404, 12.7404, 12.7404, 12.7404, 12.7404, 12.7404, 12.7404, 12.7404, 12.7404, 10.1918, 12.7404, 12.7404, 10.1918