0.314401, -4.68387, -7.72879, -12.3491, -15.0392, -13.3579, -7.71139, -7.53165, -15.11, -21.5904, -26.7522, -28.9222, -26.7387, -23.0646, -16.4479, -10.4286, 5.51456, 6.29841, -1.86591, -7.38741, -2.61667, -0.490626, -0.691774, -0.664346, -1.98339, 5.41948, -4.75234, -11.2611, -3.80793, -6.05278, -4.96721, -1.43826, 1.27156, 10.1482, -8.16861, -16.5354, -9.55248, -9.81802, -9.71467, -3.77705, 5.59588, 14.9317, 2.20847, -12.0551, -5.27076, -6.23509, -8.36335, -7.76516, -2.60352, 7.2303, 2.96881, -5.67885, -3.46289, -3.5003, -6.72869, -8.98174, -6.47165, 0.830592, -0.661811, -5.11636, -4.04111, -6.55407, -4.90854, -5.4639
-11.0889, -13.2113, -2.43508, 4.20805, -0.144128, -2.76935, -0.301925, 1.43781, -2.77501, -7.9783, -5.08531, -4.33364, -5.38529, -0.78019, -0.0526966, -2.03424, 0.30367, -10.0121, -8.03193, -8.56561, -3.90559, -3.19217, -5.58301, -7.40017, -4.34122, -10.6494, -3.10824, -1.84152, 3.99787, 7.72457, 0.814512, 2.05688, -1.18491, -8.59336, -7.31377, -10.6503, -1.7434, 3.23384, -3.10387, 2.27449, 3.1157, -8.95093, -15.1817, -20.5688, -11.5208, -8.08528, -8.68605, -6.06088, 8.19221, 4.72859, 1.20731, -9.20602, -5.51367, -7.03427, -9.10892, -8.20418, 2.8803, 5.88395, 2.2258, -5.4029, -3.7685, -2.69305, -3.47276, -3.17538
-7.14741, -10.3389, -24.9051, -9.38606, -6.43476, -8.19363, -8.89402, -2.64779, 0.480556, -2.98085, -18.1007, -2.2807, 4.6771, 4.13716, 0.918731, 2.89184, 3.53298, -6.52084, -14.3735, 9.9879, 12.867, 10.1151, -0.0891632, 3.76568, -13.894, -13.2338, -8.96941, 10.6885, 13.9687, 13.7342, 5.4607, 4.00303, -18.9731, -19.4577, -12.1867, 1.66532, 8.91364, 6.7005, 4.3566, -1.16339, -11.0528, -21.9872, -22.9492, -2.68274, 3.36878, -0.393797, -4.33904, -6.83403, 3.29816, -7.3137, -11.3635, 0.110642, 3.219, -3.33304, -4.81223, -7.75926, 1.28365, -4.14899, -4.426, 2.77129, 2.82957, 4.79746, 0.83336, -2.96902
5.08446, 1.52804, -11.2812, -9.16209, -3.9477, -8.3751, -10.3997, -9.80031, -3.09358, -9.96623, -24.4363, -17.8018, -8.10238, -12.5217, -16.0083, -9.087, -4.41467, -12.3503, -30.3564, -19.2015, -5.21023, -6.42526, -15.1069, -7.58123, -6.15885, -7.61235, -16.2076, -15.8943, -12.4352, -10.7523, -12.803, -9.53385, -0.854504, 2.50002, -6.60662, -13.2211, -18.3649, -15.3441, -12.4852, -13.1484, 8.04115, 3.74434, -10.3425, -11.1778, -15.3116, -15.1398, -14.0143, -12.1572, 1.61976, -1.95691, -14.5312, -17.5545, -13.7343, -10.0267, -7.95444, -9.31375, -5.46744, -6.04499, -16.543, -16.9639, -11.0225, -6.3872, -6.01888, -7.20615
-16.2194, -14.6576, -5.5815, -7.78411, -11.8773, -4.93794, -5.42174, -2.10037, -17.2958, -20.2792, -9.18984, -5.66988, -7.94229, -5.27816, -4.72993, -2.2034, -32.4151, -34.1823, -26.2778, -17.4778, -19.1533, -13.7007, -7.88848, -4.5511, -6.95696, -5.20746, 3.0431, -0.7474, -9.51188, -5.67535, -0.70351, 0.121205, -4.52637, -4.09335, 4.08067, 5.82438, -0.200056, -6.94821, -2.91608, 3.54854, -23.4411, -23.6207, -3.73185, 10.3106, 2.96485, -3.7571, -1.56877, 5.30761, -19.2902, -23.4436, -10.1146, 4.07028, -0.870873, -2.93976, -5.05875, -0.884396, -14.9474, -22.5809, -15.4603, -7.37447, -6.65325, -9.16833, -9.18219, -4.39213
1.14495, -5.62557, -21.9944, -16.7406, -11.744, -10.1523, -7.49406, -9.34145, 11.3629, 6.26413, -15.8264, -13.2296, -4.14625, -2.80615, -2.86492, -5.51976, -10.1291, -15.7377, -38.2103, -30.3154, -19.6539, -16.42, -8.07516, -6.18728, -2.81558, -11.537, -23.1878, -18.9829, -13.0789, -7.21606, -0.487928, 3.56474, 0.594021, -5.52667, -19.9783, -19.0307, -10.6267, 0.0790481, 2.42355, 3.205, -0.73338, 0.100397, -15.063, -23.4495, -22.4059, -6.56826, -1.79711, -3.29805, 3.9267, 10.4811, 5.49569, -4.72262, -7.29008, 2.77625, 1.78328, -3.15698, 2.28361, 6.41234, -0.295296, -0.314168, 0.57374, 9.37418, 5.40962, 0.0724024
-8.59175, -12.2234, -8.01936, 0.773286, 5.29463, 2.69464, -2.20979, -0.304394, -14.1219, -6.67125, -2.02322, 4.36261, 9.86264, 8.66157, 3.85768, 1.55552, 0.710083, 6.60072, -0.619, -4.52382, -3.73833, -2.80672, -0.171725, 1.14007, -6.62387, -9.88402, -10.2314, -12.7982, -13.4755, -9.39953, -6.70429, -2.77232, 2.62618, -4.1837, -10.2233, -8.53781, -3.4995, -1.50908, -7.79167, -3.64531, 8.17743, -0.209862, -15.852, -11.7056, -3.22647, -4.00759, -9.11134, -7.53983, 7.14742, 5.44813, -3.07371, -3.20456, -3.06784, -7.38427, -11.6467, -11.0683, 0.60373, 4.83082, 5.34232, 4.67619, 3.54004, -2.00722, -7.82858, -5.2402
-0.766129, 2.79026, 3.95539, 7.20219, -1.97049, 1.32686, -0.469784, -3.98876, -10.3828, -16.6881, -15.8499, -11.2174, -6.52201, -3.58626, -3.18152, -2.81057, -11.5341, -18.4125, -20.1999, -13.6258, -1.85834, 4.12877, 3.88262, 0.138237, -11.5257, -4.23275, -3.30761, -2.54609, 1.16887, 9.31503, 5.74565, 1.12334, -13.8388, -4.66534, 1.86138, 6.5652, 4.71234, 3.62054, 1.65046, -0.745793, -9.78143, -12.381, -8.75493, -3.51997, -2.63577, -2.08246, -1.67022, -4.75583, -1.39862, -5.71583, -8.33715, -9.24369, -5.29439, -3.67053, -5.05077, -8.13138, 5.23967, 2.63461, -3.5206, -2.61651, 2.43833, -1.15193, -1.22487, -2.96234
9.23408, 17.14, 9.8556, -2.10136, 0.82751, 2.943, 2.10138, 1.41904, -1.16842, 0.929894, 0.20683, -10.8132, -20.1537, -17.5631, -11.5126, -8.93257, -3.79186, 4.87773, 12.0395, -4.82149, -20.4829, -13.4084, -12.3261, -13.8048, -2.7588, 11.7504, 5.42488, -9.53208, -5.03831, 0.815998, -5.41465, -8.46641, -7.09036, 5.72933, 4.91113, -10.955, -12.3167, -11.2755, -8.54304, -7.04731, -13.0701, -0.379736, 5.83997, -9.3892, -10.468, -10.816, -9.68784, -10.3612, -5.28901, 1.51945, 5.54785, -6.63377, -4.37538, -14.3682, -12.04, -4.14917, -4.23604, -4.96626, -9.89775, -9.54835, -9.68967, -19.9513, -11.5488, 1.04269
-2.53417, -2.78366, 1.95169, -5.51268, -3.63596, 0.782619, -3.16921, -2.90211, 7.54604, 4.26848, 6.35297, -4.67955, -5.5947, 5.21887, 7.11664, 4.44726, -5.54718, -2.146, 3.51529, -11.7952, -7.18867, -1.73023, 1.55203, 2.30181, -2.02524, -11.0721, -6.44801, -12.7224, -6.33321, -6.56183, -3.67705, -0.481601, -10.8134, -22.151, -13.2611, -14.5044, -18.5882, -19.6184, -9.71584, -6.03695, -1.99997, -7.23018, 3.09209, -3.19156, -8.38203, -9.9143, -0.83601, -4.90427, -1.72763, -3.63569, 8.00247, 3.98553, 4.42373, 0.258872, 6.51398, 0.361595, -12.6187, -13.0352, -7.12399, -8.55207, -8.31114, -4.54563, 1.77487, -0.465456
3.8552, 1.78297, 1.06645, 0.0589273, -1.86661, -2.54642, -1.36747, 0.904196, -1.91966, -1.60334, 3.04937, -1.02653, -2.28042, -2.2289, -0.820937, -0.219455, 4.37331, -1.7224, -9.99494, -15.2905, -4.43903, -3.40215, -3.62645, -0.917884, 6.37368, -1.15728, -9.28584, -12.9183, -8.23734, -2.38232, -1.47681, -0.391037, 9.14972, 8.37263, 3.85653, -4.84128, -9.01618, -8.22834, -8.39868, -5.07842, 8.19307, 4.24116, 1.47939, -0.3213, 0.0500809, -0.407059, -1.30211, -1.24235, 3.98839, 4.93425, -0.0904423, 0.688297, 2.34756, 2.67141, 4.76832, 3.08329, 6.90491, 5.26149, -4.71952, -11.9131, -10.2271, 0.358774, 5.15427, 1.46934
-0.436398, 4.98043, 8.69343, 5.74823, 0.544791, -0.335483, -2.29239, 1.09435, -1.58484, -0.500401, -2.87706, -0.291461, 1.86307, 3.19048, 0.671962, 1.35511, 4.76773, -5.08984, -11.9088, -5.80776, -4.21348, 3.44269, 3.18317, 2.15145, 4.18787, -8.69334, -16.0231, -7.499, -0.914671, -3.59145, -1.27231, 4.07085, -2.13093, -9.86825, -12.988, -6.59043, -6.81487, -6.63013, 0.266959, 4.82977, 6.13761, 0.684396, -3.06727, -0.324402, -2.69513, -1.49331, 4.40515, 7.2142, 7.12127, 3.46465, 0.642939, -3.56238, -6.61491, -3.20915, 1.33552, 2.17698, -2.60598, -0.224061, -4.79924, -9.63129, -6.97259, 2.02963, 1.76079, -1.35782
-11.8536, -10.905, -7.52976, -0.31797, -5.86074, -2.92038, 2.75727, 3.35785, -14.3911, -14.5323, -12.2419, 1.30596, -0.805475, 0.0756264, 4.22944, 4.4324, -14.4603, -9.50343, -7.42665, -1.71765, -4.4704, -8.41752, -10.3701, -7.69035, -8.81706, -6.70523, -6.00059, -0.955689, -3.43677, -15.8107, -14.5349, -11.0202, -9.82804, -6.58838, -3.67346, 4.31512, -3.06715, -13.0444, -15.5116, -10.6908, -8.10116, -0.986474, 1.279, 5.27342, 3.91556, -2.23066, -6.85371, -3.17805, -10.5755, -10.3886, -2.90072, 3.42637, 5.44313, 1.88569, -2.55737, -1.75825, -9.49213, -11.1626, -7.4021, -6.40041, -0.429637, -3.16397, -8.34409, -4.64114
-0.881535, -5.92314, 0.589543, 4.19676, -0.180005, -0.203759, 1.11802, 0.645986, -1.59017, -12.239, -5.3635, 4.05658, -0.0827771, -3.55433, -4.26332, -1.10195, -6.80306, -13.7223, -2.564, -0.791303, -9.00172, -11.0232, -9.57089, -4.17937, -11.0435, -11.7864, -2.49362, -6.16282, -10.767, -8.56172, -6.54206, -7.18794, -4.72316, -12.3739, -1.93651, -0.101389, 1.06213, -4.52318, -5.59046, -5.99777, -12.8915, -15.6168, -0.574425, -1.75187, -1.3378, 0.151732, -4.68643, -8.55858, -4.0154, -6.23105, 1.39147, -5.61834, -8.39184, -6.38168, -4.6862, -3.60181, 0.476988, 0.329895, 7.12973, 1.16843, -0.579079, -1.02187, -1.00295, 1.48173
-0.381719, -9.83886, -13.7587, -17.9571, -11.5596, -5.78596, -7.2138, -11.9832, -2.32684, -12.0197, -12.4628, -7.73709, -8.49716, -8.63135, -7.77181, -12.8021, 8.1494, 2.23466, -5.71211, -0.343363, 7.06207, 5.87748, -3.07187, -3.42834, -1.21834, -13.4639, -26.2494, -19.3261, -2.18819, 0.139282, -11.0292, -8.09806, -9.06951, -9.02733, -11.2958, -12.1767, -3.71569, -4.17842, -11.3749, -7.28121, 4.44006, 3.90636, 1.463, 0.486799, 2.72484, 0.0564716, -3.72012, -1.74667, -2.30934, -9.15547, -5.35865, 4.68808, 11.862, 11.0431, 7.67677, 1.31247, 0.610496, -7.2513, -12.438, -4.51524, 3.91397, 5.16679, 2.56974, -5.29946
-10.6585, -4.44896, -3.73206, -4.67961, -6.43375, -5.56138, 3.66649, 0.206822, -12.6979, 1.83565, -7.49649, -10.6838, -9.32656, -10.1822, -1.52356, -1.75442, -11.5469, 11.2746, 5.09705, -5.70065, -12.6405, -11.9696, -5.06543, -8.1744, -10.2057, 4.42025, 0.75132, -4.75639, -6.53352, -6.52874, -7.79938, -13.1444, -5.32367, 12.6188, 11.51, 9.79128, 5.4238, -2.14396, -4.01285, -7.25353, -8.11363, 9.62952, 0.308817, -1.70038, -0.0257492, -2.93206, -1.38197, -3.18931, -2.66181, 12.8695, 2.98115, 1.50636, 1.5893, -4.54915, -4.48333, -4.13462, 2.05778, 18.2756, 13.2777, 15.2037, 8.86333, 4.19302, 4.76834, 1.6176
1.87191, 5.05811, 2.48418, 0.0548436, -1.41851, -4.34276, -1.20017, -0.942982, -9.27284, -5.69652, -1.37736, 5.3485, 3.23475, -4.36787, -3.33312, -0.413191, -7.77235, 5.28219, 5.74602, 2.61795, 0.272653, -0.0755874, 3.51546, 5.12267, -4.95986, 2.92091, -4.55856, -8.178, -1.87901, 2.02725, 2.09702, 4.68219, -10.4506, -9.80626, -3.88714, 1.76216, 1.09514, -0.749828, 1.52993, 6.91275, -14.3578, -9.70067, -8.80566, -7.2204, -9.14316, -10.0287, -9.40845, -3.08943, -11.8283, -8.55453, -4.44795, 0.563832, -0.921039, -10.2551, -13.9345, -7.12589, -7.02022, -6.4271, 1.36189, 9.15511, 4.53436, -5.67152, -8.20112, -1.9991
-17.2397, -22.9874, -28.19, -25.9425, -20.3508, -19.1546, -15.8319, -10.4618, -23.4764, -26.6369, -25.6203, -26.7533, -24.594, -20.8764, -16.2689, -8.85038, -21.0872, -20.1447, -18.1741, -21.0549, -12.7787, -5.99885, -4.16244, -2.5607, -19.2914, -17.891, -15.5527, -8.92934, -0.761318, 0.923983, 4.07665, 7.46177, -18.3765, -18.8759, -14.7815, -8.60415, -2.93608, 0.299752, 4.06783, 5.31641, -18.7971, -20.7512, -20.7222, -21.2829, -9.949, -0.555771, 1.39852, 1.41542, -13.9096, -13.9638, -11.0301, -9.68884, -5.64179, -3.26977, -0.655356, 3.83388, -7.25176, -7.63787, -3.82841, 0.990376, -1.42358, -2.12077, 3.58396, 4.33177
-7.45309, -8.33401, -4.54651, -6.55912, -4.66597, -2.86635, 0.925388, 0.813255, -0.59014, -4.08374, 0.2145, -4.02862, 1.48919, 2.27789, 2.58203, 1.05957, -7.03029, -11.7039, -5.58302, -10.167, -10.2184, -7.68458, -2.45453, -1.0644, 2.63287, -0.869232, -5.71938, -8.22088, -0.568391, -3.85115, -4.20989, -3.06712, 7.42354, -4.39016, -9.26345, -4.96786, -0.405758, -8.81743, -12.5, -6.58085, -1.16941, -6.95332, -10.67, -5.16946, -1.30478, 6.16627, -0.0320637, -1.1631, 6.39213, -3.15329, -11.449, -7.14336, -1.26626, 5.89465, 0.57304, -0.510313, 1.03465, -5.32423, -9.85116, -7.34489, -7.49418, -2.73246, -2.41908, -2.03341
-15.1813, -19.9089, -15.4896, -17.0074, -21.7227, -15.1742, -14.1374, -9.48204, -2.32505, -3.7336, 2.2718, -1.98823, -7.28939, -0.0260667, -4.78963, 2.31104, -11.3031, -17.2697, -8.90786, -6.94995, -5.54623, -1.30963, -1.02189, 1.12059, -14.5255, -17.5577, -15.0516, -16.018, -9.7444, -2.65255, -1.98736, 0.613932, 1.45458, -4.33571, -5.31655, -6.86371, -6.73714, -10.2125, -12.4455, -1.01572, -6.0129, -11.0851, -13.5624, -17.5199, -13.6791, -13.9361, -11.9007, -4.19795, -6.14536, -4.89541, -4.49042, -0.139474, -1.17301, -0.318675, -1.24145, 0.625851, -5.46521, 0.602582, 0.982501, 5.15578, 3.77393, 2.68375, 0.126887, 2.90914
-2.15425, -2.76536, -1.89923, -2.70025, -2.42723, 1.09506, -1.86717, -2.52528, -15.1078, -17.1755, -10.5338, -6.59498, -7.13291, -3.45278, -5.70373, -4.12345, -8.04612, -12.5849, -9.95226, -0.288858, 2.68656, 2.47551, -2.83044, -1.3918, -9.2076, -15.7941, -14.6555, -6.86629, -5.71677, -5.51083, -5.76349, -6.31476, -11.3102, -16.2392, -13.3012, -3.26317, -4.66565, -7.81065, -4.44992, -3.04614, 3.39362, -11.1781, -17.0032, -8.05406, -5.37376, -6.04874, -4.94172, -3.54162, 8.39226, -2.52079, -11.6748, -7.18978, -3.31292, -5.14277, -7.94056, -6.42468, 1.59673, -2.17092, -3.11201, -0.644646, -2.62324, -5.04613, -7.47161, -3.80473
6.59398, 10.9098, 6.64422, 0.689042, 6.37638, 3.16016, 1.90988, 4.39855, -9.99327, -9.7779, -9.06499, -11.702, 1.58524, 4.74459, 0.700379, 5.97523, -8.68766, -12.382, -12.0081, -20.0386, -7.67698, -0.60181, -6.02266, -3.02525, 5.30857, 7.06795, 11.929, -2.54098, -9.47179, -6.44514, -6.15484, -5.67136, -3.39698, 7.06518, 18.5002, 4.54897, -4.42131, -3.61731, -3.90418, -3.90448, -4.15347, -4.15706, 7.28649, 12.309, 10.5471, 4.78073, 4.2881, 1.97376, -3.48564, -13.2238, -6.97225, -2.79987, -3.08807, -4.70061, -3.52643, -1.45247, -0.617091, -14.633, -21.2324, -17.8846, -14.3029, -14.8215, -15.0911, -6.94199
3.48136, 0.204259, -0.405091, -6.75116, -8.15867, -8.6609, -5.66291, -0.827083, -8.50672, -9.05318, -9.33871, -17.34, -13.2499, -14.7487, -12.1305, -0.321139, -7.57443, -18.1592, -16.3742, -19.2855, -13.1345, -14.9729, -12.1378, 3.01652, -8.77452, -17.8059, -19.8986, -18.1464, -10.5677, -9.91772, -10.3098, 5.49738, -6.46989, -16.3566, -20.0176, -19.4405, -14.2307, -17.8626, -17.7234, 2.38777, -4.73512, -8.29224, -4.13033, -3.29717, -10.3629, -15.3642, -12.3001, 0.140308, -9.66753, -7.83941, -1.11044, 4.08854, -3.88783, -8.2323, -4.6201, -1.44696, -10.7598, -9.07025, -9.57839, -1.36402, -6.06759, -4.82959, -4.14567, -1.72322
1.49808, 9.27427, 12.6681, 2.42748, -5.46453, 0.566144, 4.63274, 2.51163, -1.08627, 0.161008, -0.841977, -4.21178, -5.01352, -4.2099, -1.39892, 2.88041, -9.44119, -19.3867, -23.4211, -12.3664, -7.62766, -10.0033, -6.92197, -3.59769, -3.83493, -3.778, -9.30958, -8.83347, -9.23197, -13.6463, -16.4815, -9.83397, -5.64327, -3.56159, -3.33792, 5.35477, 3.25678, -6.19475, -7.97987, -3.83874, -6.32732, -11.1785, -3.16612, 5.98352, 2.99143, -6.03281, -2.33073, -1.06161, -11.5781, -13.5145, -14.5145, -10.1657, -10.7986, -11.3982, -7.01119, -5.03036, -5.00847, -4.8729, -12.4441, -15.5463, -18.5851, -17.4815, -11.7031, -9.2909
-11.0996, -12.5541, -10.4446, -4.30289, -3.55383, -6.37851, -5.92049, -3.3091, -8.18277, -10.5278, -8.87014, -9.31088, -5.25266, -0.988123, -3.59859, -1.44474, -12.6407, -12.9856, -8.76073, -4.21709, -3.57849, 0.816381, 0.850596, 2.40114, -13.2506, -13.3652, -6.5896, -8.45181, -4.2356, 3.2966, 3.28256, 0.569788, -12.7891, -11.9008, -12.1068, -12.4208, -2.56668, -2.94797, -3.49079, -2.8166, -12.5368, -13.669, -10.9707, -7.48179, -2.63662, -3.45822, -0.20322, -2.92379, -13.2788, -13.8371, -7.17309, -5.91785, -6.91639, -5.3893, -1.04243, -0.746965, -15.1402, -14.5744, -7.97208, -2.32272, -4.65876, -4.53484, 0.357104, 1.03657
-6.72471, -11.7438, -3.03175, -6.64672, -7.54343, -4.50056, -2.95969, 0.221558, -4.92068, -11.1533, -0.772327, -8.17521, -7.93025, -4.04805, -3.87961, -1.92056, 1.04153, 2.89107, 15.7602, 10.6974, 2.07304, 3.25054, 4.95627, 6.44195, 3.94501, 2.43616, -0.913119, -4.03845, -5.31432, -0.818584, 0.994369, -2.3614, 3.48806, 0.119636, -4.19681, -0.738834, 0.400318, -0.268115, 1.27229, 0.19113, -5.94056, -2.1285, 6.43941, -0.710509, -2.30097, 0.401706, 2.80744, -0.307485, -5.01472, 0.577743, 1.05103, -12.4128, -9.8957, -2.82186, -0.777115, 0.321717, 1.77324, 7.04765, 7.97063, -0.466234, -1.67506, 2.21845, 5.95744, 1.76202
-2.60601, -8.22521, 2.16306, -4.85673, 0.284506, 0.65183, -0.596725, -0.770128, -8.72677, -10.9854, 1.19363, -2.0543, 4.54391, 6.8394, 0.454506, 2.42792, -2.59034, -3.0327, 14.2215, 6.8509, 6.4242, 7.63273, 0.283923, 0.283084, -6.61148, -6.72754, 11.1749, 8.13621, 7.50225, 7.35968, -0.537454, 1.45929, -12.1103, -7.24627, 10.1928, 3.76857, -0.952756, -3.10199, -8.29968, -1.25183, -7.94406, -11.3038, -1.38045, -3.34632, 6.77928, 3.07514, -4.45845, -2.13639, -0.259459, -0.255874, 11.4221, 8.53336, 7.29447, -7.26994, -10.7821, -3.39043, -0.336918, 3.88476, 15.7887, 8.98769, 6.39297, 0.896245, -0.216243, 0.346378
-9.48858, -9.48565, 5.42031, 8.12283, 4.66969, -1.69466, 3.2483, 5.98779, -14.9479, -12.602, 1.52997, 1.19971, -3.89166, -12.0721, -6.37368, -1.18117, -16.0161, -15.4096, -4.18424, -0.611008, -2.4285, -10.8898, -8.00958, -0.31541, -16.1474, -18.2965, -11.0286, -6.31237, -2.33582, -9.54408, -5.50824, -2.23062, -16.3041, -9.63787, -8.97685, -10.7513, -3.61163, -1.62384, -5.95646, -5.75416, -14.131, -3.23638, -2.29053, -8.0122, -6.83882, -3.29183, -12.959, -5.6344, -18.3926, -13.6533, -9.86005, -13.1327, -11.3225, -9.66771, -12.0635, -5.1692, -18.5213, -16.5731, -12.4485, -12.6979, -12.8958, -12.5876, -10.4964, -4.2991
-4.59036, 5.61997, 11.8817, 11.9396, 4.25762, 4.89868, 3.78395, 3.98804, 1.37969, 4.34362, -0.114771, -3.67908, -1.11908, 4.60301, 4.56043, 1.09705, -0.544985, -3.42969, -10.8214, -14.3894, -12.0769, -2.61206, 3.61167, 3.68532, 4.07794, 1.72204, -10.5627, -15.2782, -16.9655, -9.67271, -0.884223, -0.491317, 1.28092, -3.68139, -11.964, -10.5603, -10.8652, -11.2348, -6.14998, -5.26864, -1.36314, -2.17729, -4.55768, 3.33715, -0.334252, -5.40678, -1.26516, -0.0435512, 1.68779, -5.20057, -12.9202, -5.96023, -1.569, -2.09738, 1.12129, -2.53071, 2.13632, -2.8064, -8.83315, -9.00649, -5.54288, -3.53102, -2.39453, -6.68688
-15.9899, -11.6629, -14.2665, -9.84435, -1.97813, 1.91815, -0.752848, 3.97283, -21.6519, -22.1976, -18.8509, -4.84289, 3.70892, 5.39354, 1.05249, 0.710567, -12.8856, -10.8256, -10.7118, -2.91089, -8.74854, -5.64186, -5.56542, -5.93402, -15.1718, -7.58729, -11.4018, -9.12742, -14.5948, -7.54708, -8.6096, -6.1796, -10.5145, -16.127, -19.3985, -8.6201, -5.9846, -2.90153, -6.34459, -5.68993, -21.1206, -29.4091, -27.405, -11.5341, -7.46389, -6.17901, -5.19972, -6.96704, -20.9979, -25.8352, -29.1942, -18.2859, -11.9687, -6.85407, -9.28927, -7.54269, -11.6144, -19.7378, -26.6363, -16.627, -10.6256, -6.2531, -8.20578, -6.9506
5.35919, -2.67749, 1.90277, 3.6332, 0.104232, 2.90823, -3.71911, -2.56932, 5.32454, 0.481775, 4.22763, 6.00811, 3.03694, 4.95752, -2.25448, -3.08227, -3.40126, -5.74139, -0.255709, 5.31023, 9.69226, 7.76324, -2.70901, -6.71212, -14.003, -12.1356, 1.88015, 8.28571, 10.8887, 1.22748, -0.86457, -2.14144, -11.8125, -12.4879, -1.48686, 1.66065, 0.930077, -8.3981, -11.3364, -4.67964, -1.40646, -0.400056, 5.41408, 3.97685, -1.23846, -5.13371, -8.53226, -4.27037, -0.0268187, 0.928858, 3.86233, 5.93091, -2.02631, -4.62563, -1.10728, -0.140574, -8.87262, -14.2569, -14.1893, -5.73186, -9.41036, -7.51295, -1.34483, -0.946895
-6.56361, -12.5195, -21.8972, -17.754, -13.5883, -13.692, -7.90828, -7.08925, 0.311937, -11.2152, -21.5689, -10.1415, 4.14495, -0.677026, 3.98307, 6.0694, -0.628747, 1.98695, -1.66467, 0.124712, 10.4449, 6.17422, 4.64937, 5.73309, 0.770145, 3.64275, 0.226201, -7.41187, -1.76928, -2.8034, -3.58624, -1.52482, 4.20835, 0.252525, 3.88381, -0.768252, -2.0815, -3.00527, -3.09198, -2.68517, 8.35173, 5.40015, 1.00585, -2.70661, 3.15692, -0.623321, -2.88511, -7.15974, 10.1286, 10.37, 0.105437, -1.07357, 4.90107, 2.04731, -3.25894, -7.61611, 6.10168, 6.84016, 5.02618, 5.47417, 5.09726, 0.0786757, -4.32594, -6.41561
-16.2045, -12.3085, -13.8973, -12.3488, -2.79727, -3.95608, -9.22486, -6.8721, -5.31846, -14.4996, -15.222, -6.38787, -5.05417, -3.5513, -4.46953, -2.03802, -2.56828, -9.22666, 2.95651, 4.82538, 0.237054, -2.12441, 2.29491, 1.20824, -11.5787, -16.9852, -11.2424, -8.11281, -5.89539, -7.81922, -3.48354, -6.90136, -13.0359, -16.986, -11.0511, -4.44121, -2.12575, -2.79424, -0.456787, -6.99769, -6.8185, -7.07772, -1.627, -7.59115, -5.7823, -0.284396, -0.6486, -2.28341, -8.05532, -9.82446, -3.49724, -7.22079, -6.43239, -2.38582, -8.3738, -3.56247, -0.795712, -4.06292, -0.265911, -5.16724, -0.714892, -2.03483, -7.01816, 0.0284635
-17.7289, -11.9665, -15.0839, -12.607, -9.82408, -10.9031, -12.6722, -8.545, -18.1585, -11.5284, -12.3393, -12.1667, -10.4759, -11.0343, -11.9259, -5.67135, -1.70885, 15.6149, 13.0462, -4.82763, -0.888128, 9.20909, 4.8562, 1.08081, -18.6748, -16.5413, -22.5262, -28.5844, -11.8028, -7.26711, -7.31291, -5.21555, -15.0544, -13.0154, -10.5321, -10.6759, -9.32148, -8.84854, -4.56935, -1.35592, 3.43825, 0.935359, 2.51531, -3.12478, -8.18859, -6.66859, 0.0401349, -0.0146883, -0.653638, 1.09944, 1.19394, -0.974757, -5.46385, -6.91292, 0.702993, 1.44151, 0.856878, 1.79729, 3.62201, 3.67483, -1.07247, -2.00359, 3.75127, 2.13213
-11.047, -14.0259, -5.64877, -5.73691, -17.2082, -12.7039, -9.44224, -6.08215, -5.61726, -3.8864, 5.087, 2.55991, -9.67686, -6.10032, -5.97716, -4.93936, -1.4733, 6.17483, 7.26256, -2.12523, -6.56317, -2.3542, -9.4078, -6.17475, -19.472, -16.8328, -16.6773, -17.3322, -15.1999, -12.1273, -16.7411, -10.1383, -16.8383, -17.595, -15.2222, -11.3874, -2.50822, -7.73743, -13.8256, -5.32449, -10.5595, -7.70528, -7.03773, -3.5226, 7.74187, -2.6856, -3.72678, 2.21983, -12.3679, -7.205, -2.71864, -6.65437, 1.16937, -5.37783, 1.19482, 1.1329, -3.80356, 2.58185, 4.35475, -6.67716, -6.70032, -6.06178, 2.32588, 0.537489
-3.83086, -11.2944, -7.97893, -5.20526, -0.553972, -2.82612, -3.24791, 3.23714, 1.42924, 0.0443808, 9.10235, 0.475266, -6.08525, -0.0321401, 0.744325, 2.57431, -4.68015, 1.0007, 13.7502, 4.19037, -1.92529, 3.12651, 0.980159, -1.45109, 0.697365, 0.563823, 7.59253, 3.45273, 1.67371, 3.26317, 2.03045, -1.48214, 4.17107, 6.31745, -0.57419, -8.34931, -6.39747, 5.08204, 4.10465, -0.727838, 8.08491, 9.59181, -0.55355, -9.84004, -9.10235, -2.77643, -0.139731, 1.03176, 3.45807, 5.89383, 4.43357, 0.209368, -2.19573, -6.44161, -3.02529, 3.59987, 0.936552, 7.34477, 9.55596, 9.81456, 8.44351, 1.19122, 2.41567, 5.07776
-13.5822, -19.7073, -9.70406, -11.4349, -10.4585, -12.1738, -11.1342, -4.70365, -3.01335, -16.36, -14.1675, -19.8004, -14.7814, -14.9691, -13.8708, -4.40858, 6.78205, 7.88083, 2.60343, -11.6664, -8.37091, -3.33757, -2.89003, -3.14382, -5.42704, -4.44944, 2.09545, 0.298433, 3.29473, 5.00625, 1.9022, 0.707638, -5.71187, -16.9069, -14.9171, -6.90997, -0.122636, -0.701219, -1.29608, -0.525019, 6.46989, -1.65737, -10.0502, -7.98269, -5.30507, -5.49865, -7.62398, -8.28811, 12.7307, 14.5588, 12.0267, 7.10834, 3.32646, 0.696632, -0.938749, -2.44008, 1.19703, 10.2769, 15.7452, 11.9396, 8.60938, 3.84313, 4.18998, 2.07366
-3.49249, -4.99193, -0.0780791, 0.12112, -1.96465, -5.10236, -9.05507, -2.29855, -0.65823, -9.67457, -2.77076, -0.511686, -2.60562, -7.91987, -15.7312, -7.85616, 2.78834, -8.64172, -9.8852, -13.583, -13.1258, -10.3927, -9.7788, -7.21301, 3.39834, -12.4459, -17.2161, -19.1127, -17.0724, -10.8195, -8.93676, -4.08841, 6.29056, -14.2844, -20.8098, -14.197, -12.1995, -8.07104, -9.48971, -4.27788, 10.3305, -10.932, -19.4016, -13.0692, -6.9752, -4.26303, -8.42598, -2.20178, 7.07684, -9.36119, -20.5493, -17.0454, -9.62596, -6.09463, -6.2837, 3.05179, 9.35279, -3.14472, -14.345, -11.377, -9.65807, -5.42619, -3.43622, 4.87671
6.627, -0.446677, -1.60306, 1.85084, 2.85247, 3.33739, 1.84681, 3.48083, 6.31619, -9.18715, -3.22539, 2.48018, -5.24406, -7.01907, -4.01552, -2.05201, 10.1719, 1.30088, 1.93519, -4.50676, -13.71, -11.8964, -3.96746, -5.66966, 9.90063, -1.93783, -2.89532, 3.08542, -0.909478, -1.40996, 1.46328, -3.72345, 5.9596, -5.68524, -9.36348, -5.69271, -2.14897, 4.52746, 3.38645, -4.58364, 8.8328, 2.50588, -6.42774, -12.3345, -5.73834, 7.79547, 2.08832, -2.8424, 8.05373, 4.70298, -2.42625, -8.0159, -3.73301, 3.34826, 0.384564, -0.731317, 3.18055, 4.00428, 3.46428, 4.29391, 9.51841, 7.93507, 8.15069, 5.79843
-4.96525, -1.95641, -11.5651, -6.44454, 2.4716, -0.600427, 4.21707, 7.31848, -9.91202, -1.37671, -6.5176, -13.3313, -8.03661, -6.39234, -2.06317, 3.49693, -2.68203, 13.8275, 6.87607, -9.10337, -15.616, -13.8657, -11.0758, -10.8938, -4.7129, 11.8429, 17.9917, 6.29821, -7.75607, -9.7962, -6.62174, -7.70059, -9.66158, 3.11103, 4.09153, -3.75315, -6.37272, -3.95556, -2.75474, -5.33862, -8.92679, -4.75232, -20.7474, -23.226, -12.437, -9.36688, -6.76076, -6.88093, -6.27079, 1.88524, -7.03223, -14.3259, -15.0964, -13.797, -11.4342, -5.39069, -0.60583, 4.79619, -0.813198, -8.89456, -8.50577, -10.3063, -8.85731, 0.212069
-6.98345, -11.7898, -7.43858, -9.65585, -9.21467, -1.91514, -5.57146, -1.58759, -7.16128, -11.7435, -9.8151, -8.54236, -9.90003, -0.811565, -8.42451, -1.05943, -7.65048, -17.0312, -10.3127, -1.86509, -4.15768, 2.21622, 0.00357215, 6.22831, -10.8543, -19.5168, -17.2128, -7.62984, -6.72241, -0.868493, -5.08985, 0.526993, 2.1404, -0.892538, -9.57639, -10.3865, -6.94126, -3.75641, -4.34088, 1.59108, 0.190553, -2.88221, -10.9748, -9.25465, -9.17064, -11.8471, -7.1321, -4.45806, -7.53493, -9.24152, -12.1802, -5.9766, -5.3447, -5.81109, -4.10018, -3.01439, -7.04527, -4.39193, -2.21968, 1.9621, 2.28083, 3.46264, 1.7609, 3.45087
6.42294, 5.97966, -10.6078, -14.1191, -3.0147, -0.675707, 2.27094, 0.852601, -1.4526, 2.0509, -6.09222, -7.92323, 3.29846, 2.62112, 1.837, 3.96767, 8.90051, 9.55233, 2.61718, -6.648, -7.42448, -4.21777, -3.721, -6.59837, 10.1693, 11.4733, 4.83515, -2.55367, -8.13848, -9.78341, -9.8184, -7.22645, 1.56596, -0.909658, 2.46829, 1.58308, -6.80262, -5.26689, -2.06485, -0.667564, 4.8576, 2.19135, 3.69896, -4.22719, -7.81899, -1.60547, 1.56921, -4.37216, 6.74122, -1.09856, -7.66711, -8.26698, -8.27714, -7.72942, -6.05946, -5.04964, 10.6456, -0.782337, -8.98752, -7.84346, -10.5309, -11.8999, -8.49384, -4.65805
-2.23681, -6.08776, -6.36412, -11.4345, -8.76885, -8.54601, -5.7103, -5.22217, -8.64585, -10.8836, 0.186511, -5.09247, -5.17258, -6.86411, -3.46358, -1.68527, -7.17708, -8.3391, 3.35038, -4.5561, -4.12323, -5.32877, -2.69199, -1.47573, -6.90784, -14.163, -0.856615, -4.96056, -0.790969, -0.643252, -4.90627, -1.85527, -0.616624, -2.67883, 11.8114, 0.536855, -1.16671, -2.00818, -5.51147, -4.54063, 1.76854, 4.56784, 15.3064, 1.13954, -2.53004, -5.22281, -7.69844, -4.23463, 6.00192, 8.04732, 11.5389, 4.28774, -2.17065, -8.35251, -7.46631, -2.18574, -0.0541136, -2.65562, -3.10332, -0.826473, -3.09028, -6.81483, -5.26361, -0.825173
-2.60168, -13.9521, -19.9479, -13.7927, -8.26062, -6.26162, -5.65416, -3.00109, -3.27217, -19.2665, -26.9008, -15.415, -10.3074, -12.8965, -9.37654, -3.2142, -5.83133, -12.7145, -15.8797, -21.0769, -10.0127, -9.27441, -5.53125, -3.449, 0.95736, -7.07732, -7.73618, -12.869, -7.92226, -2.75442, -0.0450968, 0.3531, 1.69564, -9.89579, -12.1598, -13.7263, -10.2291, -1.73749, -1.60166, -1.42583, 1.63652, -8.18339, -8.22157, -8.49844, -7.36286, -0.348545, -1.50168, -2.83657, -1.81282, -5.7412, -4.03078, -2.34741, -0.986364, 4.67411, 4.52013, 0.135109, 2.28344, -3.43097, -1.2493, 3.42804, 3.79028, 3.66526, 3.55525, 3.27146
-10.9846, -9.50901, -1.30891, -9.41344, -9.09572, -7.7203, -7.95639, -1.7429, -7.69835, -9.87979, -1.06545, -8.84668, -3.18022, 0.177396, -2.02182, 3.60005, -5.64605, -10.9474, -3.1853, -1.40868, 1.55336, 3.40443, 1.52332, 1.03483, -27.3273, -31.7882, -7.37771, -3.87865, -13.7045, -13.3127, -11.4427, -5.93262, -29.7486, -25.2091, 4.49983, 8.25944, -7.84325, -7.01964, -4.24282, -3.19639, -7.615, -8.45487, 6.85879, 12.8841, 4.59024, 6.07035, 6.19702, 4.45844, -16.8883, -25.4071, -9.86282, 4.01418, 4.48248, 0.202528, -0.25811, -2.01504, -18.1835, -17.3536, -8.61214, -8.26346, -8.69312, -8.17658, -5.91679, -4.99269
-4.54709, -9.62153, -1.14, -9.54218, -13.766, -8.41728, -8.06641, -4.83593, -0.413013, -6.25254, 4.19971, -3.92761, -7.81635, -6.98579, -6.14433, -5.31676, 7.29889, -4.06813, -3.57045, 0.0137897, -0.273088, 3.21026, -4.84312, -5.51575, 3.49067, -1.88256, 2.04498, -1.29488, -3.24277, -0.661253, -4.61202, -2.94328, -1.24736, -0.222052, 1.6596, -1.75865, -2.34973, 0.0842179, -8.46134, -3.27166, -5.51797, -7.1295, -4.91209, 2.04906, -0.590206, -0.948488, -8.8949, -2.10981, 0.232786, -7.45066, -10.3574, -10.5997, -11.1909, -9.13586, -9.36782, -7.31317, 3.61739, -5.006, -11.9661, -9.48683, -10.2683, -10.1261, -11.147, -7.90646
5.97544, -3.86141, 0.876094, 6.70498, 10.7083, 10.1413, 3.56401, -0.485067, 5.0379, 0.6928, 3.44012, 0.967771, -4.7537, -4.58646, -3.22015, -4.49202, 1.84524, -0.184661, -4.34684, -10.3669, -16.2915, -10.7287, -12.4972, -11.0912, 7.11595, 6.2437, -2.56303, -7.55831, -6.76755, -4.93536, -12.1397, -8.84267, -6.50171, -7.66267, -7.12323, -1.9836, -4.39984, -6.99391, -11.7635, -10.4965, 0.171945, -3.5534, -6.99557, -10.4376, -9.62888, -11.1221, -15.6741, -11.9596, 0.155625, -8.78764, -10.9587, -2.16749, 3.35847, 0.643486, -2.92147, -3.95196, -4.87355, -11.7201, -13.5074, -4.7498, -3.29892, -4.90992, -8.36956, -2.89291
4.4435, 13.7494, 15.338, 1.19608, -0.96753, -2.03803, -6.39963, -2.82632, 3.56353, 8.41128, 4.91604, -6.97485, -10.1983, -8.1206, -5.54762, -0.755319, -16.7251, -16.7353, -11.0167, -10.1902, -10.5091, -14.5472, -4.65322, -2.59214, -7.7756, -7.92401, -5.64151, 2.06578, -7.16263, -8.48101, -2.16101, -3.65283, -5.81726, -11.3395, -9.34942, 2.99708, -7.68724, -8.37342, -0.878436, -0.677105, -16.4844, -19.6775, -12.1256, -6.71638, -14.6365, -10.9566, 0.0185816, -0.49885, -15.3048, -18.3169, -12.064, -11.6913, -9.43266, -9.67771, -6.80588, -2.44553, -4.70856, -8.76958, -5.847, -9.85468, -4.3139, -9.56237, -6.57234, -3.2646
-2.21173, -9.70576, 1.13344, -0.190372, -4.8747, -1.20222, -6.51151, -4.84073, -9.37608, -1.15835, 20.2767, 15.6259, -0.705783, -0.108487, 2.23109, 5.05592, -16.6005, -11.9966, -5.88409, -6.00145, -10.3994, -4.1221, -3.90395, -1.92337, -5.75574, -13.7748, -11.0671, -4.19185, -5.1061, 0.632068, 1.91732, 1.54165, -5.40903, -8.05978, -0.498244, -0.830655, -3.29421, 0.0668084, -0.39693, -1.06559, -7.99158, -7.43207, -3.01052, -3.95123, -0.268546, 3.28628, -2.28522, 0.0461806, -15.5483, -14.3745, -4.69534, -1.57898, -5.06774, -2.41812, -2.54263, 3.22609, -10.6485, -13.439, -7.47592, -2.8441, -5.66885, -3.43318, -0.219985, 4.91589
-3.15353, -3.57556, -9.1684, -8.69281, -10.5566, -12.5504, -6.74367, 0.527357, -7.36052, -8.41965, -8.87425, -8.21528, -14.232, -15.7739, -10.9982, -5.15662, -13.2518, -7.11335, 11.7027, 21.1789, 11.3444, 6.00456, 4.71834, 7.0638, -21.3632, -23.6565, -6.88721, 5.91544, 3.03968, 2.6026, 4.7513, 5.82405, -16.5922, -25.5364, -16.8866, -13.1859, -17.3814, -11.1815, -3.31677, -0.285261, -4.81552, -5.81062, -3.7019, -7.75354, -7.77671, -5.95167, -1.21656, 1.27369, 4.41031, 5.49441, 7.89142, 6.73869, 3.67811, -1.76189, -6.98643, 0.537456, -6.37125, -8.00784, 1.91449, 3.79806, 4.0258, 0.525893, -8.75656, -0.375013
4.83461, -3.65913, 1.08028, -2.91559, -8.61259, -5.20081, -10.0111, -6.78945, 3.72628, -8.36463, -3.43872, -2.58382, -10.2099, -4.50027, -6.31794, -5.09901, -1.36671, -17.0191, -13.3583, -12.3191, -13.0541, -5.38886, -2.84997, 0.489943, -1.00027, -13.3103, -13.6363, -10.283, -2.93942, 1.65308, 1.49595, 5.26734, -10.4993, -23.9429, -19.4819, -2.40355, -1.26988, -4.61841, 1.68318, 2.029, -3.67022, -16.5376, -12.8469, -1.45565, -3.11691, -5.97362, 0.132911, -0.901054, -2.03487, -7.83043, -4.04484, 1.18777, 0.436159, 0.292787, 0.259344, 1.68151, -7.22378, -14.1056, -12.6116, -5.28323, 1.05958, 0.269754, 0.346614, 1.4314
1.25123, -6.19099, 3.10543, 13.1531, 11.6455, 7.9001, 6.7057, 6.87356, -11.2366, -11.4101, 7.40771, 10.9667, 1.93495, 2.62354, 2.41744, 2.33235, -6.62823, -5.1452, -0.445226, -3.39768, -8.94098, -2.65308, -4.10309, -2.19395, 9.73635, 4.64029, 13.1693, 13.3508, 3.2246, -1.32837, 1.8134, 5.52465, 7.02632, -3.45042, 9.31516, 13.1604, 7.15488, 6.94681, 5.80475, 2.30434, 2.32798, -1.2313, 1.05024, 7.19154, 13.5408, 10.6144, -3.20413, -1.97475, 0.112629, -5.38697, -4.88869, 0.790481, 6.50603, 4.2714, -7.5805, -0.505662, 4.50231, 1.75789, 3.10698, 5.37996, 3.37751, 1.39655, -2.72974, -0.303754
4.8971, 0.939439, 1.10286, 2.85369, 2.46212, -6.45833, -6.01752, -3.50151, -2.99203, -8.72302, 3.81631, 2.67319, -7.84987, -10.0519, -2.38655, -0.674555, -6.68465, -20.175, -13.7228, -17.3628, -20.0237, -15.3406, -6.64724, -4.67556, 6.64013, -12.6513, -14.217, -8.14156, -8.00793, -5.57565, -2.94596, 0.463862, 10.0553, -7.97332, -11.6699, -4.48379, -3.35017, -7.07117, -7.30021, -2.04864, 1.21106, -13.2651, -18.0628, -15.3232, -7.31109, -1.48192, -1.70437, -3.40043, -6.50746, -19.8264, -29.6385, -28.0731, -17.6651, -5.54387, -5.02418, -1.79194, -4.34648, -17.6663, -23.933, -24.2609, -20.4294, -12.9866, -8.67878, -3.61282
13.33, 2.02348, -5.97799, -10.8799, -1.99208, 2.7014, -1.13827, -4.9613, 11.7395, 1.21612, -10.4615, -15.367, -8.1013, -4.59979, -4.21578, -5.2925, 12.8768, -4.49093, -19.1349, -26.7505, -20.6515, -16.076, -15.7052, -13.0462, 9.87563, -8.07664, -12.535, -9.55646, -8.16425, -14.6062, -13.0087, -7.79587, 2.25173, -13.3453, -9.7721, -0.730074, -3.57397, -12.0452, -7.03901, -5.54904, -0.480911, -13.5848, -9.93178, -5.84566, -7.53789, -12.3144, -7.92027, -8.35663, 0.344169, -4.95571, -3.64026, -4.0716, -5.41494, -12.6778, -3.65649, -3.06252, -5.60271, -9.55959, -7.27156, -4.85694, -4.11025, -6.99492, -2.02352, -1.17375
-2.23276, -14.9866, -7.25449, -3.4543, -3.75017, -2.36456, -2.09298, -3.00585, 2.56162, -7.2396, 1.77472, 3.31541, 1.05233, 4.08531, 3.50706, -0.218939, 11.3107, -3.18491, 7.26019, 5.81781, -0.615976, 1.48426, 0.123808, -2.20803, 1.044, -3.50501, 1.03246, 0.227303, -2.45613, -2.06563, 1.0754, 1.35886, 20.6137, 7.53461, 6.69139, 8.05214, 2.66591, -2.75976, -1.17479, 0.917186, 18.5691, 2.98939, 0.923447, 4.94687, 5.1336, 1.75387, -1.62325, -1.42743, 6.43779, -1.5872, -5.64093, -0.855331, 3.45375, -0.517671, -2.68187, 2.81087, 6.74015, -0.386478, -6.28019, -3.47224, -2.10557, -2.65888, 1.52059, 5.79347
-4.05749, -9.51204, -11.0317, -13.4964, -13.3197, -18.8944, -14.1458, -5.26098, -7.88785, -8.70925, -5.68156, -16.2876, -19.8418, -19.1745, -15.3503, -5.09154, -11.2172, -15.4733, -1.99803, -11.677, -11.614, -7.92439, -9.34436, -2.16069, -5.31749, -17.4042, -5.35632, 0.524149, 1.25062, -3.35437, -1.37102, 1.18289, 8.10607, -9.88989, -10.8773, -5.1784, -2.54435, 1.68025, 3.02917, 6.13581, 3.6977, -11.9365, -26.7937, -21.6229, -9.51492, 0.716559, 2.14233, 4.23625, -9.15332, -19.4152, -25.2686, -19.8852, -10.8535, -4.23678, -3.42485, -0.00210368, -3.00802, -9.11342, -11.3633, -6.19959, -3.81933, -2.2039, -1.92974, 3.04306
13.6709, 14.9515, 5.63564, -3.9331, -2.29845, 3.62571, 0.746367, -2.38397, -0.223667, 3.10931, -9.61189, -12.3873, -6.87189, -5.61121, -4.48891, -8.81467, -4.29356, -0.771269, -14.922, -6.38608, -0.804143, -2.10423, 2.10892, 1.63046, -3.3165, -0.390065, -7.00275, 5.7566, 11.7615, 7.35433, 8.89447, 4.80841, -0.208731, 8.32625, 0.699549, 5.05845, 8.24896, 4.90179, 8.52633, 5.4771, 3.37382, 4.27035, -3.84517, -0.956515, -2.40272, -3.72069, 4.97833, 0.891331, 3.05367, 5.78504, 0.693935, -9.15917, -8.59892, -7.25422, -0.363939, -8.12913, 1.17878, 9.15711, 9.6362, 8.20996, 2.39171, 1.28895, 1.81618, -2.70469
-7.6477, -18.9528, -5.37766, 6.92482, -0.806472, -0.613999, 0.149589, -0.597747, -14.8046, -26.7274, -8.44635, 11.0331, 1.14647, 2.50042, 2.10766, -2.94166, -13.8866, -26.2371, -9.10756, 8.26375, 9.59038, 8.41324, 2.94509, -0.144735, -13.8933, -27.4163, -17.2913, -1.65857, 2.91226, 3.11846, -1.81406, 0.0128939, -15.8557, -21.1287, -1.1956, 3.03024, 3.54845, 0.909333, -3.56874, 1.77686, -13.5805, -15.4576, -6.86051, 0.34264, 4.08919, -2.55441, -5.81331, -0.0838176, -10.9715, -13.9855, -12.7182, -5.1033, -1.22529, -3.46038, -7.09463, -2.65624, -6.31631, -8.23808, -9.57681, -8.28052, -5.60316, 0.0847117, -2.55973, -1.52223
-12.1804, -17.3829, -14.0429, -14.9043, -14.721, -9.9228, -8.55303, -7.08946, -12.0303, -16.292, -14.2866, -10.1537, -6.14828, -6.02061, -5.1256, -4.38269, -10.7179, -10.9504, -5.35229, -4.20062, 0.0627061, -0.611644, 2.61002, -0.826603, -10.6946, -12.0456, -8.4158, -11.2787, -4.3849, -0.247247, -2.26569, -4.34004, -6.30391, -11.1655, -7.79732, -10.1936, -3.9322, -3.33541, -5.03061, -3.14408, 0.646312, -2.26858, 3.47661, 1.86201, -1.47044, -0.918697, -0.854477, -2.71629, 0.95771, -3.41222, 2.05428, -0.0153314, -0.508984, 1.63515, -2.83674, -3.76079, -7.66702, -7.46366, -1.49933, -1.06751, -3.63064, -3.73881, -4.84193, -1.37525
-2.22371, -10.8056, -6.54198, 2.55205, 2.17825, 3.61926, -0.565379, -0.640265, -8.14434, -20.2332, -15.605, -0.144183, 1.20665, 2.60444, -0.337582, -1.26036, -7.64032, -10.193, 4.37048, 17.6865, 13.816, 13.4142, 9.38789, 6.89752, -11.8107, -19.5472, -6.7742, 2.01836, -0.944454, 3.93083, 1.95811, -1.82694, 3.54358, -4.73319, -0.408384, 1.1624, 0.524068, 5.82032, -2.77345, -4.41807, 4.69836, -5.64267, -3.4204, 3.56241, 0.574207, -0.13144, -9.13915, -3.53586, -2.06011, -9.94982, -2.02161, 0.569301, 1.12214, -1.6108, -6.6406, -6.6211, -2.02699, -6.07981, -0.378155, -5.31832, -3.40562, 2.40944, -0.414475, -2.25178
-3.97908, -3.43385, -3.87549, -7.94453, -7.59099, -11.0415, -2.59129, -4.08142, -15.7438, -22.1699, -22.3763, -12.1532, -10.4933, -16.1348, -8.90498, -3.80699, -10.8357, -14.6116, -20.1958, -11.7439, -9.24698, -10.9195, -4.33057, -2.57066, -3.65503, -11.6659, -12.738, 1.02533, 5.84518, 2.51415, 5.71118, 3.13889, 0.049093, -6.8204, -4.49079, 9.41408, 7.36749, 3.77497, 3.03125, 4.6555, -7.48883, -10.6216, -9.94963, -1.97848, -0.0191731, 4.30711, 1.83782, 4.28102, -2.62267, -4.43646, -14.5494, -15.3575, -12.8632, -7.2022, -5.35325, -1.00615, 0.370248, -0.14871, -1.34467, 0.618761, 2.25308, -1.28305, -2.31949, -0.301893
-8.52572, -13.1733, -13.1154, -19.5284, -19.8558, -17.892, -16.7499, -14.436, -15.6242, -19.3399, -17.365, -18.9673, -18.9297, -16.1292, -11.153, -9.48017, -23.5173, -27.789, -13.1963, -11.6576, -12.9412, -5.84724, 0.898108, 0.367118, -15.3923, -20.2071, -9.74252, -11.4722, -9.80622, -3.44835, -3.70553, -6.64604, -5.72183, -10.5649, -6.51279, -4.73458, -0.879639, -2.84981, -6.60878, -6.65402, -10.4721, -14.7725, -7.19748, -2.26858, 1.69151, -3.76909, -5.14024, -2.32339, -18.7593, -26.6943, -19.6245, -7.96348, -0.45774, -6.83557, -9.09784, -2.99282, -2.87895, -9.93169, -8.55245, -2.72578, 0.554374, -4.38476, -6.44862, 0.320712
-19.2932, -17.9508, -17.6795, -12.8166, -3.74332, -2.55431, 0.897143, 5.01751, -16.9063, -10.3177, -6.72013, -3.18319, 4.93313, 9.89522, 6.49748, 10.4726, -20.5544, -7.59446, -3.91079, -8.14241, -6.02537, 2.73151, 1.24516, 1.74093, -7.30242, -4.53451, -10.8177, -13.5282, -9.52366, -5.15478, -5.48822, -3.25502, -3.79234, 0.760682, 0.626522, -0.848959, -5.43621, -5.32673, -0.539229, -1.05127, -3.47962, 2.73233, 2.90392, 0.497289, -0.126724, 1.43786, 11.6381, 1.11472, -6.616, 4.69376, 3.31696, -0.149111, -7.38953, -5.76968, 0.485153, -4.60422, 2.66418, 5.79332, 0.593328, -3.93121, -12.4199, -7.97583, -5.00316, -5.89986
1.62238, -1.04209, -2.94241, -10.4897, -8.15539, -7.20649, -4.16444, -2.97207, -3.18932, -0.429106, 2.32004, -11.6838, -2.45568, 0.0316575, 1.39204, 0.764389, -4.58864, -11.0105, -16.0774, -18.9919, -11.9683, -11.4399, -8.98267, -5.19158, 2.80308, -5.34399, -9.84326, -7.08546, -8.03061, -10.874, -10.4787, -4.06606, 7.56601, 0.122915, -6.68205, -5.87649, -5.32475, -7.67986, -7.97663, -0.667838, -0.269597, -3.69854, -8.44893, -7.89626, -4.08419, -7.03972, -5.50716, -2.72729, -3.29891, -6.80058, -8.87109, -5.43148, -4.62082, -9.82377, -5.08422, -3.6046, -1.70824, -6.53598, -10.5668, -10.0988, -11.0227, -9.96826, -7.12296, -4.53959