0, 0, 0, 0, 0, 0, 0, 0, 0, 0, 0, 0, 0, 0, 0, 0, 0, 0, 0, 0, 0, 0, 0, 0, 1.30074, 1.82224, 0, 0, 1.54238, 3.20531, 4.27358, 19.1683, 0, 0, 0, 0, 0, 0, 0, 0, 0, 1.58974, 2.24698, 0, 0, 0, 0.916289, 16.6759, 0, 1.03636, 0.772837, 0.429613, 0.238319, 0.045575, 0, 0, 2.98593, 6.28492, 6.14089, 1.84559, 1.13971, 1.9017, 4.39775, 18.286, 0, 2.44895, 2.56853, 2.08569, 1.69185, 1.453, 1.13709, 5.74511, 11.8925, 10.4534, 0.094254, 2.83496, 2.9745, 2.24539, 3.35116, 17.3704, 0, 7.99632, 7.92347, 6.77322, 5.64801, 8.1374, 15.3452, 22.9922, 27.966, 25.2968, 13.8221, 8.2229, 6.53561, 7.11231, 7.81505, 20.0851, 7.35215, 16.3235, 16.1461, 15.471, 14.9647, 21.8863, 30.7734, 36.2526, 35.0417, 27.8034, 15.0866, 16.0978, 14.6647, 14.7763, 15.4307, 23.5407, 8.19313, 16.2583, 17.1662, 20.3108, 21.9839, 23.8795, 21.4931, 15.7488, 10.0676, 12.3542, 16.9686, 24.3693, 23.4852, 20.9013, 20.968, 27.1239, 6.43853, 13.4432, 16.8521, 22.4037, 25.0839, 25.5502, 22.2249, 9.58484, 4.99756, 10.2793, 10.4626, 15.9426, 13.9326, 12.4431, 11.0862, 16.3633, 0, 0, 0, 13.1281, 25.4634, 27.4286, 17.0527, 14.0977, 8.12849, 8.4883, 11.6861, 12.7785, 4.57266, 3.45273, 0.945725, 10.9138, 0, 0, 0, 1.21984, 22.4711, 25.7965, 17.1455, 14.4744, 13.5029, 9.59173, 10.1145, 17.1576, 23.1561, 21.0775, 12.0648, 18.2115, 0, 2.03846, 8.83376, 10.9923, 11.8839, 7.45319, 10.2843, 15.4946, 15.2916, 13.6963, 16.9613, 17.7541, 19.3044, 15.0949, 4.43169, 12.7012, 0.746596, 9.26335, 12.869, 14.5784, 6.93255, 0, 4.63581, 14.3579, 15.2241, 17.1906, 16.0878, 11.2547, 3.50435, 1.94895, 0.425681, 8.48786, 2.15516, 7.84473, 4.85826, 0, 0, 0, 0.194113, 0, 2.46608, 2.99361, 0.410402, 1.32758, 1.10525, 2.53397, 0.665182, 6.84114, 3.95201, 8.87658, 6.46496, 1.39522, 0, 0, 0, 0.545385, 0.203626, 1.4353, 2.58469, 5.96229, 5.60146, 5.46216, 2.40202, 8.19572, 19.0269, 25.0437, 22.341, 22.9159, 25.2359, 27.0949, 26.5129, 23.045, 20.917, 21.7221, 25.2829, 27.8334, 28.3749, 28.1107, 28.0418, 27.2677
0, 0, 0, 0, 0, 0, 0, 0, 0, 0, 0, 0, 5.16971, 13.5223, 0, 37.6402, 0, 0, 0, 0, 0, 0, 0, 0, 0, 0, 0, 0, 0, 0, 0, 0, 0, 0, 0, 0, 0, 0, 0, 0, 0, 0, 0, 0, 0, 0, 0, 0, 0, 0, 0, 0, 0, 0, 0, 0, 0, 0, 0, 0, 0, 0, 0, 0, 0, 0, 0, 0, 0, 0, 0, 0, 0, 0, 0, 0, 0, 0, 0, 0, 0, 0, 0, 0, 0, 0, 0, 0, 0, 0, 0, 0, 0, 0, 0, 0, 0, 0, 0, 0, 0, 0, 0, 0, 0, 0, 0, 0, 0, 0, 0, 0, 0, 0, 0, 0, 0, 0, 6.98707, 7.30962, 0, 0, 0, 0, 0, 0, 0, 0, 0, 0, 0, 0, 0, 0, 0, 0, 0, 0, 0, 10.1378, 3.71607, 0.783037, 0, 0, 0, 0, 0, 0, 0, 0, 0, 0, 0, 0, 0, 0, 4.93049, 4.98434, 0, 0, 0, 0, 0, 1.6216, 0, 0, 0, 0, 0, 0, 0, 0, 0, 0, 0, 0, 0, 0, 0, 0, 0, 1.64635, 0, 0, 0, 0, 0, 0, 0, 0, 0, 0, 0, 0, 0, 0, 0, 0, 0, 0, 0, 0, 0, 0, 0, 0, 0, 0, 0, 0, 6.60182, 18.7305, 9.32455, 0, 0, 0, 0, 0, 0, 0, 0, 0, 0, 0, 4.1655, 1.91397, 0, 0, 11.6184, 17.7572, 23.0299, 8.94377, 0, 0, 0, 0, 0, 0, 0, 0, 0, 1.41815, 4.55377, 0, 0, 0, 0.71448, 2.53165, 0, 0, 0, 0, 0, 0, 0, 8.33191
0, 0, 0, 0, 0, 0, 0, 0, 0, 0, 0, 0, 0, 0, 0, 0, 0, 0, 0, 0, 0, 0, 0, 0, 0, 0, 0, 0, 5.99775, 5.1274, 0, 15.0003, 0, 0, 0, 0, 0, 0, 0, 0, 0, 0, 0, 0, 1.22784, 0, 0, 12.5974, 0, 0, 0, 0, 0, 0, 0, 0, 0, 0, 0, 0, 0, 0, 0, 7.13984, 0, 0, 0, 0, 0, 0, 0, 0, 0, 0, 0, 0, 0, 0, 0, 11.3973, 0, 0, 0, 0, 0, 0, 0, 0, 0, 0, 0, 0, 0, 0, 0, 12.2907, 0, 0, 0, 0, 0, 0, 4.78053, 9.30661, 9.2577, 0.766757, 0, 0, 0, 0, 0, 11.6423, 0, 0, 0, 0, 0, 0, 0, 0, 0, 0, 0, 9.35548, 15.2646, 13.3194, 12.2409, 26.1881, 0, 7.49284, 2.16329, 0, 0, 0, 0, 0, 0, 0, 0, 0, 0, 0, 2.51769, 16.4426, 0, 7.94324, 2.74565, 6.20241, 11.8942, 5.11016, 0, 0, 0, 0, 0, 0, 0, 0, 0, 4.7526, 0, 7.65026, 5.98697, 9.77365, 14.9884, 13.5567, 1.97284, 0, 0, 0, 0, 3.01042, 19.7384, 22.4252, 12.2668, 22.8429, 0, 1.71531, 0, 0, 0.862228, 0.350372, 11.1757, 16.3651, 10.845, 10.6762, 19.0142, 26.0475, 29.6287, 22.5047, 17.3666, 26.0207, 0.913486, 15.4781, 14.9634, 18.8143, 23.6144, 19.7582, 13.8274, 19.8493, 22.5017, 22.8177, 20.8439, 23.0675, 20.3732, 10.9787, 4.2169, 11.154, 7.85284, 15.9536, 10.2053, 11.0944, 17.2289, 16.6403, 13.9445, 10.5449, 10.8637, 10.6702, 14.7483, 14.2876, 9.99413, 8.22345, 2.47176, 7.74976, 7.57638, 12.3395, 6.48775, 0.421862, 0, 0, 1.39154, 7.26301, 6.5302, 6.89957, 5.95835, 10.9948, 12.3499, 9.424, 5.05273, 10.3337, 13.1496, 21.4179, 23.1335, 25.6815, 25.8662, 26.3957, 26.9552, 24.3909, 20.7639, 23.529, 29.231, 29.8126, 26.8959, 24.1168, 25.452, 29.3146
67.6814, 1.54478, 2.66883, 1.83706, 1.37926, 2.99462, 2.23976, 1.68345, 3.42099, 4.48487, 0, 10.3013, 23.1059, 15.8419, 2.91571, 111.577, 77.2081, 0, 0, 0, 0, 0.680493, 0, 0, 0, 0.057905, 0, 0, 26.4597, 2.93397, 0.741751, 134.868, 77.3196, 0, 0, 0, 0.157752, 0.576336, 0, 0, 0, 6.6617, 0.307847, 4.24299, 11.938, 0, 1.40982, 136.232, 80.3708, 0, 0, 0, 0, 0.346773, 0, 0, 0.329452, 19.7926, 0, 8.18586, 3.61291, 0, 0.191218, 150.089, 84.9384, 0, 0, 0, 0, 0, 0, 0, 0, 16.8158, 0, 9.30005, 0.820312, 0, 0, 157.647, 88.9432, 0, 0, 0, 0, 0, 0, 0, 7.71024, 5.12268, 0.194131, 0.520449, 0, 0, 0, 156.529, 90.0056, 0, 0.236613, 0, 0, 6.97143, 0.489997, 2.99632, 2.26678, 16.9345, 0, 8.79225, 0, 0, 9.85268, 150.872, 88.4902, 0, 1.02195, 9.01476, 0.226287, 8.87222, 2.26881, 10.103, 0.19582, 37.6166, 22.0392, 20.9985, 0, 1.76983, 25.5794, 131.677, 83.3996, 0, 1.95618, 23.4476, 9.66068, 1.0415, 6.91304, 3.06531, 0, 43.6511, 45.4438, 17.8661, 6.04952, 11.8994, 33.3109, 103.845, 67.9103, 1.02785, 0, 20.6904, 13.9324, 2.37965, 0, 8.19053, 0, 22.0499, 40.6579, 0, 18.9234, 11.1485, 17.5425, 132.091, 50.4585, 0, 0, 1.66216, 20.8035, 10.5902, 6.62565, 15.6868, 6.56719, 1.03833, 22.2999, 0, 15.9666, 0, 0, 137.811, 45.2697, 1.07017, 0.3046, 0.046926, 29.4314, 4.80415, 11.9737, 16.5186, 7.76443, 0, 12.5111, 3.62161, 7.15071, 2.10874, 5.20294, 98.5223, 49.4337, 0, 0, 7.45775, 18.6389, 0, 1.016, 8.3466, 8.41771, 0, 14.678, 12.0138, 10.3649, 6.42306, 6.95661, 60.5124, 45.1331, 0.768164, 0, 7.3927, 6.53979, 7.91979, 7.87368, 0.669623, 2.40701, 10.0905, 6.98271, 16.3179, 8.35207, 7.73698, 3.20351, 60.9442, 27.0488, 0, 0, 12.6593, 0.862999, 8.90697, 11.7456, 0, 1.73646, 9.87456, 1.19324, 16.1956, 0.462355, 5.99864, 0, 63.4966, 26.8149, 0, 0, 12.3949, 0, 3.51628, 5.93837, 0, 0, 2.85577, 6.71748, 7.52777, 0, 2.83499, 0, 61.8506
83.1766, 21.2648, 22.2481, 23.3984, 24.4057, 24.335, 23.4299, 24.2731, 23.7798, 25.8877, 35.7061, 33.9304, 28.8589, 11.1291, 19.1439, 16.5878, 57.4739, 0, 0, 0, 0, 0, 0, 0, 0, 0.201537, 3.5013, 0, 0, 0, 0, 0, 59.6362, 0, 0, 0, 0, 0, 0, 0, 0, 0, 0, 0, 0, 0, 0, 0, 61.8525, 0, 0, 0, 0, 0, 0, 0, 0, 0, 7.51769, 5.27999, 0, 0, 0, 0, 63.9871, 0, 0, 0, 0, 0, 0, 0, 0, 0, 8.0747, 0, 0, 0, 0, 0, 64.3845, 0, 0, 0, 0, 0, 0, 0, 0, 0, 0, 0, 0, 0, 0, 0, 62.0526, 0, 0, 0, 0, 0, 0, 0, 0, 0, 0, 0, 0, 0, 0, 0, 59.2058, 0, 0, 2.26808, 0, 0, 0, 0, 16.2293, 9.68916, 11.0363, 0, 0, 0, 0, 0, 54.8383, 0, 4.05912, 8.66839, 0, 0, 0, 0.23569, 3.92798, 0, 9.61035, 0, 5.26593, 0, 0, 0, 36.2978, 0, 14.1311, 9.92141, 0, 0, 0, 0, 0, 0, 0, 22.0683, 19.8925, 0, 0, 0, 38.0022, 0, 6.15817, 0, 0, 0, 19.0485, 0, 0, 9.87207, 14.317, 0, 0, 0, 2.77965, 0, 36.446, 3.37042, 0.95375, 19.005, 0, 15.4416, 20.1113, 0, 0, 0, 0, 0, 0, 0, 0, 0, 45.7006, 0, 4.48956, 14.8266, 0, 0, 0, 0, 0, 0, 0, 0, 0, 0, 0, 0, 22.0761, 0, 0.637961, 0, 0, 0.945743, 0, 0, 0, 0, 0, 0, 0, 0, 0, 0, 14.8651, 2.06957, 8.8449, 5.35486, 0, 0, 0, 0, 1.18214, 4.29494, 6.33305, 0, 0, 0, 3.97623, 0, 28.9593, 0, 1.50952, 0.570989, 2.71767, 2.38928, 0, 0, 3.82021, 5.35953, 0, 0, 0, 3.00027, 2.55276, 0
16.8517, 7.59787, 7.72255, 6.40233, 5.22483, 5.56064, 4.16297, 3.89333, 3.59995, 0, 0, 13.953, 20.3963, 34.3628, 9.32052, 29.5205, 8.84826, 3.87949, 4.11391, 2.58122, 2.54008, 2.37581, 1.82126, 1.86272, 1.24151, 2.51527, 12.4369, 12.648, 41.1229, 17.4922, 3.4238, 9.97123, 5.38438, 2.02889, 2.94878, 3.14627, 2.28658, 1.72681, 2.409, 1.8206, 1.244, 2.58184, 7.84953, 12.9236, 10.0594, 2.02672, 3.63269, 8.41112, 2.88331, 1.77285, 2.49429, 1.92628, 1.29042, 1.16708, 0.853099, 0.276551, 1.38252, 15.9385, 13.7138, 5.37969, 5.65129, 0, 0, 12.4262, 2.07865, 1.80683, 1.31366, 0.609256, 0, 0.405454, 0.011661, 2.05219, 0, 2.71588, 8.86755, 10.2461, 2.49757, 2.45391, 0.493318, 21.1874, 1.97222, 0.728637, 0, 1.02241, 0.605301, 0.476071, 0.105768, 0.281488, 5.60933, 7.90362, 4.81579, 2.13207, 3.69151, 1.50419, 2.76467, 16.3369, 0.510081, 0, 4.50029, 2.47918, 0, 0, 2.77625, 22.014, 18.1539, 3.59239, 12.9207, 2.1422, 1.1196, 2.83538, 1.32925, 27.4789, 2.17538, 6.61815, 8.58115, 0, 0, 8.66022, 6.24765, 22.7218, 0, 19.6602, 0, 20.5461, 11.1226, 4.25101, 12.9646, 30.9847, 18.3513, 8.65559, 2.47581, 0, 2.85465, 5.63828, 7.66764, 3.27098, 12.3189, 26.5786, 35.688, 33.1958, 5.03644, 10.9034, 17.9098, 11.4976, 20.2263, 4.74885, 0, 0, 5.60189, 18.8106, 13.6098, 4.36454, 2.77662, 17.5172, 14.4943, 0, 27.5003, 28.8988, 38.4109, 11.9412, 16.6087, 10.9511, 6.77924, 5.67254, 17.3718, 32.1149, 0, 9.92889, 17.4826, 8.36265, 16.8382, 26.2756, 32.1439, 25.9982, 0, 38.7686, 10.9921, 0, 3.03007, 0, 20.4925, 10.4182, 27.7556, 16.2482, 6.83203, 16.2726, 27.6108, 29.2314, 27.1711, 11.2086, 12.3889, 22.9698, 18.7032, 11.9759, 1.30116, 21.8789, 22.6538, 19.9626, 14.6569, 8.07341, 15.2182, 6.76812, 28.8148, 31.8352, 10.443, 5.47562, 5.32533, 3.09239, 21.404, 5.01842, 2.6713, 7.77724, 4.64903, 0.976964, 8.2553, 10.4983, 8.09717, 9.8623, 20.8972, 8.66624, 10.1294, 1.60641, 5.52342, 4.53217, 8.85232, 0, 0, 2.9389, 7.04398, 2.08528, 10.6683, 5.66788, 4.56271, 2.63867, 5.11753, 9.90485, 3.27226, 4.39976, 0, 8.88883, 11.4776, 0, 0.790175, 5.01186, 0, 2.74506, 6.78918, 2.04977, 0, 5.56691, 9.26037, 7.70823, 0, 0.665862, 2.69632, 30.2732
59.6297, 52.2176, 54.6008, 57.9641, 59.7079, 59.6974, 59.2406, 60.0074, 60.5964, 61.573, 63.0609, 57.7612, 38.2445, 39.5286, 53.9227, 34.384, 57.2397, 44.9039, 46.6721, 48.5954, 49.695, 49.7892, 49.3811, 49.3536, 49.177, 47.5458, 45.934, 39.3266, 23.4765, 27.9368, 40.6319, 24.2864, 60.7002, 47.6041, 47.8804, 48.9563, 49.8705, 50.0027, 50.4034, 50.6716, 51.1962, 48.9535, 46.5797, 43.6239, 37.5316, 41.9457, 43.4061, 23.5368, 60.9522, 47.2373, 47.6096, 48.5041, 49.5641, 50.3855, 51.2972, 52.3646, 53.7158, 44.7961, 48.2143, 49.0455, 42.5253, 44.5033, 44.4086, 21.822, 60.5666, 45.7423, 46.4578, 48.1626, 49.3496, 50.0927, 50.7335, 52.8813, 53.457, 41.1624, 46.2605, 47.7503, 42.5131, 42.4878, 41.7342, 15.6882, 59.9422, 43.7328, 44.2138, 45.2848, 46.357, 47.4656, 49.0988, 52.1245, 50.025, 39.0065, 45.2847, 45.5343, 40.0593, 39.2723, 37.6992, 12.7287, 57.9714, 39.6598, 38.7393, 40.8403, 42.4435, 40.6993, 34.9397, 27.7491, 22.6734, 21.8876, 35.3839, 37.9839, 36.2748, 37.6008, 35.8143, 10.6644, 49.6406, 29.2177, 34.5774, 39.6109, 43.0446, 40.8128, 27.9017, 22.9853, 27.565, 21.2306, 24.7256, 26.7895, 21.4003, 23.7163, 18.9734, 0, 35.0766, 17.6142, 36.2577, 35.6141, 27.3668, 26.12, 24.3661, 24.7916, 27.911, 25.7272, 16.9986, 21.8279, 28.2914, 27.1073, 21.3486, 0, 33.7574, 17.6316, 31.7449, 30.9406, 10.5094, 8.46346, 9.39976, 14.6625, 17.9133, 28.1635, 31.2022, 29.1753, 21.6869, 15.7032, 27.7423, 9.07564, 37.4771, 30.5841, 35.6792, 36.6796, 15.6673, 6.90776, 11.8887, 13.1996, 16.6629, 27.9459, 24.9076, 14.0424, 0, 0, 11.908, 0, 37.6832, 31.4246, 40.0174, 40.5357, 10.701, 0, 2.9947, 3.02891, 3.73866, 7.60453, 5.41592, 0, 0, 0, 10.2624, 0, 33.784, 24.7748, 29.0645, 24.3823, 0.659262, 0, 3.10621, 0, 0.547898, 0, 0, 0, 0, 9.60889, 17.0105, 9.57411, 27.001, 20.2819, 22.3731, 18.5671, 16.1984, 16.0789, 11.9273, 5.75386, 7.74146, 5.26139, 6.27953, 10.6289, 16.0461, 17.1142, 21.1889, 13.7319, 36.2962, 37.7218, 40.0219, 36.8364, 33.459, 33.03, 29.8751, 31.8278, 35.0194, 34.0364, 31.2186, 31.1839, 36.5698, 37.6217, 38.7022, 26.9602, 13.7466, 7.51727, 5.32866, 3.88433, 6.69573, 7.83261, 3.82366, 7.11102, 9.23388, 8.8314, 5.08799, 5.50231, 8.9148, 10.0466, 10.1334, 3.20547
0, 0, 0, 0, 0, 0, 0, 0, 0, 0, 0, 0, 0, 0, 0, 0, 0, 0, 0, 0, 0, 0, 0, 0, 0, 0, 7.522, 22.2287, 23.524, 12.4706, 0, 0, 0, 0, 0, 0, 0, 0, 0, 0, 0, 0, 0, 3.69829, 5.10249, 0, 0, 0, 0, 0, 0, 0, 0, 0, 0, 0, 0, 0, 1.05666, 0, 0, 0, 0.37593, 0, 0, 0, 0, 0, 0, 0, 0, 0, 0, 1.88029, 1.74426, 0, 0, 0, 1.68809, 0.112261, 0, 0, 0, 0, 0, 0, 0, 0, 10.5422, 13.6706, 6.17624, 1.71368, 3.04831, 2.83242, 3.96244, 2.38387, 0, 8.07359, 8.01877, 6.03218, 4.09661, 4.95087, 10.9847, 19.906, 28.064, 27.0122, 16.9817, 6.4785, 6.85338, 8.1069, 8.32287, 6.70985, 7.0071, 16.7324, 18.81, 19.1474, 19.3558, 24.3278, 29.9653, 32.6162, 33.3332, 31.2626, 24.7038, 14.5005, 11.3798, 11.6669, 13.4602, 11.6782, 8.22453, 16.9444, 24.5602, 31.113, 39.0876, 38.355, 35.5685, 26.3032, 30.1787, 34.9684, 35.5355, 36.0951, 33.7322, 29.4706, 26.6509, 17.6619, 7.87031, 15.8321, 23.4419, 35.4164, 47.8565, 49.9209, 48.488, 41.2273, 37.8063, 42.8439, 42.1135, 36.6841, 30.3058, 23.0868, 17.0511, 9.05656, 0, 0, 1.86375, 26.9149, 56.7625, 60.0272, 51.005, 41.3634, 40.4286, 47.1853, 46.5506, 41.1803, 36.2855, 23.4934, 14.3595, 10.6897, 0, 0, 0, 19.8503, 52.2399, 56.8526, 46.6092, 37.4114, 36.598, 39.2438, 43.0676, 44.1829, 40.717, 25.4168, 12.5856, 8.85783, 0, 0, 0.447867, 14.3792, 22.3157, 23.2717, 29.0854, 33.5367, 34.9168, 39.8929, 39.5503, 34.2781, 22.6736, 8.51224, 1.45952, 0, 0, 0, 9.63334, 18.2461, 17.2848, 12.4021, 15.4699, 17.8003, 18.0554, 21.2421, 21.6371, 13.9167, 5.07432, 0, 0, 0, 0, 0, 0, 0, 7.42719, 8.18893, 6.58611, 6.35928, 6.98695, 7.6674, 6.17096, 1.67302, 0, 0, 0, 0, 0, 0, 2.24969, 3.16169, 1.24781, 0, 0, 0, 0, 0, 0, 0, 0, 0, 0, 0
26.9136, 35.8533, 38.002, 40.4818, 41.0754, 41.4088, 41.1726, 40.3361, 39.5613, 36.3447, 29.7804, 21.5845, 19.7126, 28.6004, 33.1222, 53.669, 42.9585, 56.4497, 57.5121, 60.1035, 60.8552, 61.0854, 60.6324, 59.6514, 58.6788, 54.6321, 47.9744, 41.5281, 45.5354, 51.2983, 51.1692, 77.4844, 43.6078, 57.0517, 56.2152, 57.6267, 58.427, 58.3335, 57.8052, 57.2437, 56.4625, 55.4853, 50.9499, 50.7645, 49.2018, 50.2131, 48.0852, 72.9667, 43.0795, 56.3031, 55.5635, 55.3775, 55.8378, 55.7163, 55.4403, 54.8683, 56.2935, 54.4298, 47.9794, 50.5631, 48.2293, 47.4239, 46.142, 68.3104, 39.9369, 52.7772, 52.9452, 51.7273, 51.2803, 50.9708, 51.1514, 52.7752, 53.824, 51.0262, 42.8547, 46.4622, 45.738, 44.2644, 42.8338, 64.8682, 36.8156, 49.1311, 48.5436, 47.721, 47.5403, 48.2054, 49.2606, 49.2208, 47.9142, 38.3743, 42.2488, 44.0083, 42.4089, 42.8415, 41.9376, 64.962, 32.7303, 44.3109, 42.0222, 42.4776, 43.4073, 45.8043, 45.8729, 43.0332, 37.5848, 28.8027, 38.5004, 42.6374, 39.326, 38.9436, 38.744, 60.3416, 24.9062, 35.4208, 33.4501, 33.2329, 31.6924, 34.4452, 31.0634, 19.5858, 17.201, 16.1076, 27.3939, 34.7738, 35.817, 35.5829, 35.7116, 58.5285, 20.2863, 32.3265, 28.5925, 23.2726, 19.9797, 21.0724, 22.0574, 15.7571, 5.95365, 10.2062, 20.1526, 25.8125, 23.45, 23.774, 25.5836, 49.7732, 24.5663, 36.6482, 26.844, 16.1161, 20.0795, 16.5305, 13.4486, 15.058, 9.3525, 4.62033, 18.2735, 21.7522, 14.2863, 19.2942, 22.0033, 42.7305, 27.4435, 38.6734, 38.1001, 28.3161, 13.08, 6.14426, 14.7147, 18.3048, 19.7832, 12.9389, 9.02907, 18.6418, 34.2693, 36.7098, 33.2209, 48.6922, 30.6078, 39.4471, 38.1512, 32.204, 11.5747, 0, 3.75188, 16.6468, 17.9642, 11.8075, 22.3424, 28.5782, 37.7751, 37.2024, 28.0305, 45.6739, 29.0529, 38.8773, 34.7479, 24.9779, 19.678, 18.5508, 12.3781, 13.1834, 17.5832, 17.1426, 21.3307, 29.4698, 34.882, 34.8185, 27.0236, 38.6641, 30.4098, 40.7271, 31.7847, 20.4071, 20.281, 19.5392, 15.0469, 13.7645, 14.18, 14.1876, 18.3695, 29.2227, 30.8944, 32.5038, 25.9468, 35.475, 28.7278, 37.1458, 31.0927, 25.6616, 22.6076, 19.9385, 17.3569, 16.8196, 15.3831, 14.6393, 19.2423, 29.2212, 30.7727, 31.272, 27.1486, 36.1389, 26.6491, 31.9146, 23.9841, 24.6129, 28.7357, 28.8021, 28.5775, 26.4579, 23.3624, 21.6588, 26.6085, 32.5332, 32.8027, 32.1787, 30.4232, 39.1194
0, 0.312572, 0, 0, 0, 0, 0.018637, 0, 0.677878, 1.02548, 4.08512, 2.34059, 1.76487, 5.54001, 2.45658, 1.23086, 3.42578, 18.6555, 17.2455, 16.0463, 15.7564, 16.2702, 16.8219, 17.3903, 18.928, 21.8719, 30.447, 36.0728, 35.1455, 36.3229, 25.2404, 13.2128, 1.95103, 16.6076, 15.3938, 15.1937, 15.6584, 15.7248, 16.1426, 16.7677, 17.1307, 21.3449, 24.5308, 27.6327, 29.8552, 30.0436, 22.1285, 12.4637, 1.28214, 16.1961, 15.7773, 15.7077, 15.5015, 15.4228, 15.5842, 15.7791, 16.7064, 21.908, 21.8674, 19.8368, 19.8593, 19.0316, 17.1916, 9.62799, 2.21773, 18.0157, 16.9901, 16.6019, 16.2949, 16.6567, 17.6589, 18.1215, 17.9391, 17.8098, 19.0672, 20.478, 21.1504, 22.039, 24.3053, 14.2562, 3.7304, 20.0852, 19.1, 20.1825, 20.4685, 21.0915, 22.4062, 22.7379, 24.0039, 24.3985, 23.3234, 24.0824, 24.7586, 24.7124, 26.4488, 15.2088, 5.79823, 23.2743, 22.8641, 23.0855, 22.972, 24.2697, 30.9941, 36.3383, 34.2216, 28.3735, 25.0746, 25.4294, 26.3288, 25.8341, 23.7554, 14.2728, 9.22655, 28.2276, 27.8831, 19.9252, 18.4931, 17.363, 22.7065, 27.9494, 27.9646, 26.2595, 24.222, 39.2367, 38.9771, 40.2522, 34.9204, 22.2342, 15.0074, 33.6209, 37.1171, 23.6878, 19.7738, 18.9318, 17.6788, 16.6268, 17.8942, 24.4539, 20.3278, 30.1553, 27.6625, 31.6386, 27.5966, 19.1257, 13.1537, 30.7639, 43.4501, 44.578, 49.7364, 45.4366, 31.4362, 21.0063, 21.324, 23.5199, 14.6207, 11.7405, 5.88928, 19.2796, 14.8996, 8.5935, 11.3472, 24.3355, 38.1412, 41.597, 56.777, 58.7686, 48.4392, 45.3178, 39.9994, 37.9523, 38.5552, 45.5729, 48.6424, 49.6124, 36.9613, 17.578, 3.67449, 13.2148, 13.5461, 16.1567, 25.8129, 44.2856, 44.2844, 55.6318, 52.7356, 56.623, 55.665, 59.7645, 52.0724, 47.6584, 36.1479, 20.6283, 6.16639, 19.9647, 28.7014, 33.2126, 40.1227, 39.142, 40.3486, 53.7213, 52.9832, 56.1589, 52.1383, 53.2781, 41.0582, 29.5415, 18.9136, 9.72473, 6.58773, 16.3418, 18.0568, 24.5556, 32.431, 32.8951, 28.6491, 32.298, 33.7425, 37.8047, 34.7025, 34.1461, 26.9255, 19.4829, 14.546, 7.21583, 4.29557, 10.7645, 8.11974, 1.92393, 2.481, 9.2777, 14.9737, 18.7304, 20.6769, 20.1608, 21.7779, 22.1347, 20.3615, 16.0376, 13.8476, 7.58818, 7.39573, 15.3742, 20.9703, 25.1939, 29.8806, 28.9734, 27.7196, 24.19, 22.3706, 23.806, 26.5109, 25.2911, 24.1532, 21.9608, 22.2544, 15.8006
37.9504, 6.37882, 5.93097, 6.47315, 6.81982, 5.29506, 6.67502, 5.79485, 6.96385, 9.63289, 14.6271, 0, 0, 38.5085, 8.64124, 0, 30.7794, 0, 0, 0, 0, 0, 0, 0, 0, 0, 0.3813, 0, 0, 14.732, 0, 0, 31.2469, 0, 0, 0, 0, 0, 0, 0, 0, 0, 0, 0, 0, 0, 0, 0, 29.8558, 0, 0, 0, 0, 0, 0, 0, 0, 13.519, 15.5302, 0, 0, 0, 0, 0, 33.2861, 0, 0, 0, 0, 0, 0, 0, 0, 7.24528, 27.7889, 0, 0, 0, 0, 0, 34.114, 0, 0, 0, 0, 0, 0, 0, 0, 0, 4.8888, 0, 0, 0, 0, 0, 34.5041, 0, 0, 0, 0, 0, 7.6242, 0, 0, 6.4981, 0, 0, 0, 0, 0, 0, 34.1513, 0, 0, 0, 1.89409, 0, 8.47192, 23.0111, 0.953287, 41.925, 0, 17.1459, 0, 6.98098, 0, 4.93091, 30.6101, 1.97486, 15.2627, 0, 6.85, 2.55441, 0, 35.4846, 7.21245, 33.3027, 0, 26.3299, 0, 14.0562, 0.775291, 11.8868, 22.919, 0, 41.4906, 0, 0, 9.54827, 0, 7.66308, 9.06239, 28.7014, 0, 12.2909, 9.55358, 16.1489, 6.45819, 0, 16.5643, 0, 19.6133, 19.4739, 0, 30.3203, 0, 3.8781, 0, 17.0345, 0, 0, 1.83334, 25.1853, 0, 0, 15.8739, 2.12431, 3.64256, 0, 5.08875, 40.2653, 0, 9.87476, 0, 17.4989, 0, 0.852734, 0, 24.2262, 0, 0, 20.0634, 7.27668, 6.34439, 0, 0, 23.4822, 0, 0, 0, 8.6862, 0, 10.347, 0, 18.1225, 3.62789, 0, 12.9613, 2.64361, 5.40373, 1.45573, 0, 6.6882, 0, 5.95877, 1.26353, 1.58491, 12.9164, 17.9985, 0, 11.0311, 4.82162, 0, 13.4978, 3.49123, 9.37195, 0, 8.62222, 11.8354, 0, 8.40246, 5.27667, 0, 12.3071, 17.15, 3.33687, 2.45653, 1.37779, 0, 15.2804, 3.6109, 7.95872, 0, 8.74153, 3.30181, 5.35158, 8.23481, 4.93512, 0, 5.39614, 7.23096, 5.85983, 2.51257, 2.62378, 0
0, 0, 0, 0, 0, 0, 0, 0, 0, 0, 0, 0, 0, 0, 0, 0, 0, 0, 0, 0, 0, 0, 0, 0, 0, 0, 0, 0, 0, 0, 0, 0, 0, 0, 0, 0, 0, 0, 0, 0, 0, 0, 0, 0, 0, 0, 0, 0, 0, 0, 0, 0, 0, 0, 0, 0, 0, 0, 0, 0, 0, 0, 0, 0, 0, 0, 0, 0, 0, 0, 0, 0, 0, 0, 0, 0, 0, 0, 0, 0, 0, 0, 0, 0, 0, 0, 0, 0, 0, 0, 0, 0, 0, 0, 0, 0, 0, 0, 0, 0, 0, 0, 0, 0, 0, 0, 0, 0, 0, 0, 0, 0, 0, 0, 0, 0, 0, 0, 0, 0, 0, 0, 0, 0, 0, 0, 0, 0, 0, 0, 0, 0, 0, 0, 0, 0, 0, 0, 0, 0, 0, 0, 0, 0, 0, 0, 0, 5.27284, 4.82521, 0, 0, 0, 0, 0, 0, 0, 0, 0, 0, 0, 0, 0, 0, 1.29259, 6.41469, 6.26227, 3.97419, 0, 0, 0.000402, 0, 0, 0, 0, 0, 0, 0, 0, 0, 0, 7.06832, 7.67246, 5.40296, 0, 0, 0, 0, 0, 0, 0, 0, 0, 0, 0, 0, 0, 4.42873, 4.6103, 3.69533, 0, 0, 0, 0, 0, 0, 0, 0, 0, 0, 0, 0, 0, 0, 0, 0, 0, 0, 0, 0, 0, 0, 0, 0, 0, 0, 0, 0, 0, 0, 0, 0, 0, 0, 0, 0, 0, 0, 0, 0, 0, 0, 0, 0, 0, 0, 0, 0, 0, 0, 0, 0, 0, 0, 0, 0, 0
0, 0, 0, 0, 0, 0, 0, 0, 0, 0, 0, 0, 0, 0, 0, 0, 3.63612, 5.8547, 5.90508, 6.29505, 6.13062, 6.55381, 5.02528, 4.97436, 5.74812, 3.14557, 16.0514, 23.4691, 45.7128, 35.2223, 11.1375, 8.56046, 1.04111, 2.891, 2.25318, 2.47296, 2.63328, 1.82263, 3.19995, 4.23144, 5.41956, 8.52435, 4.49586, 22.8235, 32.4716, 9.51761, 4.64608, 8.0705, 0, 1.77048, 2.75328, 2.54362, 3.06803, 3.43278, 4.11989, 2.97601, 1.57106, 11.4739, 25.6757, 7.96289, 10.7417, 8.92036, 8.66956, 10.1024, 0.141353, 2.37267, 2.6973, 2.82973, 2.94162, 1.89641, 1.28686, 6.18804, 11.9403, 30.2266, 11.5341, 7.12755, 4.54973, 0, 0, 0.644921, 0, 2.7594, 2.59086, 0, 0, 2.03848, 3.9473, 11.0777, 5.31228, 13.5091, 0.420823, 4.74728, 6.92785, 6.03524, 8.46443, 12.9354, 3.81676, 5.80921, 3.4092, 4.14954, 4.12107, 8.78103, 9.94874, 1.91188, 23.9542, 15.0832, 12.1378, 4.78927, 4.41387, 7.60299, 13.5154, 6.62764, 0, 6.68123, 27.6713, 27.1635, 25.2378, 41.2241, 37.191, 60.3881, 62.2782, 18.5611, 24.0768, 0, 0.321406, 5.06077, 0, 14.8399, 2.59619, 11.9116, 14.0911, 0, 0, 0, 0, 0, 12.193, 31.5943, 22.2423, 82.0701, 80.5543, 66.588, 41.7634, 39.5698, 23.1859, 24.1996, 23.7804, 14.7366, 21.0805, 32.9298, 29.4128, 17.2447, 21.1798, 4.8021, 30.0411, 44.6889, 0, 0, 28.7277, 11.5982, 0.500203, 18.5403, 22.9515, 62.0143, 37.7598, 78.9913, 43.0008, 0, 23.3423, 27.866, 13.7125, 0, 0, 27.3144, 49.3204, 0, 27.0845, 33.2114, 18.9944, 43.3872, 70.7678, 82.2097, 7.32977, 25.5093, 6.25648, 17.3921, 43.944, 30.767, 34.1779, 30.9466, 33.4777, 46.0424, 0, 0, 0, 0, 21.3023, 22.0984, 32.9133, 33.8889, 28.8539, 39.7491, 27.6637, 50.7697, 35.5851, 17.4731, 14.0478, 19.7992, 24.4438, 26.9662, 38.6458, 40.2976, 29.8908, 15.7631, 17.9702, 22.6633, 27.4, 21.857, 42.0028, 38.3568, 16.316, 8.83495, 9.33345, 12.298, 9.28031, 7.25762, 4.8425, 12.781, 29.2439, 29.4835, 14.4196, 4.98828, 8.47253, 18.3642, 12.6575, 16.316, 15.7534, 8.67905, 15.9073, 7.0602, 48.4969, 48.8881, 42.197, 33.9119, 35.4321, 36.3246, 52.9191, 53.2498, 54.4494, 52.1178, 48.4363, 56.856, 62.9116, 57.7669, 47.6492, 38.8773
10.8559, 0, 0, 0, 0, 0, 0, 0, 0, 0, 0, 0, 0, 0, 0, 0, 32.303, 0, 0, 0, 0, 0, 0, 0, 0, 4.8032, 18.6757, 25.0413, 2.73223, 0, 0, 0, 30.8366, 0, 0, 0, 0, 0, 0, 0, 0, 0, 1.64922, 2.78878, 0, 0, 0, 0, 32.3079, 0, 0, 0, 0, 0, 0, 0, 0, 0, 3.56363, 0, 0, 0, 0, 0, 34.3156, 0, 0, 0, 0, 0, 0, 0, 0, 0, 1.05438, 0, 0, 0, 0, 0, 38.3299, 0, 0, 0, 0, 0, 0, 0, 0, 0, 0, 0, 0, 0, 0, 0, 42.8582, 0, 0, 0, 0, 0, 1.45048, 11.5422, 0.665006, 0, 0, 0, 0, 0, 0, 0, 46.9694, 0, 0, 0, 0, 0, 0, 17.9846, 22.9198, 0, 0.496757, 0, 0, 9.1502, 0, 0, 54.143, 1.11283, 38.2693, 0.127218, 0, 0, 0, 0, 5.67593, 0, 0, 0, 0, 12.8739, 6.50036, 0, 48.9409, 2.90575, 64.3767, 82.1586, 0, 0, 0, 0, 0, 0, 0, 0, 0, 0, 0, 0, 38.7529, 4.01786, 28.2253, 81.4502, 50.0637, 52.2142, 21.0418, 0, 0, 0, 0, 0, 0, 0, 0, 0, 22.4732, 6.41656, 11.914, 5.16988, 10.7394, 59.8621, 54.0012, 14.1553, 7.11933, 11.9014, 0, 0, 0, 0, 9.2825, 0, 20.5649, 8.39094, 38.6098, 41.9634, 7.78252, 4.72431, 29.7861, 23.505, 18.101, 23.1757, 14.4322, 0, 0, 0, 0, 0, 23.4523, 0, 24.3482, 42.0757, 31.4332, 18.9107, 6.1374, 19.1893, 20.2582, 10.8556, 12.7012, 0, 0.348398, 0, 0.399275, 0, 19.5317, 7.83108, 16.1264, 0, 0, 12.8557, 12.5076, 6.65949, 12.2366, 9.42314, 5.30826, 0, 0, 0, 1.49734, 0, 21.4627, 0, 23.0828, 30.0619, 27.7649, 13.3537, 0, 0, 7.97628, 10.2874, 1.76174, 0, 6.35706, 6.16648, 3.98672, 0
10.3907, 7.86886, 7.92464, 10.1256, 9.27939, 7.56396, 9.02737, 8.18977, 9.74995, 10.6798, 14.8619, 0, 26.9031, 33.0357, 10.2108, 55.9699, 0, 2.33164, 1.15041, 0.725241, 3.18898, 2.2218, 1.41799, 1.42884, 1.23744, 7.00943, 9.15792, 15.7568, 0.914204, 10.7494, 1.76718, 1.24761, 0, 3.80788, 2.98999, 1.60292, 1.75647, 1.07635, 1.54617, 2.47029, 2.77324, 3.26967, 5.67772, 5.79339, 11.8331, 0.657685, 1.24643, 2.23503, 0, 1.72023, 2.05407, 2.28894, 1.97927, 1.96988, 2.20207, 0.816241, 4.23935, 25.8842, 0.362966, 14.5933, 1.64221, 3.86707, 1.00569, 3.84534, 0, 1.36531, 1.48821, 2.07072, 1.27906, 1.38108, 1.46422, 1.18664, 6.52556, 7.28948, 35.1588, 1.1745, 2.14038, 2.39711, 3.20179, 0, 0, 2.78567, 1.37843, 1.50718, 1.24607, 1.10539, 2.2388, 6.38354, 6.98696, 5.60499, 7.44578, 3.66026, 0.723702, 2.07819, 3.32751, 4.21922, 0, 1.5241, 4.03195, 3.78247, 0, 12.1277, 10.2705, 0, 16.2245, 27.3001, 8.2313, 8.39896, 0.081946, 0.194834, 13.1061, 5.94927, 0, 3.66233, 2.91901, 10.9994, 10.9498, 10.4436, 21.6827, 28.6955, 2.22094, 30.7254, 27.9048, 0, 3.4902, 6.25196, 0, 12.4702, 0, 5.97585, 12.5653, 23.8078, 28.0016, 23.3888, 0, 35.0781, 10.6772, 10.1502, 36.4323, 44.7545, 13.1448, 6.25122, 2.2642, 15.396, 0.83187, 0, 58.2382, 23.6959, 23.9938, 24.4421, 30.0934, 3.7504, 28.46, 11.7058, 19.6778, 16.0955, 35.5111, 23.281, 30.1348, 13.9138, 0.79587, 2.31797, 10.6362, 81.0852, 36.563, 11.391, 24.0962, 10.4595, 11.7647, 15.9213, 6.3759, 12.1462, 7.00644, 17.0849, 3.54222, 8.87413, 4.91828, 2.59579, 1.75881, 1.10482, 14.914, 52.3377, 27.1626, 4.84034, 7.58075, 3.30803, 6.19305, 3.11584, 12.7157, 5.15034, 0.558156, 18.7549, 0, 11.1002, 13.0071, 0, 33.9399, 24.5933, 16.5155, 0, 0, 21.9675, 0, 14.6181, 0, 8.22367, 2.45648, 6.62661, 0, 10.6358, 21.0689, 38.695, 15.448, 0, 15.9634, 11.9968, 6.38132, 0, 9.98915, 4.86749, 1.35802, 0.232744, 10.3375, 2.35967, 20.226, 9.328, 9.20143, 30.7326, 28.402, 36.4752, 35.1938, 0.161089, 3.41039, 2.62432, 5.11035, 0.888932, 9.28361, 1.16655, 6.51515, 2.11112, 12.2129, 8.29019, 32.758, 19.9064, 0, 0, 20.5856, 16.7425, 1.69005, 3.83898, 11.9146, 1.05545, 3.31014, 0, 1.03059, 27.9095
8.80896, 24.264, 25.4062, 27.2399, 28.6832, 28.7729, 28.16, 27.1828, 25.4566, 23.123, 18.7839, 12.8802, 0.46107, 1.94458, 14.3289, 17.517, 0, 0, 0, 0, 0, 0, 0, 0, 0, 0, 0, 15.1232, 14.3597, 0, 0, 0, 0, 0, 0, 0, 0, 0, 0, 0, 0, 0, 0, 2.40211, 3.3007, 0, 0, 0, 0, 0, 0, 0, 0, 0, 0, 0, 0, 0, 0, 0, 0, 0, 0, 0, 0, 0, 0, 0, 0, 0, 0, 0, 0, 0, 0, 0, 0, 0, 0, 0, 0, 0, 0, 0, 0, 0, 0, 0, 0, 0, 0, 0, 0, 0, 0, 0, 0, 0, 0, 0, 0, 0, 0, 0, 0, 0, 0, 0, 0, 0, 0, 0, 0, 0, 0, 0, 0, 0, 0, 0, 0, 0, 0, 0, 0, 0, 0, 0, 0, 0, 0, 0, 0, 0, 0, 0, 0, 0, 0, 0, 0, 0, 0, 0.42926, 0, 10.9289, 14.7347, 18.8788, 7.82512, 0, 0, 0, 0, 0, 0, 0, 0, 0, 0, 0, 0, 0, 2.59891, 18.2535, 26.6141, 0.841138, 0, 0, 0, 0, 0, 0, 0, 0, 0, 0, 0, 0, 0, 9.40235, 34.9979, 23.8767, 3.21444, 0, 0, 0, 0, 6.06092, 7.97709, 1.90905, 7.3002, 10.6673, 0, 0, 0, 10.3922, 16.282, 13.142, 9.40217, 4.19377, 4.57286, 4.94831, 5.12576, 4.65437, 4.51521, 0, 0, 1.48715, 0, 0, 10.5968, 15.3906, 13.7008, 8.15995, 9.11182, 7.26208, 4.85049, 6.23501, 3.96725, 0, 0, 0, 0, 0, 0, 0, 1.32591, 4.67579, 7.257, 7.42758, 4.37656, 0, 0, 1.03676, 0, 0, 0, 0, 0, 1.9597, 0, 0, 0, 0, 0, 0, 0, 0, 0, 0, 0, 0, 0, 0, 0, 0
38.6628, 44.6539, 41.6951, 39.83, 40.2037, 40.8076, 41.3327, 43.0945, 46.5062, 52.1379, 71.7177, 85.4394, 84.5067, 74.7012, 57.7491, 44.6547, 2.67061, 0, 0, 0, 0, 0, 0, 0, 0, 0, 0, 0, 0, 0, 0, 0, 7.53017, 0.524011, 0.573025, 0, 0, 0, 0, 0, 0, 0, 0, 0, 0, 0, 0, 0, 9.57648, 1.55254, 1.44268, 1.70857, 2.17069, 2.72234, 3.33553, 3.49387, 3.48283, 4.01595, 2.2683, 0, 0, 3.48557, 6.44279, 3.11617, 11.1538, 3.05858, 3.63359, 4.76194, 5.47447, 5.74105, 5.76087, 7.87495, 13.3472, 15.3507, 11.5232, 10.0266, 5.46386, 7.29701, 7.66509, 2.52812, 12.4213, 4.5563, 5.60081, 5.77103, 5.97624, 5.97027, 6.71044, 10.9207, 13.997, 14.053, 5.49162, 5.10863, 1.12903, 0, 0, 0, 15.3662, 7.64336, 7.48224, 6.1167, 6.06925, 6.97934, 11.9653, 15.4468, 13.173, 7.79957, 5.02338, 6.21947, 4.67982, 3.53043, 4.03183, 0.697685, 15.2484, 5.2696, 4.07804, 5.51766, 8.86219, 5.79206, 0, 0, 2.95752, 6.1358, 6.29342, 8.03948, 3.60555, 5.74431, 6.83406, 0.542741, 7.33834, 0, 6.29753, 19.698, 27.2854, 29.8776, 27.9301, 27.318, 23.3065, 7.83189, 0, 0, 0, 0, 0, 0, 0, 0, 0, 1.4712, 9.78803, 20.6222, 18.8866, 18.9171, 17.781, 11.7754, 21.3265, 39.8138, 42.3184, 32.0956, 15.4904, 2.38078, 0, 0, 0, 0, 0, 0, 0, 9.11246, 8.19668, 13.5208, 23.0974, 25.0224, 15.1918, 0, 4.75786, 1.02136, 6.01759, 8.19483, 14.9082, 20.8792, 20.8493, 7.42978, 0, 0, 1.14334, 7.03161, 0, 0, 0, 0, 0, 0, 12.5371, 8.75014, 13.0434, 14.7765, 4.76135, 0, 0, 0, 0, 0, 0, 0, 0, 0, 0, 0, 0, 0, 0, 0, 0, 0, 0, 0, 0, 0, 0, 0, 0, 0, 0.234197, 0, 2.3103, 7.65378, 16.8362, 21.6546, 22.2998, 14.2683, 3.67097, 0, 0, 0, 0, 0, 0, 0, 1.96024, 0.468736, 36.5408, 36.378, 28.7227, 19.9944, 24.4429, 36.7776, 41.476, 42.1487, 41.7671, 39.7404, 33.5914, 31.9181, 37.9723, 39.3988, 38.5427, 28.6991
118.418, 0.469985, 1.24674, 1.60426, 3.37617, 3.55469, 2.10873, 3.99915, 4.13306, 10.1143, 23.9234, 28.0739, 18.5424, 0, 0, 3.08901, 127.492, 0, 0, 0, 0, 0, 0, 0, 0, 3.11782, 11.4799, 12.1107, 6.63243, 0, 0, 0, 130.787, 0, 0, 0, 0, 0, 0, 0, 0, 0, 0, 4.90231, 0, 0, 0, 0, 137.082, 0, 0, 0, 0, 0, 0, 0, 0, 0, 10.7874, 11.6424, 0, 0, 0, 0, 145.011, 0, 0, 0, 0, 0, 0, 0, 0, 0, 11.5009, 7.13606, 0, 0, 0, 0, 151.2, 0, 0, 0, 0, 0, 0, 3.24879, 3.27125, 0, 0, 0, 0, 0, 0, 0, 154.39, 0, 0, 0, 0, 0, 0, 0, 3.03873, 9.1592, 11.4448, 6.51362, 0, 0, 0, 0, 153.309, 0, 2.39796, 17.3796, 0, 2.60457, 0, 0, 31.7053, 22.3867, 24.8638, 2.91025, 0, 0, 0, 0, 143.763, 0, 22.9274, 51.6905, 9.8029, 0, 0, 0, 25.4617, 11.3908, 22.0098, 0, 5.99022, 0, 0.357433, 0, 113.895, 0, 26.6147, 55.646, 26.3998, 3.17744, 2.03948, 0, 1.63961, 9.10813, 31.4305, 8.15517, 9.82019, 0, 0, 0.350772, 88.853, 0, 11.7093, 32.2934, 28.4729, 13.5577, 49.2037, 8.07944, 0, 16.5803, 42.0899, 4.16432, 0, 0, 0.068397, 0.903475, 75.9036, 0, 10.0641, 34.1718, 29.1221, 22.7076, 53.5004, 6.70991, 2.80589, 9.82318, 18.9323, 0, 0, 0, 1.12328, 0, 81.0602, 0, 11.4367, 30.8501, 1.9714, 1.65923, 13.4293, 0.918471, 6.91474, 1.04451, 2.68631, 0, 0, 0, 0, 0, 65.8803, 0, 7.23664, 15.3463, 0, 0.377299, 4.2646, 0, 3.06384, 4.15753, 0, 0, 0, 0, 0, 0, 42.1164, 0, 16.448, 18.9674, 1.25077, 4.87071, 0.81774, 0, 6.52839, 11.4243, 7.23745, 0, 0, 0, 2.62628, 1.14701, 51.2035, 0.476311, 12.7998, 15.4977, 9.10745, 10.488, 0, 0, 6.89374, 12.0126, 3.19092, 0, 0, 0, 1.40695, 0
13.4003, 26.1948, 24.4564, 23.37, 22.3896, 22.7231, 23.5532, 24.4139, 26.2936, 30.8702, 37.3395, 49.0614, 52.2308, 52.7035, 38.3255, 24.5863, 0, 1.82798, 4.35406, 6.70018, 7.4431, 7.10227, 6.14905, 5.07147, 3.72058, 0.456079, 0, 0, 0, 0, 0, 0, 2.61607, 6.86962, 7.06122, 7.23582, 7.44957, 7.38605, 7.02915, 6.68418, 5.74475, 1.1031, 0.828679, 0, 0, 0, 0.166564, 0, 3.12343, 7.13093, 7.83537, 8.76842, 9.2371, 9.9858, 10.0675, 10.2513, 10.5963, 8.0793, 6.9834, 0.988498, 2.42254, 5.25383, 5.74895, 0, 2.45744, 6.43168, 7.57803, 9.09631, 9.52875, 9.98847, 9.8196, 11.9326, 12.3979, 11.7595, 9.66343, 3.98037, 1.62394, 1.75949, 0.059764, 0, 0, 3.5809, 4.39232, 4.70544, 4.26568, 3.90054, 5.11334, 7.6209, 6.71364, 6.1894, 3.32171, 0, 0, 0, 0, 0, 0, 2.03096, 2.6095, 2.15093, 0.462374, 0, 0, 0, 0, 0, 0, 0, 0, 0, 0, 0, 0, 0, 0, 4.81671, 12.259, 9.99938, 7.53501, 4.86324, 0, 0, 0, 0, 0, 0, 0, 0, 0, 0, 0, 0, 3.73178, 0, 0, 5.14642, 2.0449, 0, 0, 15.3015, 16.9845, 11.7592, 0, 0, 0, 0, 0, 0, 0, 0, 0, 0, 0, 0, 0, 24.1605, 28.9844, 17.4198, 0, 0, 0, 0, 0, 0, 0, 0, 0, 0, 0, 0, 0, 0, 0, 0, 0, 0, 6.21257, 8.28414, 10.0526, 7.93762, 0, 0, 0, 0, 0, 0, 0, 0, 0, 0, 0, 0, 2.64661, 0.562588, 0, 0, 0, 0, 0, 0, 0, 0, 0, 0, 0, 0, 0, 0, 0, 4.28743, 9.8869, 5.26768, 0, 0, 0, 0, 0, 0, 0, 0, 0, 0, 0, 0, 13.3202, 19.6413, 12.7399, 13.0514, 23.5532, 27.7119, 25.7222, 16.2027, 9.01976, 3.92817, 0.292315, 2.23475, 9.58533, 12.846, 15.9861, 9.40221, 15.9492, 19.6751, 10.8763, 0, 0, 6.75656, 12.8413, 12.3571, 9.95726, 3.5712, 0, 2.05551, 9.00535, 10.8163, 11.5855, 7.13827
0, 0, 0, 0, 0, 0, 0, 0, 0, 0, 0, 0, 0, 0, 0, 0, 5.72588, 1.92599, 3.17101, 4.482, 4.87177, 4.78505, 4.50255, 4.57229, 4.64038, 4.824, 2.2529, 0, 0, 1.24577, 4.76745, 2.35384, 6.77416, 3.34543, 3.39345, 4.08775, 4.24509, 4.0673, 3.61145, 3.07945, 2.56982, 4.13461, 5.42911, 3.05323, 0.896722, 1.64087, 2.62943, 0.238658, 7.21034, 4.28665, 4.07259, 4.28363, 4.33103, 4.1838, 3.79245, 3.05132, 3.19959, 5.11266, 6.94401, 3.82781, 1.97804, 2.78414, 3.06552, 0.109416, 6.89543, 3.9637, 3.89186, 3.77302, 3.65645, 3.29119, 2.99249, 4.34909, 5.58776, 5.30287, 3.35381, 1.31805, 1.90431, 1.72341, 1.30559, 0, 7.12817, 5.69293, 5.84811, 5.20953, 4.38202, 5.32896, 8.58569, 11.7316, 12.1755, 11.8467, 10.1629, 4.48857, 3.02051, 3.38944, 3.2072, 0.325909, 8.10975, 7.55385, 8.67505, 8.59808, 8.05105, 8.34072, 12.8313, 16.2263, 15.4764, 11.4517, 9.57031, 7.32174, 5.39708, 6.1171, 5.27244, 2.28025, 7.69633, 6.70784, 7.56878, 8.12683, 9.74118, 9.26135, 4.9715, 5.09505, 4.05798, 4.04589, 8.24227, 10.2559, 10.3903, 9.52802, 8.08798, 4.6735, 6.0027, 4.92372, 7.34386, 5.77263, 7.85729, 8.8539, 4.38101, 0, 0.31674, 0.628614, 0.93578, 6.53623, 6.39345, 5.8572, 5.48033, 1.59699, 3.05016, 0, 0, 0, 3.3035, 6.6655, 2.31021, 0, 0, 0.452102, 0.328887, 0, 0, 0, 0, 0, 4.49727, 2.5474, 2.6462, 2.65287, 4.07265, 8.89018, 4.9418, 0.290124, 0, 0, 0, 0, 2.27813, 5.36242, 4.53251, 1.71419, 5.2124, 4.46053, 6.56033, 5.24482, 0.378227, 6.87019, 5.8009, 4.62242, 3.79657, 2.31695, 2.21148, 2.77172, 1.96267, 3.19965, 3.26313, 3.42571, 5.27167, 7.11885, 8.3287, 7.18385, 0, 0, 0.075937, 4.19578, 5.0063, 5.96096, 4.87148, 1.84962, 0, 0.612411, 1.68902, 0.554642, 6.45707, 6.13427, 5.47642, 4.48618, 1.31051, 0, 0, 0.084118, 1.24282, 0.499813, 0.120596, 0.546368, 1.13444, 0.871147, 1.80157, 0, 7.66144, 8.39466, 7.12931, 3.32155, 1.82916, 2.11581, 1.75469, 1.33017, 1.19822, 1.35456, 2.00481, 3.85841, 4.93862, 4.09564, 3.3564, 1.38489, 10.2227, 13.1525, 13.4423, 13.5714, 13.7817, 11.7577, 8.67907, 8.98464, 9.40998, 9.40878, 10.6723, 12.5419, 13.9953, 13.7184, 13.4473, 11.4056
6.91323, 32.9788, 32.7226, 33.0436, 32.8437, 33.3734, 33.5622, 32.9222, 32.8244, 31.7955, 29.0759, 28.5185, 34.4268, 42.8861, 36.9785, 39.275, 19.0462, 46.4054, 45.7462, 46.0056, 45.767, 45.9594, 45.9909, 45.6337, 45.5822, 43.74, 41.8546, 40.6146, 53.8622, 60.2351, 50.9038, 54.4154, 19.1867, 46.6786, 44.879, 44.8712, 45.1946, 45.0737, 45.0077, 44.9777, 44.8325, 44.9796, 45.7738, 42.8821, 50.965, 50.9169, 44.6198, 52.1548, 18.7203, 47.0073, 46.3162, 45.4304, 45.0924, 44.9768, 45.0485, 45.1003, 46.2468, 45.4593, 46.4307, 44.3494, 46.7641, 45.6862, 43.4958, 50.5267, 16.9939, 46.9681, 46.4141, 45.3182, 44.5712, 45.0956, 45.6169, 47.5656, 47.1043, 46.8213, 44.8724, 45.0326, 45.4477, 44.8596, 44.4204, 54.7027, 15.3776, 47.1426, 46.0924, 45.3561, 45.4059, 46.2294, 48.0576, 47.9095, 45.7506, 46.0763, 47.2303, 46.651, 46.5753, 46.1054, 45.4735, 55.8432, 14.0574, 46.8991, 44.9856, 45.4236, 45.6758, 45.863, 47.3288, 46.0941, 43.8912, 42.6367, 46.3926, 46.4005, 46.291, 45.769, 44.5151, 54.6969, 10.3117, 43.2837, 44.3579, 42.9824, 43.9863, 46.4011, 46.1954, 39.6324, 36.6229, 36.094, 40.9088, 49.3329, 45.7046, 44.2664, 42.1624, 56.7962, 8.90978, 40.9114, 42.1299, 33.6542, 43.0472, 43.1464, 44.2319, 42.659, 32.0592, 37.3342, 39.9905, 53.6791, 41.6593, 38.4333, 37.2501, 51.5638, 12.0744, 37.6033, 31.0812, 29.5585, 46.2127, 46.4641, 45.5438, 44.9313, 41.7062, 37.2643, 43.6558, 53.2386, 41.0112, 46.3578, 40.075, 39.5983, 13.1693, 32.3874, 31.4199, 25.7356, 33.3736, 47.3639, 45.1961, 51.2349, 51.6494, 46.7365, 38.9267, 50.7245, 64.3204, 64.1408, 48.2306, 44.5852, 14.6406, 30.311, 29.3314, 26.0546, 20.8301, 26.2307, 24.1535, 47.3755, 48.5338, 43.5303, 48.2226, 57.1307, 63.2523, 59.0904, 36.4322, 45.568, 11.8479, 29.8388, 26.4278, 19.4761, 31.5749, 31.1645, 24.3957, 33.5057, 34.6422, 38.9882, 40.5628, 49.4343, 48.2085, 41.8487, 27.5331, 29.5444, 16.894, 32.1063, 23.5979, 16.9483, 25.4984, 25.9987, 20.6932, 20.9918, 23.4378, 23.1308, 30.0697, 37.661, 33.0429, 31.3356, 23.9491, 24.489, 14.5714, 24.2303, 20.4586, 18.4454, 21.4503, 16.3459, 16.7793, 18.8809, 15.5766, 15.8202, 20.6726, 28.1895, 27.9806, 24.3304, 21.4834, 23.4045, 12.6537, 20.5075, 14.9957, 19.3715, 25.6725, 23.7051, 23.8395, 22.8562, 17.4651, 15.7704, 22.6078, 26.8431, 26.1833, 22.8992, 20.8273, 23.8809
0, 6.14894, 4.83219, 4.2787, 2.82742, 4.72471, 4.8639, 3.09587, 2.88735, 0.556, 0, 2.52021, 21.4902, 32.8916, 11.7662, 97.7419, 0, 0, 0, 0, 0, 0, 0, 0, 0, 0, 0, 0, 16.061, 32.3515, 3.70605, 117.108, 0, 0, 0, 0, 0, 0, 0, 0, 0, 0, 0, 0, 6.38922, 8.22523, 0, 113.777, 0, 0, 0, 0, 0, 0, 0, 0, 0, 1.87244, 0, 0, 0, 0, 0, 117.143, 0, 0, 0, 0, 0, 0, 0, 0, 0, 5.60641, 0, 0, 0, 0, 0, 128.214, 0, 0, 0, 0, 0, 0, 0, 0, 0, 0, 0, 0, 0, 0, 0, 128.416, 0, 0, 0, 0, 0, 0, 0, 0, 0, 0, 0, 0, 0, 0, 0, 127.941, 0, 0, 0, 0, 0, 10.6926, 32.192, 17.1865, 0, 0, 0, 2.36871, 0, 0, 1.58338, 132.889, 0, 0, 0, 0, 2.6043, 6.51276, 37.977, 29.4636, 0, 0, 17.4184, 44.2545, 2.69262, 0, 0, 116.114, 0, 0, 0, 0, 9.37912, 7.71756, 10.8968, 19.9304, 8.76226, 0, 19.1636, 45.3932, 24.7083, 34.8414, 19.6446, 95.5795, 0, 0, 0, 0, 0, 0, 0, 13.8694, 15.5861, 0, 0, 4.51937, 60.1278, 62.5477, 20.7416, 106.047, 0, 0, 0, 0, 5.46376, 0, 0, 0, 0, 0, 0, 28.4741, 64.5217, 59.7875, 0.244975, 98.1902, 0, 4.55386, 0, 0, 18.3453, 10.8675, 0, 0, 0, 0, 0, 30.6806, 49.3909, 45.5191, 3.59367, 61.7182, 0, 16.714, 3.24251, 0, 0, 2.42335, 0, 0, 0, 0, 0, 16.1908, 13.7336, 21.582, 1.64498, 54.0884, 0, 6.34811, 0, 2.32566, 11.804, 8.6615, 1.51831, 1.48816, 0, 0, 0, 10.4064, 9.1151, 6.01373, 0, 49.8637, 0, 3.71993, 0, 0, 0, 6.74267, 19.4189, 13.8833, 0, 0, 0.466535, 4.97941, 2.22124, 0, 0, 56.2662
30.4835, 6.48722, 6.47295, 6.53698, 7.24826, 7.15669, 6.99242, 7.69618, 9.01113, 12.948, 21.9667, 25.4049, 16.9299, 8.54223, 9.30832, 0, 46.9085, 36.7919, 36.4648, 36.1641, 37.3325, 37.8477, 37.6656, 38.7425, 40.1192, 44.7995, 55.8131, 66.7846, 64.8742, 51.9955, 43.6132, 34.9572, 47.4801, 35.5159, 34.8075, 36.1789, 36.6098, 36.7527, 36.709, 37.176, 38.85, 40.3335, 45.0523, 51.0801, 54.0303, 47.3982, 41.2274, 33.169, 49.4847, 38.5377, 37.5306, 37.5364, 37.497, 37.5995, 37.9339, 38.1731, 38.6741, 40.3547, 45.6284, 45.1043, 42.0036, 40.4614, 40.7699, 30.2602, 51.8693, 40.9667, 40.4364, 39.6954, 40.0899, 40.6711, 41.0388, 43.7752, 44.7731, 43.6324, 43.6956, 43.8505, 44.2607, 44.3841, 45.7865, 36.2263, 55.2287, 44.859, 44.6637, 44.6633, 45.3199, 46.0942, 48.812, 51.8649, 54.2753, 54.059, 52.2835, 48.3514, 48.3016, 48.4618, 47.3707, 38.8186, 57.961, 49.9686, 50.2636, 50.1457, 50.8203, 48.541, 52.9137, 61.8541, 65.4201, 58.7212, 56.8805, 51.4188, 49.7568, 51.9628, 48.6007, 36.2211, 58.7652, 54.0628, 58.8926, 54.7871, 51.7941, 52.9661, 40.28, 54.4406, 61.8939, 55.0825, 57.83, 55.0939, 57.9609, 60.5974, 59.9707, 44.371, 58.9954, 55.3641, 71.6156, 70.5517, 54.3888, 58.2177, 51.3746, 31.9143, 51.3229, 57.2293, 52.5756, 47.9239, 49.5133, 50.1448, 54.1864, 41.7812, 51.9729, 44.7772, 70.2212, 88.6522, 84.637, 78.2617, 70.2113, 55.9625, 51.6204, 64.1327, 67.6897, 48.429, 27.275, 26.602, 37.1092, 25.8254, 40.3862, 35.5306, 39.9539, 84.2646, 87.4597, 96.8502, 94.0866, 80.8024, 72.5535, 71.7015, 74.8759, 74.6021, 69.2645, 51.5455, 49.9343, 40.0351, 31.992, 28.4566, 34.2698, 38.5305, 50.7003, 83.7701, 91.1377, 82.9702, 82.2585, 81.3898, 82.9358, 79.0466, 68.9824, 48.6583, 44.251, 42.8575, 26.8041, 24.9691, 39.6247, 53.2538, 51.8194, 43.9184, 62.358, 71.5872, 75.1414, 82.7465, 81.4811, 68.594, 53.6404, 26.677, 25.964, 21.8296, 27.1418, 20.3258, 26.6142, 44.9415, 47.196, 37.5872, 36.7077, 42.9188, 48.8266, 46.1145, 52.1224, 43.4068, 37.7254, 23.4965, 21.3235, 16.562, 23.2746, 19.605, 20.9326, 18.6279, 16.8639, 23.5346, 24.3858, 23.958, 28.2542, 31.1089, 31.7667, 26.8768, 26.4634, 23.6156, 20.3535, 17.6819, 21.3596, 19.9203, 31.6959, 41.8665, 45.5591, 43.0551, 30.6341, 23.6691, 26.8202, 31.4976, 31.4914, 31.0037, 30.5867, 29.8424, 29.69, 27.9926
51.925, 42.1286, 42.318, 45.5005, 49.7114, 49.919, 47.9332, 48.8406, 51.2245, 53.8644, 66.312, 67.7171, 40.9231, 21.0826, 40.9535, 22.7638, 10.4396, 4.37878, 1.68891, 0, 0, 0, 0, 0, 0, 7.86306, 29.687, 46.7478, 47.7644, 27.4877, 8.72748, 0, 4.18675, 0, 0, 0, 0, 0, 0, 0, 1.18983, 2.42031, 6.06183, 8.41637, 10.0449, 9.06149, 1.53394, 0, 2.01402, 0, 0, 0, 0, 0, 0, 0, 0, 4.91636, 8.70103, 2.83952, 0, 0, 0, 0, 0.922521, 0, 0, 0, 0, 0, 0, 0, 0, 0, 0, 0, 0, 0, 1.74425, 0, 3.50314, 0, 0, 0, 0, 0, 0, 0, 0, 0, 0, 0, 0, 1.20922, 5.98766, 0, 2.98418, 0, 0, 0, 0, 0, 16.0919, 31.8684, 27.1683, 17.2483, 3.76324, 0, 0, 0, 0, 0, 13.0952, 6.31504, 2.92843, 0, 0, 0, 16.9253, 44.6318, 41.9228, 1.91179, 0, 8.57396, 19.1804, 31.0717, 33.0457, 21.6603, 30.4843, 28.9297, 35.7899, 11.765, 0, 14.7052, 21.282, 4.10012, 0, 0, 0, 38.085, 49.1295, 50.444, 47.3896, 33.3565, 40.6216, 38.6643, 52.9166, 70.7554, 41.8752, 0, 0, 0, 0, 0, 0, 0, 0, 0, 5.87336, 0, 33.5282, 34.2961, 40.6673, 107.263, 132.512, 117.356, 80.3406, 7.582, 0, 0, 0, 15.2917, 24.4698, 22.4012, 20.1027, 6.83703, 2.93801, 2.32444, 0, 0, 0, 6.09266, 56.6354, 64.3457, 75.5464, 78.161, 57.8887, 45.9917, 43.8956, 58.9498, 72.3116, 64.8764, 13.6362, 26.6044, 56.4273, 68.1382, 50.7282, 52.4329, 46.6676, 51.5406, 49.2357, 41.0212, 44.8402, 43.9536, 41.5426, 19.924, 8.44783, 4.9388, 19.0346, 17.9914, 42.1471, 80.4764, 86.0863, 57.457, 44.1411, 35.7669, 51.4728, 47.5975, 38.5877, 28.7619, 22.1443, 20.432, 13.8015, 6.91641, 17.7083, 36.043, 45.8911, 24.8746, 0, 0, 14.9488, 23.9983, 27.8724, 28.0817, 27.2542, 22.9645, 20.2923, 16.8976, 13.0338, 12.2382, 0, 0, 3.26671, 29.4998, 23.0043, 21.3121, 0, 0, 0, 0, 0, 0, 0, 0, 0, 0
31.7447, 38.7146, 43.0831, 48.3147, 50.0843, 50.1136, 49.5011, 49.2376, 48.1928, 44.4112, 38.5986, 19.1738, 0, 12.651, 34.1781, 36.7984, 51.5713, 70.089, 71.7648, 75.608, 77.7779, 78.2183, 77.7808, 77.3094, 76.1626, 71.9863, 67.4506, 58.7402, 40.0149, 53.8324, 61.4415, 63.6449, 53.0429, 71.2117, 71.9506, 73.5964, 75.1919, 75.7533, 75.4362, 75.6077, 74.2476, 71.292, 67.5435, 65.3848, 57.1309, 59.4543, 60.0007, 59.0359, 52.157, 69.0022, 69.6229, 70.6693, 72.1358, 72.8719, 73.266, 73.1059, 74.0828, 68.9788, 62.5871, 63.8736, 57.5498, 59.1084, 58.2362, 51.6856, 48.254, 63.8361, 64.981, 65.5579, 66.5021, 66.8378, 67.7645, 69.7381, 70.4003, 58.1706, 57.557, 58.7163, 55.1326, 53.372, 51.7913, 42.6308, 44.6924, 58.2995, 58.445, 58.7799, 59.8496, 61.2635, 63.2295, 63.3257, 59.5813, 39.6506, 49.6044, 54.1786, 51.3427, 51.3062, 50.6933, 42.3039, 38.6882, 49.2716, 46.5523, 49.9583, 52.0852, 53.1738, 51.842, 45.874, 34.7866, 20.6095, 39.9166, 48.7281, 46.0177, 45.1694, 43.9047, 36.2231, 27.4876, 34.948, 31.4392, 34.2042, 34.6581, 34.5362, 25.8601, 17.6253, 17.1362, 7.99176, 23.1684, 32.1786, 34.1476, 35.5409, 31.3682, 25.6515, 18.7337, 27.7416, 29.2983, 18.8333, 6.83962, 7.42177, 1.2163, 0.239905, 3.07985, 0, 0.780414, 16.0935, 23.672, 25.2226, 23.1251, 27.3448, 28.6413, 41.8596, 43.8944, 33.6989, 1.72779, 0, 0, 0, 0, 0, 0, 0, 0, 8.38754, 15.7314, 23.5878, 36.5004, 50.4192, 57.3234, 54.2143, 13.8002, 0, 0, 0, 0, 0, 0, 0, 0, 16.3671, 24.4172, 18.9044, 39.9128, 53.6045, 56.9701, 52.7841, 9.86449, 0, 0, 0.435738, 0.000213, 0, 0, 0.163788, 10.5897, 27.2204, 34.9266, 33.3454, 35.9153, 46.7827, 47.5202, 35.9569, 10.7514, 8.40183, 9.45001, 8.66345, 10.8734, 10.0922, 4.07104, 17.141, 26.5521, 31.8248, 32.3544, 31.0859, 33.3759, 46.6419, 44.1959, 32.3283, 23.6289, 23.5953, 17.9911, 17.8603, 21.7244, 19.9704, 15.8331, 28.8627, 31.6179, 34.5715, 33.6336, 31.2257, 32.195, 43.8489, 36.8353, 23.8913, 20.0121, 23.125, 21.9589, 20.8427, 22.5422, 20.3782, 18.9483, 30.0637, 36.1166, 36.8414, 36.0119, 33.8728, 20.2688, 25.6763, 22.5895, 19.532, 21.5132, 19.772, 15.592, 17.2755, 18.4253, 17.8205, 18.585, 23.5169, 26.5052, 27.0862, 26.5059, 23.6859
7.51932, 5.15867, 5.6384, 6.53201, 6.98934, 7.44261, 7.87095, 8.60184, 9.90526, 10.017, 7.52548, 8.45528, 0, 5.61782, 10.4148, 2.77612, 0.196411, 2.40184, 3.06358, 2.62079, 2.45671, 3.3695, 4.00677, 4.42137, 4.26131, 3.99048, 2.01594, 0, 0, 0, 3.41797, 0, 1.3649, 3.11393, 3.87552, 3.66207, 4.18751, 5.16412, 5.90597, 6.06182, 5.0681, 4.68326, 4.24483, 1.91219, 1.44274, 3.69684, 4.76149, 0, 1.4741, 2.14876, 3.22883, 4.232, 5.38422, 6.29319, 7.05726, 7.34232, 7.98861, 9.05552, 5.58589, 4.04905, 3.2399, 3.74699, 4.47686, 0, 3.03627, 2.97159, 4.09201, 4.8709, 5.8162, 6.85177, 7.52714, 8.7092, 8.0082, 4.85971, 5.55123, 6.39812, 4.58689, 3.88956, 4.4344, 0, 3.81021, 3.29089, 3.7863, 5.01782, 5.73565, 6.32673, 7.39765, 8.1097, 5.39865, 5.31411, 4.59208, 6.32112, 5.59042, 4.47892, 5.25147, 0, 3.45794, 0.972208, 1.10166, 3.61946, 4.57303, 4.80015, 3.87353, 0.399424, 0, 0, 3.24788, 5.69501, 5.69705, 4.32903, 5.57142, 0, 1.76342, 0, 0, 0.321447, 0.562935, 0, 0, 0, 0, 0, 0, 1.27781, 2.38361, 1.98328, 0, 0, 0, 0, 0, 0, 0, 0, 0, 0, 0, 0, 0, 0, 0, 0, 0, 0, 0, 0, 1.15496, 0.024693, 0, 0, 0, 0, 0, 0, 0, 0, 0, 0, 0, 0, 1.02289, 2.56984, 3.57725, 0, 0, 0, 0, 0, 0, 0, 0, 0, 0, 0, 0, 0, 0.324593, 2.27501, 7.20365, 1.47234, 0, 0, 0, 0, 0, 0, 0, 0, 0, 0, 0, 0, 2.89807, 4.33657, 4.3756, 0, 0, 0, 0, 0, 0, 0, 0, 0, 0, 1.02974, 1.27222, 0, 1.70911, 0.788451, 0, 0, 0, 0, 0, 0, 0, 0.628644, 0.943431, 2.01975, 2.68657, 3.54938, 5.07639, 1.29622, 0, 0.226235, 1.90295, 0, 0, 0, 1.58747, 1.78768, 3.49176, 3.87767, 5.36935, 4.52992, 6.72776, 7.65188, 6.38275, 4.52263, 0, 0, 0, 0, 0.504408, 2.94765, 4.51768, 4.47304, 3.97859, 3.82439, 4.8206, 3.09977, 4.28222, 4.86623, 4.92482, 1.58145
91.7542, 104.805, 107.773, 111.095, 112.733, 113.075, 112.587, 112.381, 112.124, 111.999, 110.717, 105.937, 99.218, 109.408, 111.156, 105.289, 59.1605, 59.4591, 61.0582, 62.7266, 63.3837, 63.271, 62.7209, 62.8457, 61.1188, 56.6317, 52.0226, 46.1438, 44.3909, 56.5418, 55.6304, 66.9708, 61.7966, 61.3033, 60.3864, 62.8569, 63.8717, 64.0383, 63.1811, 62.996, 61.866, 58.9404, 56.7159, 54.8903, 50.2632, 53.6355, 53.2923, 61.8623, 59.8622, 59.6108, 59.4809, 60.3205, 60.6055, 60.9689, 61.4016, 61.6898, 61.3355, 54.3557, 59.0599, 56.2164, 50.9219, 50.6415, 48.2374, 56.1842, 56.1949, 56.1419, 56.3909, 56.8255, 57.2325, 58.3931, 59.1304, 59.8659, 58.0214, 46.5261, 58.1399, 54.2939, 51.3137, 52.2076, 50.6277, 58.4903, 54.2397, 52.2641, 52.9363, 54.2248, 55.1739, 56.6755, 57.1585, 56.7193, 50.2197, 46.7806, 60.0015, 56.3577, 48.8616, 49.1318, 46.546, 56.0994, 49.1589, 43.281, 43.2425, 46.8702, 47.5934, 45.6321, 37.8052, 33.5789, 31.6816, 27.5876, 47.2182, 44.9785, 40.6264, 42.0199, 40.8173, 46.7819, 40.3132, 34.1733, 38.9259, 38.5625, 37.1217, 36.1474, 18.8675, 11.527, 10.9778, 8.46324, 25.8764, 31.6797, 34.1641, 35.5265, 40.9683, 46.5033, 34.0104, 32.8437, 34.5685, 34.3104, 15.4013, 19.7556, 26.6096, 24.9761, 22.6189, 16.2688, 19.7759, 27.2994, 28.9658, 23.1797, 25.5977, 29.9321, 32.3592, 28.8306, 29.7478, 33.5811, 20.4449, 14.7233, 14.9821, 9.16409, 6.84212, 15.7923, 20.617, 28.3135, 34.8375, 38.5818, 41.5235, 40.7134, 44.5086, 47.0369, 41.9776, 39.2961, 17.6981, 40.5967, 40.8307, 21.0678, 20.3182, 11.8407, 14.9331, 22.7534, 24.6512, 33.1233, 35.6458, 47.9391, 34.7382, 33.5735, 37.3676, 34.0977, 6.69125, 0, 4.20009, 24.0653, 27.6176, 28.6275, 27.8823, 19.7718, 10.9128, 21.9746, 30.9913, 41.8439, 40.8243, 41.5525, 40.3727, 34.3255, 21.6951, 17.6337, 14.9018, 7.3049, 11.9586, 4.98224, 10.7016, 17.3559, 19.9077, 22.2647, 25.5015, 27.2574, 35.7626, 32.2587, 20.3301, 11.921, 17.0622, 18.9993, 18.0226, 9.79994, 9.12395, 6.66285, 13.4864, 20.4691, 28.1496, 28.1382, 30.0801, 31.9698, 31.6282, 34.3023, 45.2713, 46.7879, 41.8547, 24.8447, 15.6452, 20.7829, 22.393, 24.0172, 29.118, 32.8278, 36.8795, 34.6993, 32.8609, 35.6152, 24.2897, 26.3267, 15.0679, 13.233, 32.2796, 45.4087, 46.2751, 41.6691, 36.3781, 35.456, 33.2034, 31.4744, 31.1511, 34.4051, 36.4421, 40.1313
70.0987, 96.2222, 91.9767, 88.4163, 87.9698, 90.1947, 90.4571, 92.0884, 96.1345, 106.196, 127.362, 161.263, 172.517, 153.29, 120.874, 108.566, 0, 0, 0, 0, 0, 0, 0, 0, 0, 0, 0, 0, 0, 0, 0, 1.84564, 0, 0.581406, 0.707961, 0, 0, 0, 0, 0, 0, 0, 0, 0, 0, 0, 0, 4.29716, 0, 1.57551, 1.69996, 1.33635, 2.01918, 3.14259, 3.1526, 2.92299, 2.05177, 0, 0, 0.07152, 3.23877, 6.57333, 8.7915, 15.6622, 0, 3.00558, 4.26395, 5.4682, 5.88985, 6.05169, 5.89437, 8.79681, 12.3552, 21.4921, 18.3897, 9.71156, 6.72381, 7.45699, 6.29414, 14.9689, 0, 2.68678, 4.07911, 4.86346, 4.49391, 4.09924, 4.06164, 5.44241, 5.19637, 8.18994, 7.57682, 0.161249, 0, 0, 0, 6.75712, 0, 6.27565, 9.14675, 7.17736, 4.90643, 3.53591, 4.07046, 9.08672, 8.92786, 3.09984, 6.26496, 3.163, 1.99813, 4.10543, 6.11521, 14.2204, 0, 0, 0, 12.9339, 16.0043, 29.3336, 41.854, 31.4722, 1.00028, 9.02121, 8.12227, 2.90441, 0, 0, 3.60324, 16.9412, 0, 0, 4.68733, 26.8903, 35.9508, 29.9048, 51.9135, 56.5761, 30.2193, 4.69058, 25.6151, 28.1535, 0, 1.91357, 0, 6.40849, 0, 0, 0, 0, 36.6955, 42.1029, 41.6932, 41.5331, 38.5108, 18.4201, 42.8626, 88.5398, 90.6054, 70.3534, 35.1099, 18.4132, 0, 0, 0, 0, 0, 0, 0, 4.73685, 13.1077, 15.2817, 16.6546, 14.7534, 15.7724, 12.374, 11.3898, 26.1176, 8.30748, 10.205, 9.83544, 17.1804, 25.7802, 18.8572, 0, 0, 0, 0, 0, 0, 0, 0, 0, 0, 0.278155, 0.649811, 0, 0, 0, 0, 0, 0, 0, 0, 0, 0, 0, 0, 0, 4.21003, 0, 6.47235, 14.6898, 4.42452, 0, 0, 0, 0, 0, 0, 0, 0, 0, 0, 0, 0, 0, 5.87557, 38.6805, 56.9392, 49.2624, 35.7509, 9.48332, 0, 0, 0, 0, 2.35766, 3.1524, 0, 0.496247, 5.67234, 33.7441, 36.491, 36.0443, 17.2608, 13.5005, 56.6129, 67.1062, 56.8506, 40.5684, 32.8244, 28.644, 27.5738, 27.7331, 29.2937, 32.7935, 31.8617
13.34, 23.9958, 25.9914, 27.718, 27.9253, 27.6235, 27.6948, 27.7001, 27.4384, 26.3081, 19.8305, 18.1592, 29.0772, 32.4916, 26.7877, 25.4516, 7.64796, 18.1209, 19.0941, 20.1128, 20.3106, 20.109, 19.8191, 19.3056, 17.6994, 14.904, 8.63109, 0, 0, 6.39579, 14.6513, 17.5431, 10.0434, 21.2898, 21.2072, 20.8557, 21.0805, 21.2104, 21.3384, 21.185, 20.5102, 17.2672, 15.416, 11.1722, 12.7155, 15.315, 17.328, 19.7725, 9.59234, 21.2593, 21.3616, 21.6791, 22.133, 22.856, 23.1952, 23.9424, 23.7965, 22.6037, 22.9804, 16.7725, 18.2122, 18.9412, 19.2543, 21.3213, 7.81385, 20.0979, 20.8711, 21.7941, 22.276, 22.752, 22.8128, 23.8737, 23.643, 22.0383, 21.0741, 16.9749, 16.8556, 16.5288, 14.4761, 16.2511, 5.13208, 18.3668, 19.1368, 18.875, 18.6893, 19.2979, 20.5647, 21.6855, 20.6084, 20.925, 21.6957, 17.1036, 13.5711, 13.2244, 12.6126, 16.1299, 2.4204, 16.067, 17.7022, 17.7357, 16.9248, 16.3716, 12.2279, 2.5807, 0, 4.39097, 12.7461, 15.1778, 13.6978, 14.0588, 14.3361, 18.9135, 0, 5.77107, 9.50242, 18.0117, 21.7541, 21.1488, 20.1222, 13.866, 5.22455, 0.615542, 6.96209, 7.89735, 1.17494, 0, 0, 6.70181, 0, 0, 0, 1.83083, 13.2788, 15.3583, 18.505, 19.3648, 13.955, 2.31543, 8.78306, 27.2672, 28.7419, 22.6415, 7.85601, 9.58036, 0, 0, 0, 0, 0, 1.11766, 6.73881, 11.6394, 10.5708, 4.24636, 9.47853, 23.1585, 24.836, 19.0576, 10.3616, 18.3701, 1.28848, 7.31817, 8.81429, 0, 0, 0, 0, 0, 1.40935, 1.9514, 0, 0, 0, 0, 0, 2.26836, 8.90443, 13.7362, 13.3812, 7.83403, 0, 0, 0, 0, 0, 0, 0, 0, 0, 0, 0, 0, 5.15967, 8.81199, 0, 0, 0, 0, 0, 0, 0, 0, 0, 0, 0, 3.38423, 4.5958, 6.79371, 3.3786, 7.74909, 8.11447, 9.32031, 9.18183, 3.36868, 0, 0, 0, 0, 0, 1.85459, 4.57316, 7.00749, 7.25867, 7.69171, 19.9193, 27.2889, 20.8555, 13.2758, 18.8528, 26.4144, 29.8702, 28.2363, 22.2517, 18.6596, 19.0421, 21.3655, 23.9549, 25.5708, 26.3051, 23.7312, 1.71058, 4.76872, 0, 0, 0, 0, 0, 0, 0, 0, 0, 0, 1.71069, 1.83288, 1.59655, 2.81064
0, 32.0715, 31.4717, 32.4496, 32.77, 33.2417, 33.5105, 32.6691, 31.9405, 30.4386, 28.3856, 22.3835, 24.1843, 32.7927, 29.5495, 51.5619, 0, 0, 0, 0, 0, 0, 0, 0, 0, 0, 0, 0, 0, 0, 0, 26.6498, 0, 0, 0, 0, 0, 0, 0, 0, 0, 0, 0, 0, 0, 0, 0, 26.9864, 0, 0, 0, 0, 0, 0, 0, 0, 0, 0, 0, 0, 0, 0, 0, 27.3553, 0, 0, 0, 0, 0, 0, 0, 0, 0, 0, 0, 0, 0, 0, 0, 28.907, 0, 0, 0, 0, 0, 0, 0, 0, 0, 0, 0, 0, 0, 0, 0, 27.3729, 0, 0, 0, 0, 0, 0, 0, 0, 0, 0, 0, 0, 0, 0, 0, 26.0073, 0, 0, 0, 0, 0, 0, 0, 0, 0, 0, 0, 0, 0, 0, 0, 24.5888, 0, 0, 0, 0, 0, 0, 0, 0, 0, 0, 0, 0, 0, 0, 0, 23.3265, 0, 0, 0, 0, 0, 0, 0, 0, 0, 0, 0, 0, 3.70193, 10.1651, 0.500829, 23.4937, 0, 0, 0, 0, 0, 0, 0, 0, 0, 0, 0, 0, 0, 5.18022, 0, 19.1971, 0, 0, 0, 0, 11.4923, 6.9019, 0, 0, 0, 0, 0, 0, 0, 0.508783, 0, 15.7438, 0, 0, 0, 0, 4.66784, 3.79919, 0, 0, 0, 0, 0, 0, 0, 1.49654, 0, 14.9353, 0, 0, 0, 0, 0, 0, 0, 0, 0, 0, 0, 0, 0, 0, 0, 13.0691, 0, 0, 0, 0, 0, 0, 0, 0, 0, 0, 0, 0, 0, 0, 0, 12.1672, 0, 0, 0, 0, 0, 0, 0, 0, 0, 0, 0, 0, 0, 0, 0, 7.10668
42.8276, 24.6671, 23.6403, 22.3877, 21.8353, 22.4, 22.3347, 22.5187, 23.1292, 24.2974, 37.221, 44.6255, 40.3809, 41.5961, 30.9792, 23.081, 13.7027, 0, 0, 0, 0, 0, 0, 0, 0, 0, 1.56735, 1.93693, 7.18771, 0, 0, 0, 12.682, 0, 0, 0, 0, 0, 0, 0, 0, 0, 0, 0, 0, 0, 0, 0, 13.3152, 0, 0, 0, 0, 0, 0, 0, 0, 0, 0, 0, 0, 0, 0, 0, 15.3768, 0, 0, 0, 0, 0, 0, 0, 0, 0, 4.44323, 5.29387, 0.095241, 0.321015, 0.647127, 0, 17.0243, 0, 0, 0, 0, 0, 0, 0, 0.692573, 2.74906, 1.87734, 0, 0, 0, 0, 0, 17.9934, 0, 0, 0, 0, 0, 0, 1.24161, 0.004429, 1.91721, 1.83287, 0.088041, 0, 0, 0, 0, 20.7117, 0, 0, 2.08254, 5.30261, 3.91342, 0, 0, 16.1341, 18.1919, 7.86728, 10.2618, 0, 0, 0.604934, 0, 22.0727, 0, 4.86932, 15.0816, 17.895, 17.9033, 14.6797, 17.8287, 25.0568, 16.3745, 14.8318, 4.41807, 0.945959, 3.30713, 1.09807, 0, 19.9827, 0, 5.41543, 12.0044, 10.8881, 18.2436, 15.5906, 16.4479, 20.547, 25.0862, 16.6257, 31.1864, 40.3868, 19.9921, 15.558, 0, 12.1903, 0, 0, 1.84144, 3.38855, 8.75171, 6.71253, 17.4028, 19.0916, 19.7385, 31.3386, 30.3481, 24.3662, 0, 0.327315, 0, 2.79221, 0, 0, 10.7414, 19.7746, 19.7192, 22.5636, 8.68553, 4.74416, 19.5602, 21.083, 0, 0, 0, 0, 0, 10.292, 0, 0, 16.7989, 18.4762, 11.1152, 0.37467, 0, 0, 0, 0, 0, 0, 0, 0, 0, 9.23677, 0, 0, 0, 0, 0, 0, 0, 0, 0, 0, 0, 0, 0, 0, 0, 0, 0, 0, 0, 0, 1.59732, 3.4999, 0, 0, 0, 0.512753, 0, 0, 0, 0, 0, 1.43476, 0, 3.52426, 4.24332, 0.661774, 4.59784, 5.45793, 3.80849, 4.56116, 6.9165, 6.41955, 0, 0, 0, 2.46299, 0
14.6363, 2.4473, 3.21516, 3.9673, 4.61679, 4.64804, 4.37508, 4.46232, 4.55294, 5.37687, 5.17151, 4.89851, 0, 0, 3.40128, 0, 12.6746, 10.6899, 11.3195, 11.854, 12.2221, 12.6034, 12.5375, 12.4394, 12.379, 12.173, 11.8456, 11.7086, 9.95523, 10.5585, 11.6581, 7.12866, 13.3737, 10.7634, 11.2106, 11.8077, 12.0415, 12.1579, 12.177, 12.1376, 12.0913, 11.7376, 12.8711, 11.9832, 10.6393, 11.3558, 10.3173, 5.48231, 13.3192, 10.6374, 10.669, 11.24, 11.5014, 11.6743, 11.7959, 11.7826, 11.5113, 11.1386, 12.7419, 11.8395, 9.12998, 9.16708, 9.0039, 2.74311, 12.8775, 9.96258, 9.97553, 10.2691, 10.4828, 10.6022, 10.832, 11.5607, 10.7278, 10.3284, 9.0806, 9.62928, 9.34618, 9.22888, 9.28572, 3.23805, 13.2391, 10.1159, 10.3134, 10.3148, 10.4758, 10.9337, 11.6311, 11.965, 10.2993, 9.18354, 10.8313, 10.4311, 9.20048, 9.35481, 9.28902, 3.74139, 13.045, 9.2243, 9.00212, 9.96533, 10.1511, 9.66831, 12.8531, 14.6633, 13.3611, 9.88403, 10.3278, 10.433, 9.21746, 10.1739, 8.31428, 2.01251, 12.183, 8.54437, 9.05788, 6.21586, 5.9163, 4.32824, 0, 4.31168, 8.26947, 3.222, 8.26026, 11.1108, 13.8554, 14.5256, 13.6281, 6.70725, 11.731, 9.37752, 15.0905, 11.0462, 0, 3.63777, 2.09752, 0, 0, 1.30753, 0, 1.67775, 4.62215, 5.75151, 6.8674, 4.25278, 10.7813, 9.93009, 15.3469, 20.6318, 16.613, 9.06388, 1.3634, 0, 0, 0.149448, 0, 0, 0, 0, 2.18102, 0, 12.0917, 11.041, 10.1205, 14.4707, 16.1481, 16.2309, 15.3123, 7.06942, 4.04829, 1.84173, 1.39025, 0.017428, 2.96952, 9.40808, 11.7229, 6.0753, 8.65348, 9.55578, 12.1214, 10.3838, 0, 6.01716, 13.2358, 12.3256, 11.9701, 8.84448, 7.00161, 8.5961, 7.29214, 8.58731, 9.55196, 8.1762, 9.20542, 10.2394, 15.4517, 15.8398, 12.8603, 5.92248, 6.75722, 11.8217, 11.9901, 12.2849, 11.9707, 9.81835, 9.85959, 6.92673, 6.68029, 4.20017, 9.59558, 9.17207, 4.69169, 8.60144, 12.3003, 10.0823, 5.66216, 6.89073, 10.128, 8.28593, 7.93441, 8.58928, 9.58401, 7.55185, 7.15638, 4.58841, 10.3702, 11.9105, 11.8071, 5.17082, 0, 1.37577, 5.52014, 6.9581, 7.97359, 8.33458, 8.27189, 8.42645, 10.1694, 9.84019, 8.8175, 5.74564, 8.50709, 8.80831, 9.18925, 14.35, 17.9173, 18.1653, 14.3489, 10.634, 11.5885, 12.3957, 12.4532, 12.9788, 14.1044, 14.248, 13.6348, 12.0074