0.041895, 0.041895, 0.041895, 0.041895, 0.041895, 0.041895, 0.041895, 0.041895, 0.041895, 0.041895, 0.041895, 0.041895, 0.041895, 0.041895, 0.041895, 0.041895, 1.0659, 0.041895, 128.184, 166.247, 134.651, 88.4284, 4.80452, 0.041895, 0.041895, 0.041895, 0.680127, 0.247041, 54.7476, 397.04, 381.462, 245.194, 238.959, 237.92, 23.4935, 0.041895, 0.041895, 0.315423, 0.315423, 120.729, 477.422, 491.719, 75.8558, -74.907, 155.898, 51.3655, 0.041895, 0.041895, 0.041895, 0.041895, -11.9729, 449.429, 450.159, -251.334, 136.773, 375.746, 209.961, -176.93, 0.041895, 0.041895, 0.041895, 0.041895, 101.28, 313.799, -176.254, 421.412, 414.284, 225.12, -76.9096, -33.0064, 0.041895, 0.041895, 0.041895, 13.4634, 99.8955, 30.106, 99.6235, 415.448, -23.7633, 136.709, -167.024, -1.15665, 0.041895, 0.041895, 0.041895, 20.1802, 71.5741, -11.8967, -204.809, -346.512, 354.418, 366.362, -176.685, 0.041895, 0.041895, 0.041895, 0.041895, 2.57219, 7.12266, 0.041895, 0.041895, 38.0818, 371.102, 99.8905, -27.0417, 0.041895, 0.041895, 0.041895, 0.041895, 0.041895, 0.041895, 0.041895, 0.771303, 296.925, 385.706, -266.796, 0.041895, 0.041895, 0.041895, 0.041895, 0.041895, 0.041895, 0.041895, 0.794097, 107.149, 463.447, 241.755, -29.2234, 0.041895, 0.041895, 0.041895, 0.041895, 0.041895, 0.041895, 0.041895, -8.40228, 305.869, 425.57, -296.934, 0.041895, 0.041895, 0.041895, 0.041895, 0.041895
0.543976, 0.543976, 0.543976, 0.543976, 0.543976, 0.543976, 0.543976, 0.543976, 0.543976, 0.543976, 0.543976, 0.543976, 0.543976, 0.543976, 0.543976, 0.543976, 53.4873, 40.7172, 0.543976, 0.543976, 0.543976, 17.1454, 5.72023, 0.543976, 0.543976, 0.543976, 8.85496, 61.4704, 73.6172, 24.0632, -77.1284, -121.684, -152.168, -2.12255, 25.8391, 0.543976, 0.543976, 4.10583, 114.296, 88.7253, -58.8606, -332.285, -328.718, -403.227, -574.026, -126.871, 0.543976, 0.543976, 0.543976, 45.5033, 169.034, -95.6416, -384.022, -248.025, -140.637, -264.748, -511.04, -188.815, 0.543976, 0.543976, 0.543976, 101.845, 187.111, -466.552, -328.851, -189.131, -118.807, -334.4, -394.487, -35.7904, 0.543976, 0.543976, 0.543976, 83.8679, 133.971, -379.583, -448.737, -336.228, -179.022, -610.358, -296.654, -2.9448, 0.543976, 0.543976, 0.543976, 31.1843, 61.1991, -122.493, -405.57, -112.217, -214.477, -420.47, -173.808, 0.543976, 0.543976, 0.543976, 0.543976, 2.87664, 15.7892, 0.543976, 44.2439, 193.596, -292.905, -374.456, -49.8093, 0.543976, 0.543976, 0.543976, 0.543976, 0.543976, 0.543976, 0.543976, 135.177, 183.08, -462.479, -243.172, 0.543976, 0.543976, 0.543976, 0.543976, 0.543976, 0.543976, 0.543976, 121.099, 110.396, -130.525, -351.597, -64.0716, 0.543976, 0.543976, 0.543976, 0.543976, 0.543976, 0.543976, 0.543976, 163.668, 26.8119, -497.604, -275.383, 0.543976, 0.543976, 0.543976, 0.543976, 0.543976
-0.058771, -0.058771, -0.058771, -0.058771, -0.058771, -0.058771, -0.058771, -0.058771, -0.058771, -0.058771, -0.058771, -0.058771, -0.058771, -0.058771, -0.058771, -0.058771, 22.2533, 128.248, 262.003, 268.878, 198.596, 82.0316, 9.6269, -0.058771, -0.058771, -0.058771, 3.05606, 52.0963, 203.313, 367.724, 513.22, 550.523, 499.928, 368.823, 106.333, -0.058771, -0.058771, 1.27616, 22.2407, 203.857, 336.561, 362.289, -20.0419, -38.9324, 281.746, 249.639, 46.5359, -0.058771, -0.058771, 3.30488, 77.9819, 249.874, 140.959, -148.72, 213.848, 253.497, -19.5251, -3.85996, 26.2475, -0.058771, -0.058771, 0.517467, 41.5175, 72.9578, 296.819, 383.997, 273.428, 126.986, 8.80801, 54.8615, 0.175821, -0.058771, -0.058771, -0.058771, -115.586, -71.5045, 427.708, 393.038, -113.234, -49.7053, 26.4501, 18.4318, -0.058771, -0.058771, -0.058771, -0.058771, -65.2562, -304.248, -390.94, -148.358, 90.0593, 50.4382, 22.9349, 9.12922, -0.058771, -0.058771, -0.058771, -0.058771, -0.058771, -0.058771, 9.22715, 11.3011, 83.6105, -29.9014, 22.7663, -0.058771, -0.058771, -0.058771, -0.058771, -0.058771, -0.058771, -0.058771, 21.7254, 117.757, 22.7005, -16.9169, 14.7838, -0.058771, -0.058771, -0.058771, -0.058771, -0.058771, -0.058771, 27.3859, 168.16, 220.134, 18.0124, 7.33731, 1.08486, -0.058771, -0.058771, -0.058771, -0.058771, -0.058771, -0.058771, -4.91213, 136.962, 73.1345, -70.1213, 24.1387, -0.058771, -0.058771, -0.058771, -0.058771
0.075733, 0.075733, 0.075733, 0.075733, 0.075733, 0.075733, 0.075733, 0.075733, 0.075733, 0.075733, 0.075733, 0.075733, 0.075733, 0.075733, 0.075733, 0.075733, 0.075733, 0.075733, 0.075733, 0.075733, 30.8182, 28.4915, 8.02457, 0.075733, 0.075733, 0.075733, 0.075733, -0.550253, -36.4526, -77.9042, 103.301, 63.5664, 102.843, 183.698, 56.858, 0.075733, 0.075733, 0.075733, -0.758915, -116.355, 294.628, 604.866, 459.613, 54.8137, 260.779, 287.477, 39.7358, 0.075733, 0.075733, 0.075733, -75.8466, 400.093, 617.836, 534.755, 10.1662, 415.264, 474.479, 99.2626, 0.075733, 0.075733, 0.075733, 0.075733, 31.9405, 499.796, 409.305, -13.1023, 348.261, 418.444, 338.248, -10.4184, 0.075733, 0.075733, 0.075733, 38.7251, 179.086, 139.636, 224.332, 490.511, 443.31, 250.841, 203.436, -4.22522, 0.075733, 0.075733, 0.075733, 70.5743, 277.092, 342.682, 384.709, 403.981, 95.7082, 423.629, 143.099, 0.075733, 0.075733, 0.075733, 0.075733, 10.6063, 144.124, 205.856, 91.7043, -88.3503, 444.894, 420.394, -47.483, 0.075733, 0.075733, 0.075733, 0.075733, 0.075733, 0.075733, 0.075733, -2.15, 94.5828, 425.306, 260.976, 0.075733, 0.075733, 0.075733, 0.075733, 0.075733, 0.075733, 0.075733, -2.21955, -124.458, 488.378, 472.151, -47.687, 0.075733, 0.075733, 0.075733, 0.075733, 0.075733, 0.075733, 0.075733, -35.2717, 293.239, 556.814, 281.951, 0.075733, 0.075733, 0.075733, 0.075733, 0.075733
0.00382, 0.00382, 0.00382, 0.00382, 0.00382, 0.00382, 0.00382, 0.00382, 0.00382, 0.00382, 0.00382, 0.00382, 0.00382, 0.00382, 0.00382, 0.00382, 0.00382, 0.00382, 0.00382, 20.6651, 37.2001, 24.3049, 6.70552, 0.00382, 0.00382, 0.00382, 0.00382, -0.028868, 105.069, 207.363, 246.053, 238.923, 160.283, 108.308, 54.5309, 0.00382, 0.00382, 0.00382, 19.6389, 111.899, 169.125, 129.161, -169.782, -190.879, -95.0143, -22.4087, 0.00382, 0.00382, 0.00382, 8.6989, 73.9864, 96.3927, -82.1812, -104.028, 90.0833, 38.3659, -122.834, -24.0056, 0.00382, 0.00382, 0.00382, 30.3306, 45.2213, -140.88, 67.4349, 187.84, 172.524, -10.8165, -73.9794, -19.2436, 0.454924, 0.00382, 0.00382, 11.7486, -39.4214, -66.1731, 117.435, 110.738, -180.293, -77.5756, -57.5685, 0.342148, 0.00382, 0.00382, 0.00382, 0.00382, -72.0245, -214.166, -269.582, -40.3657, 4.98118, -67.3937, -62.2438, 1.15977, 0.00382, 0.00382, 0.00382, 0.00382, 0.00382, 0.00382, 3.31286, 69.1268, -36.8076, -77.2178, -6.70944, 0.00382, 0.00382, 0.00382, 0.00382, 0.00382, 0.00382, 0.00382, 29.4757, 37.7871, -132.191, -85.5199, 1.0188, 0.00382, 0.00382, 0.00382, 0.00382, 0.00382, 0.00382, 28.5239, 91.2147, 8.54005, -106.731, -2.10513, 2.20295, 0.00382, 0.00382, 0.00382, 0.00382, 0.00382, 0.00382, 66.3441, 68.5982, -134.762, -75.2629, 0.736864, 0.00382, 0.00382, 0.00382, 0.00382
-0.097659, -0.097659, -0.097659, -0.097659, -0.097659, -0.097659, -0.097659, -0.097659, -0.097659, -0.097659, -0.097659, -0.097659, -0.097659, -0.097659, -0.097659, -0.097659, -0.097659, -0.097659, -0.097659, -0.097659, -0.097659, -0.097659, -0.097659, -0.097659, -0.097659, -0.097659, -0.097659, -1.96773, -38.8848, -37.0842, -3.42257, -100.485, -183.639, -118.277, -0.097659, -0.097659, -0.097659, -0.097659, -2.59109, 19.2268, 67.3032, 132.289, 307.739, 365.969, 268.403, 55.1823, -0.097659, -0.097659, -0.097659, -0.097659, 22.1329, 110.978, 90.5847, 112.983, 25.2509, -22.0912, 14.5734, 53.4395, 23.7179, -0.097659, -0.097659, 48.5642, 100.002, 101.802, -142.844, 3.98783, 63.8946, 174.134, 57.1918, 7.87673, 0.497845, -0.097659, -0.097659, 41.5726, 193.691, 367.814, 255.83, 118.433, 117.803, 169.968, 23.0392, 19.2215, -0.097659, -0.097659, -0.097659, 24.4426, 59.2005, 403.334, 470.977, 242.117, 140.858, 20.4435, 15.2214, 11.124, -0.097659, -0.097659, -0.097659, 2.56648, 5.91393, -0.097659, -0.097659, 76.2327, 91.3385, 9.99997, 30.7319, -0.097659, -0.097659, -0.097659, -0.097659, -0.097659, -0.097659, -0.097659, -6.74681, 111.642, 99.9248, 32.7064, 14.557, -0.097659, -0.097659, -0.097659, -0.097659, -0.097659, -0.097659, -6.9546, 19.605, 77.1738, -17.5406, 35.7062, 2.80542, -0.097659, -0.097659, -0.097659, -0.097659, -0.097659, -0.097659, 134.985, 237.073, 142.264, 86.0477, 23.3424, -0.097659, -0.097659, -0.097659, -0.097659
-0.270635, -0.270635, -0.270635, -0.270635, -0.270635, -0.270635, -0.270635, -0.270635, -0.270635, -0.270635, -0.270635, -0.270635, -0.270635, -0.270635, -0.270635, -0.270635, 53.5058, 59.305, 40.366, 25.3384, 7.79579, 11.2375, 0.404948, -0.270635, -0.270635, -0.270635, 7.99508, 91.0432, 293.86, 420.536, 585.943, 581.919, 415.28, 170.328, 59.8462, -0.270635, -0.270635, 3.27181, 159.113, 308.937, 428.748, 423.456, 429.271, 453.202, 352.358, 192.295, 70.3494, -0.270635, -0.270635, 50.1882, 331.623, 321.77, 370.519, 245.974, 346.592, 520.643, 349.18, 51.5708, -0.270635, -0.270635, -0.270635, 108.91, 465.337, 434.997, 274.395, 304.437, 618.734, 611.281, 254.957, 18.64, -0.270635, -0.270635, -0.270635, 71.6205, 508.596, 515.672, 394.293, 402.805, 512.964, 298.59, 100.627, -1.92798, -0.270635, -0.270635, -0.270635, 8.62423, 170.276, 228.889, 146.143, 243.333, 324.191, 302.295, 64.9149, -0.270635, -0.270635, -0.270635, -0.270635, 1.05799, 39.995, 49.395, 45.6846, 342.462, 351.79, 262.407, -24.4244, -0.270635, -0.270635, -0.270635, -0.270635, -0.270635, -0.270635, -0.270635, 193.102, 327.421, 364.599, 99.2146, -0.270635, -0.270635, -0.270635, -0.270635, -0.270635, -0.270635, -0.270635, 165.526, 329.616, 403.942, 306.256, 10.8234, -0.270635, -0.270635, -0.270635, -0.270635, -0.270635, -0.270635, -0.270635, 269.372, 382.291, 392.54, 120.731, -0.270635, -0.270635, -0.270635, -0.270635, -0.270635
-0.107355, -0.107355, -0.107355, -0.107355, -0.107355, -0.107355, -0.107355, -0.107355, -0.107355, -0.107355, -0.107355, -0.107355, -0.107355, -0.107355, -0.107355, -0.107355, 16.0031, 208.379, 426.582, 428.932, 315.509, 125.379, 8.37778, -0.107355, -0.107355, -0.107355, 1.6401, 121.592, 433.178, 522.976, 602.688, 578.38, 533.603, 346.217, 86.2356, -0.107355, -0.107355, 0.641553, 154.408, 360.754, 420.467, 246.889, -154.443, 46.7714, 179.897, 164.13, 77.7152, -0.107355, -0.107355, 20.0005, 226.71, 292.437, -28.7897, 90.9063, 353.446, 296.072, 26.6058, 26.5182, -0.107355, -0.107355, -0.107355, 49.2332, 149.071, 166.138, 545.592, 478.246, 334.544, 80.7359, 28.2142, 47.9126, -0.107355, -0.107355, -0.107355, -0.107355, -46.7938, 160.824, 433.218, 251.434, 43.6074, 10.6033, 13.8436, -1.53299, -0.107355, -0.107355, -0.107355, -0.107355, -78.5876, -190.934, -362.276, 37.4056, 97.0941, 26.7373, 18.0974, -0.107355, -0.107355, -0.107355, -0.107355, -0.107355, -0.107355, -0.107355, 15.3312, 150.137, 67.1165, 15.0358, -19.5924, -0.107355, -0.107355, -0.107355, -0.107355, -0.107355, -0.107355, -0.107355, 165.065, 217.9, 22.8224, -8.13976, -0.107355, -0.107355, -0.107355, -0.107355, -0.107355, -0.107355, -0.107355, 122.341, 312.494, 294.924, 10.9325, 6.1194, -0.107355, -0.107355, -0.107355, -0.107355, -0.107355, -0.107355, -0.107355, 113.393, 204.844, -29.119, -64.7346, -0.107355, -0.107355, -0.107355, -0.107355, -0.107355
-0.145499, -0.145499, -0.145499, -0.145499, -0.145499, -0.145499, -0.145499, -0.145499, -0.145499, -0.145499, -0.145499, -0.145499, -0.145499, -0.145499, -0.145499, -0.145499, -0.145499, -0.145499, -0.145499, -0.145499, -0.145499, -0.145499, -0.145499, -0.145499, -0.145499, -0.145499, -0.145499, -3.28488, -124.4, -540.06, -639.673, -673.4, -487.455, -160.248, -0.145499, -0.145499, -0.145499, -0.145499, -4.33134, -265.1, -223.28, 408.282, 440.939, 93.0638, -70.0094, 59.312, -0.145499, -0.145499, -0.145499, -0.145499, -182.073, -82.6575, 261.585, 392.53, 81.3286, -232.659, 30.5347, 99.2499, 59.9537, -0.145499, -0.145499, -0.145499, -115.157, -106.12, -108.108, -369.19, -144.123, 30.2307, 27.4258, 66.6605, 5.15481, -0.145499, -0.145499, 97.6276, 242.701, 82.5554, 35.3277, 199.527, 105.955, 61.3777, 59.9423, 71.2259, -0.145499, -0.145499, -0.145499, 69.6201, 399.397, 551.899, 609.469, 409.194, -101.794, -65.6486, 68.2024, 49.8654, -0.145499, -0.145499, -0.145499, 5.7935, 102.442, 171.35, 179.389, -89.1439, -86.0928, 58.3086, 84.2335, -0.145499, -0.145499, -0.145499, -0.145499, -0.145499, -0.145499, -0.145499, -11.3077, -176.529, -53.6701, 89.544, 64.0667, -0.145499, -0.145499, -0.145499, -0.145499, -0.145499, -0.145499, -11.6566, -273.75, -160.152, 45.6578, 93.0193, 25.6935, -0.145499, -0.145499, -0.145499, -0.145499, -0.145499, -0.145499, -17.8913, 184.389, 264.435, 178.84, 84.1264, -0.145499, -0.145499, -0.145499, -0.145499
-0.144179, -0.144179, -0.144179, -0.144179, -0.144179, -0.144179, -0.144179, -0.144179, -0.144179, -0.144179, -0.144179, -0.144179, -0.144179, -0.144179, -0.144179, -0.144179, -0.144179, -0.144179, -0.144179, -0.144179, 11.3082, 23.9214, -0.144179, -0.144179, -0.144179, -0.144179, -0.144179, -2.86916, -47.8332, 164.82, 184.324, -8.88184, 7.69793, 18.9892, -0.144179, -0.144179, -0.144179, -0.144179, -3.77749, 88.0564, 275.026, 292.695, 209.481, 121.759, 189.324, 13.9232, -0.144179, -0.144179, -0.144179, -0.144179, -8.64764, 253.306, 283.433, -91.2536, 54.3143, 154.576, 101.782, -31.0116, -0.144179, -0.144179, -0.144179, 18.2932, 77.3797, 179.522, -141.998, 153.33, 225.869, 108.499, -4.57483, -5.48295, -0.038819, -0.144179, -0.144179, 30.4818, 145.868, 138.791, 173.747, 187.187, 25.6539, 100.492, -64.9888, -0.065159, -0.144179, -0.144179, -0.144179, -0.144179, 58.231, 160.198, 154.468, -84.8031, 222.794, 152.672, -38.4472, 0.125806, -0.144179, -0.144179, -0.144179, -0.144179, -0.144179, -0.144179, -0.144179, 1.83784, 220.796, 20.043, -1.52041, -0.144179, -0.144179, -0.144179, -0.144179, -0.144179, -0.144179, -0.144179, -9.83301, 169.414, 197.941, -58.7783, 0.092881, -0.144179, -0.144179, -0.144179, -0.144179, -0.144179, -0.144179, -10.1358, 56.5167, 219.246, 84.2317, -0.498284, 0.369451, -0.144179, -0.144179, -0.144179, -0.144179, -0.144179, -0.144179, 97.7366, 234.757, 240.869, -52.838, 0.027031, -0.144179, -0.144179, -0.144179, -0.144179
-0.096724, -0.096724, -0.096724, -0.096724, -0.096724, -0.096724, -0.096724, -0.096724, -0.096724, -0.096724, -0.096724, -0.096724, -0.096724, -0.096724, -0.096724, -0.096724, 33.9631, 46.6139, 8.65295, 3.35799, 2.40096, 16.4541, 4.437, -0.096724, -0.096724, -0.096724, 5.04349, 57.682, 87.2766, 118.05, 255.159, 269.293, 106.938, 54.0176, 57.4902, -0.096724, -0.096724, 2.10622, 89.1576, 108.689, 100.918, 91.9123, 212.068, 224.117, 123.177, 116.358, 66.2233, -0.096724, -0.096724, 26.9923, 132.572, 78.4951, 153.753, 201.124, 240.755, 248.155, 135.428, 213.993, 42.88, -0.096724, -0.096724, 51.5854, 171.449, 90.7992, 252.338, 217.257, 195.588, 169.193, 156.929, 191.715, 2.91472, -0.096724, -0.096724, 25.1908, 197.991, 204.982, 229.823, 137.478, 210.825, 157.32, 191.762, 106.405, -0.096724, -0.096724, -0.096724, 8.14841, 46.7699, 143.389, 162.229, 241.564, 262.339, 105.523, 160.358, 29.398, -0.096724, -0.096724, -0.096724, 2.24705, 17.2221, 72.7886, 124.897, 208.33, 118.099, 197.599, 153.85, -0.096724, -0.096724, -0.096724, -0.096724, -0.096724, -0.096724, -0.096724, 102.444, 109.463, 60.8628, 181.422, 70.0038, -0.096724, -0.096724, -0.096724, -0.096724, -0.096724, -0.096724, 88.4864, 120.641, 93.2774, 153.767, 200.394, 14.584, -0.096724, -0.096724, -0.096724, -0.096724, -0.096724, -0.096724, 132.449, 138.14, 79.2076, 166.873, 83.5413, -0.096724, -0.096724, -0.096724, -0.096724
-0.218271, -0.218271, -0.218271, -0.218271, -0.218271, -0.218271, -0.218271, -0.218271, -0.218271, -0.218271, -0.218271, -0.218271, -0.218271, -0.218271, -0.218271, -0.218271, 8.58892, 127.854, 131.573, 50.8203, -0.218271, -0.218271, -0.218271, -0.218271, -0.218271, -0.218271, 0.670673, 70.4099, 297.707, 338.365, 166.902, 128.248, 87.6368, -96.8471, -0.218271, -0.218271, -0.218271, 0.162705, 88.6061, 411.497, 383.516, 308.919, 307.474, 714.074, 427.822, -167.926, -0.218271, -0.218271, -0.218271, 11.3395, 410.938, 542.287, 133.618, 290.816, 509.818, 705.317, 265.623, 44.1492, 34.3402, -0.218271, -0.218271, 61.2462, 523.095, 476.245, 146.839, 373.601, 366.79, 360.818, -47.3248, 12.8525, 2.54549, -0.218271, -0.218271, 82.5695, 483.628, 486.274, 291.391, 181.715, 563.073, 568.49, -101.399, 33.4017, -0.218271, -0.218271, -0.218271, 13.1007, 316.533, 409.493, 296.922, 389.24, 643.335, 323.635, 0.62331, 28.034, -0.218271, -0.218271, -0.218271, -0.218271, 1.0019, 108.79, 190.462, 443.546, 580.198, -85.2864, 32.5072, -0.218271, -0.218271, -0.218271, -0.218271, -0.218271, -0.218271, -0.218271, 139.853, 529.776, 378.289, -9.19929, 23.8633, -0.218271, -0.218271, -0.218271, -0.218271, -0.218271, -0.218271, 62.0561, 477.465, 496.475, -16.3521, 65.3545, 13.2551, -0.218271, -0.218271, -0.218271, -0.218271, -0.218271, -0.218271, 230.242, 540.521, 265.778, 47.2209, 48.6041, -0.218271, -0.218271, -0.218271, -0.218271
0.00488, 0.00488, 0.00488, 0.00488, 0.00488, 0.00488, 0.00488, 0.00488, 0.00488, 0.00488, 0.00488, 0.00488, 0.00488, 0.00488, 0.00488, 0.00488, 38.3122, 57.3674, 52.3229, 22.104, 0.00488, 0.00488, 0.00488, 0.00488, 0.00488, 0.00488, 5.87004, 31.3591, 45.7797, -66.5478, -52.1813, 25.4165, 32.7814, 49.4246, 19.0171, 0.00488, 0.00488, 2.51852, 35.1401, -7.33792, 122.665, 295.684, 181.657, -70.4068, -11.018, 38.1961, 0.00488, 0.00488, 0.00488, 7.2211, 3.21718, 280.274, 307.974, 210.343, -104.393, 240.623, 214.313, -151.82, 0.00488, 0.00488, 0.00488, 6.94886, 58.1722, 333.139, 124.951, -90.3053, 203.006, 206.787, 64.9838, -32.0522, 0.00488, 0.00488, 0.00488, 39.6856, 90.4493, 130.331, -31.6489, 281.263, 300.971, 100.394, -77.3064, -3.05457, 0.00488, 0.00488, 0.00488, 53.4583, 199.785, 208.378, 115.873, 115.853, 82.6771, 237.473, -147.84, 0.00488, 0.00488, 0.00488, 0.00488, 7.15725, 100.958, 125.343, 19.2551, -39.4924, 270.381, 186.563, -44.009, 0.00488, 0.00488, 0.00488, 0.00488, 0.00488, 0.00488, 0.00488, 35.2377, 81.1474, 260.699, -94.4431, 0.00488, 0.00488, 0.00488, 0.00488, 0.00488, 0.00488, 0.00488, 40.5649, -11.0503, 285.074, 287.378, -56.556, 0.00488, 0.00488, 0.00488, 0.00488, 0.00488, 0.00488, 0.00488, -9.23698, 213.366, 299.75, -28.0764, 0.00488, 0.00488, 0.00488, 0.00488, 0.00488
-0.054306, -0.054306, -0.054306, -0.054306, -0.054306, -0.054306, -0.054306, -0.054306, -0.054306, -0.054306, -0.054306, -0.054306, -0.054306, -0.054306, -0.054306, -0.054306, -0.054306, -0.054306, -0.054306, -0.054306, -0.054306, -0.054306, -0.054306, -0.054306, -0.054306, -0.054306, -0.054306, -0.381159, 110.812, 155.522, 199.118, 165.052, 80.2643, -50.3991, -0.054306, -0.054306, -0.054306, -0.054306, 45.5857, 153.693, 150.594, 34.5853, 148.078, 255.733, 202.879, 9.99174, 21.5523, -0.054306, -0.054306, 18.0668, 125.372, 127.958, 57.393, 123.22, 120.192, 116.799, 75.2007, -1.58085, -0.054306, -0.054306, -0.054306, 75.2979, 112.903, 110.982, 66.7856, 94.3836, 100.102, 178.347, 122.876, -2.39774, -0.054306, -0.054306, -0.054306, 52.9835, 208.924, 310.32, 166.591, 83.5928, 233.299, 116.835, 37.8106, -1.4164, -0.054306, -0.054306, -0.054306, -0.054306, 72.8016, 152.933, 79.0591, 273.024, 110.95, 118.989, -6.07287, -0.054306, -0.054306, -0.054306, -0.054306, -0.054306, 2.66894, 48.9912, 55.4502, 114.87, 108.968, 80.943, -11.6516, -0.054306, -0.054306, -0.054306, -0.054306, -0.054306, -0.054306, -0.054306, 72.5191, 81.4924, 114.411, 25.3029, -0.054306, -0.054306, -0.054306, -0.054306, -0.054306, -0.054306, -0.054306, 47.0488, 109.647, 57.4188, 99.6266, -11.726, -0.054306, -0.054306, -0.054306, -0.054306, -0.054306, -0.054306, -0.054306, 147.436, 120.511, 153.859, 76.4016, -0.054306, -0.054306, -0.054306, -0.054306, -0.054306
-0.164838, -0.164838, -0.164838, -0.164838, -0.164838, -0.164838, -0.164838, -0.164838, -0.164838, -0.164838, -0.164838, -0.164838, -0.164838, -0.164838, -0.164838, -0.164838, -0.164838, -0.164838, -0.164838, -0.164838, -0.164838, -0.164838, -0.164838, -0.164838, -0.164838, -0.164838, -0.164838, -2.75288, -77.7967, 80.2296, 83.9554, -35.5416, 17.1931, 11.4572, -0.164838, -0.164838, -0.164838, -0.164838, -3.61556, 37.3002, 212.854, 215.449, 205.351, 297.628, 338.191, 83.3505, -0.164838, -0.164838, -0.164838, -0.164838, 5.03111, 205.902, 195.02, 110.379, 63.4396, 208.309, 231.018, 106.168, 36.6431, -0.164838, -0.164838, -0.164838, 89.7473, 150.451, 7.51274, 167.167, 118.521, 212.862, 130.454, 61.6193, 1.99094, -0.164838, -0.164838, 31.5738, 144.107, 228.028, 292.07, 193.572, 190.771, 246.019, 118.103, 46.6601, -0.164838, -0.164838, -0.164838, 6.03156, 151.35, 291.82, 290.046, 73.3625, 246.329, 175.233, 112.156, 24.032, -0.164838, -0.164838, -0.164838, -0.164838, -0.164838, -0.164838, 43.257, 48.7318, 193.654, 118.969, 90.7538, -0.164838, -0.164838, -0.164838, -0.164838, -0.164838, -0.164838, -0.164838, -9.36676, 195.36, 157.472, 101.932, 31.2985, -0.164838, -0.164838, -0.164838, -0.164838, -0.164838, -0.164838, -9.65432, 62.7114, 201.821, 110.451, 119.918, 10.3446, -0.164838, -0.164838, -0.164838, -0.164838, -0.164838, -0.164838, 61.0681, 199.873, 198.903, 125.527, 47.4254, -0.164838, -0.164838, -0.164838, -0.164838
-0.229453, -0.229453, -0.229453, -0.229453, -0.229453, -0.229453, -0.229453, -0.229453, -0.229453, -0.229453, -0.229453, -0.229453, -0.229453, -0.229453, -0.229453, -0.229453, -0.229453, -0.229453, -0.229453, -0.229453, -0.229453, -0.229453, -0.229453, -0.229453, -0.229453, -0.229453, -0.229453, -2.22347, -80.6792, 13.2469, 306.144, 261.376, -3.47033, -58.244, 12.666, -0.229453, -0.229453, -0.229453, -2.88815, -60.7811, 400.175, 566.736, 519.994, 443.563, 333.149, 227.1, 24.3767, -0.229453, -0.229453, -0.229453, 8.92912, 324.513, 508.465, 480.076, 32.7645, 330.157, 288.641, 125.189, 12.7679, -0.229453, -0.229453, 2.9471, 300.365, 287.08, 114.836, 35.4708, 464.519, 531.613, 229.567, 72.9512, -0.229453, -0.229453, -0.229453, 43.8642, 435.18, 525.954, 567.924, 557.983, 409.155, 371.213, 134.282, 18.5359, -0.229453, -0.229453, -0.229453, 46.4187, 316.845, 503.449, 596.663, 422.063, 285.727, 281.212, 144.132, -0.229453, -0.229453, -0.229453, -0.229453, 5.8267, 81.1102, 92.2066, 49.0688, 98.0318, 302.56, 214.089, 70.2433, -0.229453, -0.229453, -0.229453, -0.229453, -0.229453, -0.229453, -0.229453, -7.31931, 227.866, 320.981, 170.914, 6.24621, -0.229453, -0.229453, -0.229453, -0.229453, -0.229453, -0.229453, -7.54087, -12.9929, 380.96, 250.617, 92.8337, -0.229453, -0.229453, -0.229453, -0.229453, -0.229453, -0.229453, -0.229453, 110.734, 581.895, 535.336, 219.821, 19.0835, -0.229453, -0.229453, -0.229453, -0.229453
-0.184138, -0.184138, -0.184138, -0.184138, -0.184138, -0.184138, -0.184138, -0.184138, -0.184138, -0.184138, -0.184138, -0.184138, -0.184138, -0.184138, -0.184138, -0.184138, -0.184138, 60.5129, 158.863, 160.867, 119.8, 50.9959, -0.184138, -0.184138, -0.184138, -0.184138, -0.184138, 10.1739, 154.963, 281.734, 373.655, 422.163, 527.016, 368.683, 35.9874, -0.184138, -0.184138, -0.184138, -0.847486, 136.159, 174.308, 176.331, 18.9055, 146.753, 475.169, 404.886, 99.4358, -0.184138, -0.184138, -0.184138, -4.16335, 141.438, 111.037, -22.9492, 130.116, 144.74, 212.704, 156.299, 37.9788, -0.184138, -0.184138, -0.184138, -45.2843, 193.163, 394.637, 247.704, 134.264, 176.031, 275.497, 202.48, -0.075626, -0.184138, -0.184138, -0.184138, -168.884, 236.584, 473.075, 260.177, -12.8828, 80.4448, 206.412, 108.403, -0.184138, -0.184138, -0.184138, -0.184138, -32.4378, -252.259, -48.8334, -20.3238, 77.6367, 160.004, 214.903, 9.07059, -0.184138, -0.184138, -0.184138, 0.4116, -0.184138, -0.184138, -0.184138, -51.5564, 78.9209, 178.214, 152.33, -0.184138, -0.184138, -0.184138, -0.184138, -0.184138, -0.184138, -0.184138, -1.95307, 58.9496, 94.1579, 193.354, 54.234, -0.184138, -0.184138, -0.184138, -0.184138, -0.184138, -0.184138, -2.00834, 77.683, 131.521, 198.199, 164.154, 0.344858, -0.184138, -0.184138, -0.184138, -0.184138, -0.184138, -0.184138, -19.8259, 89.105, 132.608, 170.833, 89.4171, -0.184138, -0.184138, -0.184138, -0.184138
-0.105867, -0.105867, -0.105867, -0.105867, -0.105867, -0.105867, -0.105867, -0.105867, -0.105867, -0.105867, -0.105867, -0.105867, -0.105867, -0.105867, -0.105867, -0.105867, -0.105867, -0.105867, -0.105867, -0.105867, 5.82732, 9.2007, 2.91623, -0.105867, -0.105867, -0.105867, -0.105867, -2.41348, -73.0354, 15.1962, 103.386, 78.7856, 166.523, 174.751, 30.2139, -0.105867, -0.105867, -0.105867, -3.18268, -95.3917, -60.8807, 180.841, 154.072, 9.83971, 371.709, 401.598, 63.015, -0.105867, -0.105867, -0.105867, -70.2097, -20.9309, 272.079, 218.774, 162.056, 15.446, 447.903, 366.279, 60.7275, -0.105867, -0.105867, -0.105867, -196.663, 255.323, 318.078, 71.5045, -89.7584, 244.735, 460.685, 217.908, 2.56124, -0.105867, -0.105867, -0.105867, -193.352, 255.016, 281.139, 157.232, 79.8904, 347.104, 447.458, 119.886, -0.105867, -0.105867, -0.105867, -0.105867, -65.1846, 9.47474, 216.628, 228.987, -11.7265, 396.446, 347.88, 32.4163, -0.105867, -0.105867, -0.105867, -0.105867, -0.105867, 45.423, 106.004, 13.0261, 181.135, 396.475, 217.309, -0.105867, -0.105867, -0.105867, -0.105867, -0.105867, -0.105867, -0.105867, -8.3107, -212.173, 355.704, 409.141, 72.9472, -0.105867, -0.105867, -0.105867, -0.105867, -0.105867, -0.105867, -8.5671, -94.0507, 110.926, 405.212, 261.67, 12.8963, -0.105867, -0.105867, -0.105867, -0.105867, -0.105867, -0.105867, -20.4075, -104.267, 399.557, 393.924, 107.252, -0.105867, -0.105867, -0.105867, -0.105867
0.054931, 0.054931, 0.054931, 0.054931, 0.054931, 0.054931, 0.054931, 0.054931, 0.054931, 0.054931, 0.054931, 0.054931, 0.054931, 0.054931, 0.054931, 0.054931, 0.054931, 0.054931, 5.81385, 90.4934, 110.827, 94.6827, 14.414, 0.054931, 0.054931, 0.054931, 0.054931, -0.542057, -46.107, 51.7951, 256.297, 127.93, 289.177, 422.972, 167.781, 0.054931, 0.054931, 0.054931, -0.741053, -148.31, 235.153, 380.934, 364.003, 51.5798, 626.812, 664.45, 181.419, 0.054931, 0.054931, 0.054931, -86.194, 93.9411, 560.234, 414.957, 208.705, 102.913, 713.021, 656.81, 113.799, 0.054931, 0.054931, 0.054931, -191.976, 223.988, 604.122, 119.215, 195.086, 234.988, 719.529, 515.739, 5.09669, 0.054931, 0.054931, 0.054931, -66.344, 36.1659, 396.655, 360.913, 271.972, 397.31, 655.624, 261.561, 0.054931, 0.054931, 0.054931, 14.7478, 15.4953, 92.3197, 318.104, 325.735, -13.1905, 567.62, 611.69, 60.0997, 0.054931, 0.054931, 0.054931, 4.28097, 46.6456, 56.8582, 82.3658, 7.44174, 128.855, 612.455, 437.343, 0.054931, 0.054931, 0.054931, 0.054931, 0.054931, 0.054931, 0.054931, -2.06769, -194.377, 504.759, 615.767, 151.063, 0.054931, 0.054931, 0.054931, 0.054931, 0.054931, 0.054931, -2.13403, -154.848, 294.753, 588.856, 533.355, 24.6335, 0.054931, 0.054931, 0.054931, 0.054931, 0.054931, 0.054931, -30.1498, -79.8761, 493.88, 543.843, 215.221, 0.054931, 0.054931, 0.054931, 0.054931
-0.009588, -0.009588, -0.009588, -0.009588, -0.009588, -0.009588, -0.009588, -0.009588, -0.009588, -0.009588, -0.009588, -0.009588, -0.009588, -0.009588, -0.009588, -0.009588, 69.9043, 237.436, 296.417, 247.721, 136.078, 32.4826, -0.009588, -0.009588, -0.009588, -0.009588, 9.98843, 171.592, 307.63, 313.985, 179.633, 86.6324, 81.2602, 3.5651, -0.009588, -0.009588, -0.009588, 4.27528, 195.365, 276.221, 220.071, -359.912, 33.2645, 141.274, -135.921, -45.0777, 3.82983, -0.009588, -0.009588, 42.6122, 232.708, 61.3344, -217.631, 372.109, 378.079, 155.753, -146.166, 68.5484, 63.4955, -0.009588, -0.009588, 76.745, 131.804, 15.4926, 284.119, 402.599, 30.3162, -266.212, -83.9742, 52.4352, 5.10513, -0.009588, -0.009588, -0.009588, -99.2247, 39.928, 78.0032, -253.263, 64.0264, -99.7586, 12.5943, 71.7504, -0.009588, -0.009588, -0.009588, -0.009588, -99.1829, -187.62, 25.2738, 325.291, 234.647, -193.601, 64.4626, 49.5345, -0.009588, -0.009588, -0.009588, -0.009588, -0.009588, 1.42642, 114.614, 235.43, -116.232, -24.75, 72.6757, -0.009588, -0.009588, -0.009588, -0.009588, -0.009588, -0.009588, -0.009588, 203.631, 138.466, -209.163, 78.0093, 68.9078, -0.009588, -0.009588, -0.009588, -0.009588, -0.009588, -0.009588, 162.107, 245.903, -24.2315, -98.5207, 89.1132, 24.9247, -0.009588, -0.009588, -0.009588, -0.009588, -0.009588, -0.009588, 167.898, 72.3815, -236.848, 84.4296, 86.864, -0.009588, -0.009588, -0.009588, -0.009588