-3.15651, -11.2483, -23.6606, -25.756, -15.9931, -16.8133, -25.1651, -22.6689, -14.7282, -15.409, -28.0316, -34.7043, -27.9399, -28.5396, -29.3082, -24.9139, 12.2098, 26.8703, 11.5022, -6.94978, 0.769381, 3.61175, 1.18833, -6.26783, 0.604845, 9.36438, -4.73351, -19.6596, -12.686, -11.7154, -10.8117, -12.9245, -1.26872, 4.15236, -2.67704, -12.0392, -9.29069, -12.6384, -11.4311, -14.814, -0.718211, 2.13846, -2.94241, -11.0911, -6.98645, -7.63765, -11.7803, -15.9916, -9.27955, -6.28109, -13.6913, -16.9416, -12.0885, -10.1651, -9.8864, -12.7202, -8.39033, -1.34809, -10.5955, -14.7481, -9.91903, -8.24416, -5.09105, -6.27337
-8.75239, -16.5226, -10.2293, 2.01337, 0.723606, -7.60746, 1.52738, 7.79331, 3.73186, -1.2704, -1.77237, -3.84352, -2.71178, -7.90733, -7.41183, -5.12588, 5.66547, -5.11424, -5.10124, -19.5983, -18.0091, -18.2396, -28.3635, -28.5996, 0.0583224, -5.0194, -1.94636, -10.1529, -8.00659, -8.01566, -17.9375, -13.7924, -1.85824, -7.21224, 1.94203, -2.30921, -4.90979, -5.05642, -13.003, -2.58058, -3.30507, -7.08244, 4.88083, 2.85601, -0.728895, -2.78375, -14.4939, -8.51912, -17.7033, -16.7653, -7.93136, -9.5956, -6.89416, -9.40227, -23.264, -17.1173, -11.0486, -6.89587, -2.06994, -12.3202, -6.18239, -5.45151, -18.219, -14.9698
-5.64379, -9.70249, -30.0908, -10.5946, -3.96432, -6.26716, -14.2545, -8.05004, 1.80299, 4.09933, -7.32727, 16.4851, 19.3309, 14.6759, 3.84155, 8.48099, 10.5067, 4.1811, -2.37284, 11.3167, 8.24662, 5.00568, -5.64582, 2.57223, 4.03606, -0.656351, -10.8617, 2.90725, 1.56665, 0.462848, -5.70992, 1.76505, 5.2774, 8.43207, -7.40333, 0.941679, 3.36336, 7.88118, 3.41497, 5.29119, 6.40978, 4.63767, -18.1085, -10.4376, -1.6247, -0.663987, -5.02672, -1.24707, -1.93845, -5.78411, -18.3015, -9.68678, -1.49828, -2.54473, -10.3208, -3.44541, -8.55709, -8.38843, -5.95082, 1.41488, 6.04343, 7.36451, -2.80354, 2.82752
4.50033, -2.00026, -22.8294, -25.0731, -15.8615, -12.4819, -19.0816, -21.1577, -10.7866, -18.6895, -39.6982, -42.0369, -27.5863, -26.9298, -32.4877, -27.3765, -7.66494, -10.8219, -27.9406, -26.586, -12.5251, -14.7251, -28.8496, -25.3403, -5.68859, -5.83851, -14.9, -12.8801, -2.04578, -5.6211, -23.039, -20.0732, 2.04885, 0.195589, -8.77543, -9.23864, -2.32297, -6.87941, -24.5096, -21.0104, -1.08203, -3.5344, -17.0998, -13.1488, -7.02008, -15.6954, -24.5698, -19.077, -3.30023, -5.30179, -16.9315, -17.0372, -10.8955, -19.1203, -25.1653, -16.906, -3.01386, -2.96436, -8.70105, -11.4535, -10.8657, -13.9116, -18.8335, -11.0676
-22.5051, -21.1028, -11.1292, -7.08, -10.3284, -11.937, -12.143, 0.836807, -12.9332, -12.0493, -6.51572, -2.51547, -3.7652, -3.52746, -8.60226, 3.72377, -27.9344, -32.4939, -26.1085, -19.3016, -24.4403, -19.7889, -12.5751, 3.68084, -7.13581, -0.0425782, 5.41788, 3.18102, 0.59513, 0.364729, -3.06797, 3.6233, -12.9234, -7.17746, -3.92467, 0.478039, -2.81518, -9.2433, -9.52839, -5.40965, -14.0805, -6.75054, -1.00234, 4.10401, -1.85839, -0.613374, -2.67685, -3.10824, -18.7071, -13.4339, -4.09044, -2.61084, -7.21548, 0.791406, -2.41167, -2.28459, -14.2135, -16.5246, -7.19707, -6.3732, -7.78789, 0.879061, -4.24592, -3.67521
-7.73464, -19.2203, -37.1139, -35.586, -31.1458, -28.195, -25.0217, -22.4033, 9.29528, -0.679553, -20.1882, -11.1093, -1.96587, -3.2679, -8.92349, -16.6279, -11.2661, -21.1353, -42.9377, -35.7017, -29.1502, -25.6962, -24.2757, -25.0869, -3.75602, -7.22655, -23.4713, -19.6505, -23.2559, -17.3836, -13.0262, -11.4699, -3.72285, -3.75928, -17.3129, -12.3265, -18.6417, -13.4425, -7.71446, -11.7248, -6.56988, -8.06298, -23.6403, -16.8006, -20.7778, -12.0454, -9.4066, -15.5902, -1.71112, -3.03569, -16.5448, -11.5805, -13.6678, -6.49956, -8.14682, -7.29517, -1.63762, -2.47884, -13.5609, -9.15237, -8.90292, -1.41093, -1.24994, -0.0230021
-12.0443, -9.65998, 2.25126, 4.79293, 2.08651, -4.42265, -11.6716, -6.92911, -4.96375, -5.22654, -7.5705, -1.22271, 2.47984, -0.638684, -6.03143, -2.57885, 10.3756, 9.04031, 3.14118, 8.4693, 14.6409, 14.9831, 2.86011, 2.16469, -1.50976, -1.60275, -3.50423, -0.071863, 5.66026, 7.40993, -4.10314, -4.46995, -13.4276, -9.21708, -13.134, -8.88108, -8.33751, -9.29327, -13.3479, -7.32581, -10.8609, -9.75701, -15.5984, -10.9334, -15.4786, -20.7572, -21.6555, -14.0414, -11.4017, -14.9606, -18.9167, -14.2549, -18.4674, -19.902, -21.919, -15.4948, -5.31354, -9.77869, -14.2169, -8.96299, -9.09321, -10.3284, -13.7026, -10.0162
-9.82035, -13.6528, -17.1575, -12.6939, -11.4139, -8.53879, -10.0287, -15.3329, -24.6331, -31.6601, -25.9195, -16.0997, -13.3145, -16.8661, -9.82561, -13.5527, -12.1158, -18.2891, -12.7845, -10.8424, -6.80796, -7.18913, -5.74113, -14.3663, -6.32905, -10.6681, -8.80217, -9.78681, -7.27839, -3.10522, -3.4215, -9.40719, -5.1943, -10.3784, -3.126, 2.11432, 2.67756, 6.2219, 3.41438, -5.39798, -11.9464, -12.965, -7.31134, -0.938974, -1.1377, 1.40237, 0.785903, -9.7801, -10.7114, -14.7948, -12.6501, -5.79128, -7.11294, -5.16268, -7.29131, -13.2885, -9.63265, -13.7202, -10.5842, -3.67228, -4.80831, -6.50798, -5.68571, -5.63172
-1.7502, 8.00644, 7.61283, -0.354406, -3.67135, -5.09848, -0.52217, -7.11988, -13.7919, -6.8034, -10.7685, -24.171, -28.4847, -25.567, -9.15454, -13.704, -13.7677, -0.0332376, 4.91571, -14.423, -16.5137, -10.8736, -4.48583, -10.2505, -14.4156, -7.86673, -0.217873, -5.70852, -3.59027, -5.1387, -7.5457, -12.0497, -7.55023, -4.48092, 3.93152, 0.173476, -1.50704, -5.19605, -12.1482, -17.9297, -3.65504, 2.64582, 14.0819, 7.10725, 3.70048, 0.186375, -7.8625, -16.9762, -10.6137, 0.00313998, 8.03893, 4.6222, 4.09302, 3.45719, 0.0171611, -10.6713, -15.8358, -4.1184, -2.44883, -6.9412, -5.18015, -8.46629, -6.52376, -13.6067
3.10033, -9.09831, -8.14751, -12.3121, -12.4571, -8.68011, 0.369793, -5.49428, 0.147476, -10.941, -7.74092, -3.44454, 2.66288, 4.38931, 15.5127, 3.81522, -10.3225, -11.9236, 5.05604, 2.72523, 7.16296, 9.02633, 19.5459, 10.4443, -4.80233, -7.71718, 5.52122, 2.82551, 4.96458, 5.03099, 15.8557, 10.2397, 1.93177, -8.32682, -0.813317, -1.7238, -3.58643, -3.60275, 12.9399, 3.09721, 0.957479, -15.2553, -6.99327, -12.061, -16.2535, -11.631, 4.14226, -6.36548, 3.44331, -9.79317, -4.44877, -3.46506, -6.36192, -2.47097, 6.9407, -5.32355, 9.62359, 3.65824, 4.95992, 4.51086, 4.13916, 3.11791, 11.2549, -1.31828
5.83716, 0.662996, -5.79664, -4.24589, 0.521619, 6.64059, 8.01791, 10.7893, -2.54187, -3.07443, -7.24245, -11.3539, -3.92726, 2.56661, 2.23917, 8.6641, 3.66959, 4.02658, -1.45576, -7.10982, -9.43905, -5.08763, 1.12096, 0.642482, 5.78587, 7.49322, 1.65212, -7.13162, -13.098, -10.9435, -6.05293, -6.99706, 9.17162, 7.68082, -3.42343, -16.1529, -16.1749, -11.5071, -9.66606, -12.2425, 9.82873, 9.70857, 1.60831, -8.65725, -8.16486, -1.36695, -0.959126, -3.52928, 9.44184, 7.67365, 6.55546, 1.4546, -0.301904, 4.92236, 2.77146, 3.76822, 7.30199, 0.458898, -0.348487, -1.56473, 1.62357, 5.58997, 1.77813, 3.45488
-5.96075, -1.91776, 3.04235, 3.66682, 1.74788, -3.95588, 0.985572, 5.0629, -8.52139, -9.69945, 1.10772, -0.724103, -3.52782, -7.24066, 0.433807, 4.47841, 5.55816, -5.78441, -5.65762, -6.0263, -5.67779, -4.97573, 1.88078, 2.17384, 6.43593, -3.14672, -4.92735, -1.00726, -0.688947, -2.44289, 3.71652, 1.83825, 2.25872, 4.6473, 1.80369, 6.41569, 5.79688, 4.32968, 8.39311, 5.69489, 8.27323, 3.56278, 3.67452, 6.02092, 6.52274, 4.64045, 5.92281, 5.59612, 4.71732, -5.42551, -4.50346, -0.843511, -2.03532, -3.50305, -1.77753, -0.883339, -2.42815, -11.6362, -11.3206, -5.2978, -7.86748, -8.46815, -2.57905, -2.43412
-11.1681, -3.11222, -7.28907, 5.13038, 9.43115, 6.41283, 5.18963, 2.66211, -14.9929, -8.45564, -0.106717, 10.0303, 9.95029, 7.11732, 8.05145, 11.2839, -23.8098, -16.548, -13.4151, -9.7141, -10.1744, -17.5599, -16.156, -1.56264, -9.66938, -7.06242, -8.71142, -7.38482, -5.60124, -15.0131, -12.8573, -7.58107, -10.5805, -10.9268, -14.4182, -12.7427, -8.49442, -15.2483, -13.2109, -13.8459, -10.609, -9.06587, -12.8445, -5.72005, 0.30164, -6.24724, -7.30063, -9.51621, -8.036, -6.29136, -6.02426, 2.20837, 9.00148, 0.357091, 3.06476, 2.99003, -1.71473, -1.02561, 0.585884, 3.29234, 3.34122, -3.09756, 1.83447, 3.43716
-2.08894, -7.69096, 6.6856, 12.598, 14.9504, 14.1831, 17.3203, 14.5125, 3.44056, -5.04153, 2.40498, 9.67896, 10.1505, 8.87934, 9.98549, 6.18784, -10.9487, -20.7656, -17.5025, -12.1255, -9.2485, -15.8197, -13.4055, -11.8283, -11.6797, -23.061, -18.6096, -9.93962, -6.97864, -16.4817, -11.4615, -13.3144, -8.98598, -17.3985, -5.60666, -3.16384, 0.0424822, -5.78583, -2.5309, -5.71926, -12.3653, -19.3242, -9.00165, -8.67566, -2.89718, -9.17622, -9.15261, -12.6041, -18.0596, -22.3183, -14.4762, -7.66813, -8.69916, -12.0319, -7.85507, -10.4466, -11.0223, -11.9187, -10.1578, -2.50141, -0.821257, -1.38441, -0.0893782, -4.98378
8.95863, -1.73225, -13.0668, -14.1077, -8.04862, -8.03268, -13.3599, -13.4437, -0.929697, -9.53759, -21.0544, -18.1868, -6.30607, -9.96467, -16.467, -17.8921, 17.2802, 12.3732, 4.63357, 3.10385, 13.1452, 11.1132, -4.51687, -15.1898, 6.30831, 2.00296, -4.43695, -10.0683, -7.45226, -7.44417, -16.7264, -21.3186, 1.81225, -0.571105, -6.12759, -10.2672, -6.09743, -4.31891, -13.2623, -20.107, -1.9259, -2.92744, -9.15751, -8.18519, -4.62434, -1.87209, -11.8155, -19.7352, 5.56543, 1.89627, -4.28612, -3.24119, -1.07661, -0.437518, -7.3073, -9.26628, 1.75328, -0.571131, -7.99736, -7.56253, -3.77326, -5.05908, -8.0974, -4.8916
-14.0021, -2.01651, 0.0124852, -6.27058, -3.19653, 1.85366, 11.7204, 5.61293, -11.864, 7.00322, 6.86512, 2.99222, 6.08239, 12.7355, 16.7465, 7.91763, -7.90465, 14.006, 5.56491, 1.28502, -2.90093, 3.8212, 11.596, 1.76912, 1.23779, 14.6325, 3.1388, 0.487997, -3.33245, -3.4914, -1.14094, -9.6931, 0.00965594, 7.27071, -0.61091, -3.84373, -3.94739, -5.88792, -6.10186, -10.6785, -1.72796, 7.54855, 0.375264, 3.25326, 3.07294, -1.74123, -0.656261, -11.4812, -0.969845, 5.66551, -1.17553, 1.58962, -1.00779, -5.52678, -4.32966, -13.6324, 2.72223, 10.2306, 4.25259, 7.87877, 3.28131, 4.33597, 6.89756, -0.667194
4.13881, 12.7921, 12.0035, -0.32924, -4.69346, -13.5141, -16.0262, -5.58088, -17.0811, -12.6384, -13.6887, -14.6064, -19.3911, -24.8929, -22.6571, -9.27844, -19.7404, -11.4368, -9.70886, -6.61708, -5.87709, -6.00036, -5.41032, 5.01231, -13.4145, -13.2466, -16.4895, -12.8624, -14.696, -13.8311, -11.5431, 1.94701, -13.2457, -14.5545, -16.3291, -10.1395, -9.87598, -10.5092, -8.53207, 4.43972, -15.18, -15.7556, -21.7892, -15.5475, -11.3034, -16.2731, -15.9163, -1.81627, -13.7966, -13.2391, -17.493, -12.1203, -8.48037, -14.0759, -12.4001, -3.10454, -16.0622, -14.6652, -10.8053, -2.02793, 0.0734181, -3.16893, -2.14445, 2.98597
-27.2061, -33.999, -37.9659, -32.7683, -30.2057, -33.7462, -31.2908, -21.1514, -26.0883, -22.5576, -21.4706, -18.8865, -18.3276, -20.2326, -20.4074, -11.5453, -20.8301, -12.6611, -8.45604, -4.46223, -4.65536, -6.46577, -2.92734, 3.09672, -10.4772, -3.48208, -5.92187, -0.660368, -0.197663, -1.94674, 2.2657, 4.30299, -13.2353, -8.82742, -6.504, -2.85937, -3.71689, 0.960688, 4.88138, 6.20022, -11.282, -8.0855, -6.92233, -7.70559, -2.17908, 6.25835, 5.37761, 9.08304, -3.30255, -4.28326, -10.139, -9.93724, 0.161748, 3.96272, 3.44842, 10.068, -2.52078, -2.17093, -4.54727, -4.40227, 2.72311, 4.42959, 4.88759, 7.06929
-5.01521, -13.0669, -12.4918, -12.154, -10.5595, -6.00222, -5.26351, -6.62483, 10.2428, -2.49775, 2.41623, 8.20494, 8.17446, 9.43852, 4.71209, 3.24364, -3.51359, -14.4025, -8.63848, -4.19385, -10.5278, -10.4518, -11.8147, -7.58364, 4.46571, -0.880538, -3.40656, -1.33175, -2.24131, -0.172933, -6.15707, -4.46836, -2.76564, -6.84144, -5.2671, 0.503784, 2.61756, 1.83908, -7.52761, -5.51151, 4.21993, -1.56551, 2.81576, 5.53588, 9.73332, 7.19162, -6.49638, -10.5035, 6.42758, -1.58304, 2.81507, 4.56842, 9.94661, 10.0801, -3.73088, -6.61626, 3.17799, -2.67579, -2.17224, 4.4231, 6.50873, 2.51542, -2.87629, -1.97964
-16.7809, -28.5741, -32.3527, -30.1708, -27.8224, -29.4964, -24.8325, -15.5099, -8.89498, -11.1539, -4.03414, 0.684463, 1.34375, -0.675181, -3.62283, 4.97708, -10.2494, -9.80716, 5.95685, 7.97423, 2.10548, 2.31622, -3.97636, -0.774144, 2.7939, 1.40121, 3.91811, -1.24393, -3.1667, 4.04223, -5.04423, -1.52384, 6.04871, -1.98974, -4.71636, -6.70451, -8.22642, 0.314186, -5.91836, -1.71718, 1.67005, -10.5057, -14.439, -11.662, -11.4518, -1.27435, -6.66078, -2.16346, -0.206258, -9.75478, -15.4008, -14.8999, -10.9673, 0.952895, -6.43503, -1.30175, 3.84629, -0.690634, -0.502836, -2.68181, -1.14554, 6.11607, -0.147715, 3.17223
-3.02992, -10.5153, -5.4968, -4.65236, -2.08741, 0.53589, -2.07599, -4.488, -19.7957, -23.2762, -13.9703, -5.79205, -8.22768, -9.98286, -7.47613, 1.51198, -6.35727, -12.2608, -1.05115, 7.51678, 0.58748, 3.81878, 4.07438, 7.20701, -2.59482, -13.6694, -8.94967, -3.22854, -5.49977, -0.998609, -2.13687, -2.48093, -7.0104, -15.1375, -11.512, -9.21788, -7.66696, -2.89726, -7.45764, -5.79761, -9.76941, -15.8961, -11.3799, -10.2732, -7.98526, -7.0069, -12.8485, -8.77371, -4.54606, -7.68899, -4.42809, -2.69986, -4.34795, -7.60629, -12.8397, -9.15403, -11.6935, -10.8379, -4.5688, -0.674354, -5.2164, -5.17499, -5.53017, 0.151522
11.0025, 21.5229, 20.1005, 14.8177, 18.4551, 17.0551, 1.34737, 1.92101, -5.48277, 12.8702, 21.5068, 9.8255, 12.6803, 15.5232, 2.00153, 8.06227, -8.59528, -1.10408, 6.20336, -2.70599, -0.480034, 5.14868, -2.6287, 5.13866, -4.37355, -5.25567, 0.0633016, -5.22301, -4.60321, 0.735083, -8.5077, -5.43118, -9.00987, -5.02617, 0.951478, 0.688834, 6.26579, 2.70196, -15.4669, -11.4063, -9.28383, -4.39479, -1.79529, 2.0858, 5.21034, 0.998931, -16.084, -14.636, -10.7137, -11.8689, -12.4552, -7.19709, -4.13712, -4.31023, -12.336, -10.2029, -9.71604, -11.4458, -12.9173, -12.6942, -11.9381, -9.59867, -12.8538, -12.6881
-8.16737, -6.55294, -5.80946, -8.00922, -8.69622, -5.35971, -4.89184, 5.32301, -17.1269, -11.2928, -10.4634, -6.70864, -6.91426, -8.85472, -14.6534, 5.27775, -19.7232, -19.2389, -17.2719, -11.2255, -15.7477, -18.4159, -19.6344, 3.27964, -19.6709, -20.3967, -18.1228, -9.8046, -13.1086, -17.5873, -15.91, 9.53119, -15.7391, -14.3609, -15.1161, -8.8265, -10.7903, -18.3315, -17.0156, 8.68698, -14.9702, -12.5324, -14.685, -11.6822, -13.1037, -21.6724, -21.0953, 1.99585, -17.7276, -17.3055, -15.8148, -10.3786, -13.9579, -18.2285, -16.3356, 0.492909, -14.0455, -14.7225, -13.1407, -7.52431, -9.42124, -12.8278, -14.1112, -1.25154
-0.70306, 1.57793, 5.14076, 1.70001, 2.3804, -2.08097, 1.52801, 0.483303, -9.33395, -4.97241, 1.53906, 1.29318, 1.28332, -0.387362, 4.46193, 8.15871, -14.7082, -11.5642, -7.9201, -7.35905, -8.50078, -9.94183, -0.659369, 3.21052, -9.70296, -11.9325, -13.194, -12.9243, -9.95872, -15.2115, -13.2866, -12.8546, -6.72943, -9.56557, -7.84141, -5.91369, -3.76335, -13.8111, -11.5003, -16.0148, -8.31606, -8.3865, -4.39643, -1.72534, 0.973332, -8.75353, -9.98294, -13.6014, -10.1032, -9.13162, -7.1441, -4.6434, -0.809081, -8.98012, -9.82272, -11.1455, -9.55416, -10.311, -10.345, -7.22097, -4.13429, -7.90319, -7.69729, -9.49238
-14.9911, -17.2524, -17.5251, -20.1023, -20.1384, -22.3716, -16.3208, -9.49085, -9.20069, -10.7833, -9.46688, -7.24744, -2.55651, -1.53206, 1.29356, -2.85572, -10.3949, -13.1173, -5.88173, 1.25588, 3.23481, 6.48397, 4.43896, 1.50928, -12.568, -15.7381, -12.128, -3.06878, -2.94947, -1.34516, -4.76257, -2.07431, -11.6885, -12.6263, -6.73826, 1.01859, -3.42226, -2.5049, -4.0863, -1.20093, -10.7418, -14.0181, -11.6656, -6.90847, -5.94126, -4.07209, -5.00444, -2.10827, -10.8614, -15.6368, -13.9016, -10.3366, -4.54099, -1.20626, -5.23241, -3.53842, -6.46119, -11.5492, -11.0573, -6.61088, 0.899376, 3.36784, 0.0367788, -2.38429
1.48787, -0.845354, 10.8576, 0.556243, -5.08395, -1.87635, -0.00820983, 1.93708, 3.27078, -6.12931, 1.09549, -8.73182, -10.0434, -11.5127, -11.9423, -10.4033, 3.17157, 9.65274, 33.1727, 29.8163, 20.2813, 19.0744, 13.5946, 9.4378, -6.50818, 0.572105, 15.9452, 9.85657, 0.666756, -0.859448, -0.584178, 1.33327, -8.77626, -8.11971, 5.91345, 4.57727, -6.10441, -5.76754, -2.28219, 3.40071, -13.1163, -13.9843, 0.963364, 0.171988, -8.07865, -5.49846, -1.96729, 5.84755, -13.8171, -11.8188, 2.40792, 4.59058, -5.17509, -3.37172, -1.55169, 1.43946, -8.67767, -8.23194, 3.8358, 6.61278, -4.64013, -7.67418, -5.3017, -3.8134
0.105379, -8.06804, 10.7423, 2.91871, 3.3831, -8.38109, -13.088, -9.60701, -4.2342, -1.16647, 18.4754, 7.14422, 6.63385, -4.77495, -3.26016, 8.48522, 4.96691, 5.77807, 16.9862, 5.61476, 5.47158, -0.0235194, 1.01954, 3.25613, 0.6685, -5.89977, 5.49315, 5.28545, 12.6192, 8.88116, 5.45898, 1.01113, 1.13771, -2.56655, 8.6452, 7.14009, 12.6846, 6.11854, -3.3336, -4.72423, 8.28725, 1.29016, 8.79319, 8.81137, 12.2342, -1.81502, -10.1375, -7.59083, -0.131554, -2.83905, 4.36136, 4.59372, 1.86987, -11.1752, -11.012, -4.83051, -6.96834, 1.81896, 11.209, 7.18225, 5.21367, -0.318643, 1.68207, 1.54098
-11.7268, -14.7613, -0.00877018, -0.384097, -6.178, -11.2484, -6.45691, 8.349, -26.0685, -29.8974, -22.4627, -23.6429, -28.6852, -28.613, -18.9284, -1.92747, -24.8769, -28.2224, -17.6094, -11.2246, -9.29259, -12.1616, -7.51916, 7.38583, -19.4491, -24.7026, -15.0505, -11.3162, -7.23664, -12.2175, -10.9957, 1.2357, -19.6466, -23.4947, -11.294, -11.4437, -10.4074, -16.4195, -13.9315, 1.94885, -16.5428, -19.252, -8.37562, -10.3468, -10.2708, -17.0002, -15.6753, -0.429744, -22.9142, -19.4891, -17.9745, -16.5347, -15.9417, -19.3754, -14.1285, -5.41529, -24.6588, -19.3512, -23.5228, -20.2681, -18.2374, -18.9409, -13.1689, -8.10955
0.010408, 10.9848, 8.93998, 2.26742, -1.50743, -4.12094, -5.17788, -6.82047, 2.58031, 0.715465, -7.53175, -12.885, -11.3808, -12.0176, -10.9124, -15.7271, -5.03936, -4.29707, -8.07294, -5.56499, -4.46628, 0.899619, 7.71466, 3.84552, -5.43934, -1.4672, -4.24506, -9.74906, -9.99979, -8.37602, -0.273141, -1.07879, -7.21283, -4.96733, -15.1494, -16.4992, -18.1562, -19.5899, -8.81926, -9.88692, -3.19814, -2.95956, -13.6931, -14.1546, -15.6142, -17.8554, -9.22558, -15.2345, 3.50505, 0.746044, -10.0088, -12.0258, -10.934, -11.1783, -0.253078, -9.27108, 5.76796, -1.99606, -13.496, -12.9613, -7.8721, -7.54923, 0.386631, -8.49805
-11.1484, -4.77192, -3.04901, -2.51681, -1.82313, 2.83267, 4.89929, 8.21718, -13.0639, -17.3246, -18.0292, -10.1468, -12.121, -10.2397, -8.1034, -7.37834, -15.5146, -22.4805, -29.0937, -19.8311, -22.0366, -19.4442, -22.3245, -19.9345, -21.6341, -23.7986, -28.9374, -19.8875, -24.1438, -21.433, -22.2637, -12.8255, -21.6966, -22.3041, -31.3182, -18.8551, -19.6198, -13.1698, -11.6094, -1.47784, -17.2912, -18.633, -27.58, -18.4677, -19.5156, -11.0127, -7.81072, -2.68387, -14.3682, -15.8418, -19.6553, -13.8611, -13.9035, -5.52702, -7.26709, -2.33067, -7.22071, -10.0044, -17.2452, -12.6169, -9.55042, -6.47289, -12.7802, -8.85341
5.45315, -8.81293, -3.31051, -0.985777, -1.27272, 0.574595, -6.89147, -6.45708, -6.88095, -14.005, -7.7765, 4.61263, 2.73335, 0.297746, -3.40841, -2.48377, -14.9983, -19.9846, -16.9342, -8.78065, -5.63272, -6.78054, -12.3045, -12.4405, -9.68955, -10.606, -5.69366, -0.3669, 3.55576, 3.31196, -7.45647, -9.86221, -2.70361, -8.719, -4.77109, -4.61319, -4.86162, -5.97064, -19.1006, -19.9929, -0.423808, -4.0618, 2.62432, -4.83775, -5.86743, -5.30081, -19.3266, -18.2649, -3.19393, -6.95879, -1.63437, -3.96897, -5.58406, -3.83396, -12.4795, -9.42562, -3.78635, -1.17553, 2.04211, 3.28229, 1.43272, -0.678021, -4.6386, -3.20435
0.671434, -3.94797, -22.9, -22.3327, -14.1723, -20.9091, -20.8558, -14.4954, 9.66742, 7.25054, -6.86516, 1.17121, 8.10683, -2.43816, -4.00357, 1.47913, 11.1122, 15.1394, 8.93656, 14.0661, 15.142, 7.73284, 7.16658, 10.5343, 6.82065, 1.67332, -8.1077, -1.66003, 2.12603, 1.98191, 7.59164, 10.9609, 3.57513, -5.85752, -14.2054, -8.28974, -0.752096, -2.80272, -0.325779, 7.30265, 7.51528, -0.696363, -13.9557, -9.43342, 2.53044, -4.41491, 0.959435, 8.09345, 9.5708, 5.95946, -6.58943, -2.29425, 5.71005, -1.72608, 0.67524, 5.37071, 6.33425, 6.17407, 1.56666, 4.30423, 8.62513, 1.56184, -1.49953, 2.08041
-10.9022, -15.8309, -21.7698, -18.093, -19.2332, -22.1806, -22.7873, -16.1991, -1.50012, -9.38209, -9.88313, -10.2466, -11.4342, -14.1269, -11.9883, -8.54118, 6.38, 8.59382, 13.8378, 11.3048, 12.475, 8.01376, 7.94056, 4.37551, 6.69032, 7.44872, 10.6376, 10.4615, 10.1848, 4.52639, -2.91151, -8.0964, 9.33095, 11.9648, 17.4049, 13.1073, 13.3291, 4.3918, -2.5858, -9.64684, 3.63693, 3.27274, 12.1915, 8.92964, 9.3484, 1.0283, -3.43315, -6.65642, -3.38597, -7.38928, 1.01382, 1.18837, 0.139373, -8.12758, -10.7997, -8.06348, -3.42045, -5.15889, 2.1977, 1.33168, 0.566873, -3.64978, -11.3838, -12.1967
-37.3784, -31.4023, -35.2593, -30.052, -27.2424, -23.6719, -7.46071, -3.96845, -31.9776, -28.8699, -26.4742, -22.4679, -22.654, -16.3314, -3.62225, -4.0649, 0.982841, 12.8117, 14.2265, 9.62417, 11.4188, 21.24, 17.7059, 5.57385, -14.25, -8.60402, -10.0822, -12.8839, -8.69474, -3.29248, -1.56226, -9.09827, -13.7598, -6.019, -9.94798, -13.809, -14.5955, -12.1826, -7.28869, -10.074, -13.0291, -1.88599, -0.124723, -7.91198, -8.10146, -4.74399, -5.10455, -9.61767, -16.1328, -7.29425, -2.46915, -9.44288, -6.98398, -4.39437, -8.75067, -16.5199, -12.4894, -9.79304, -6.91915, -4.69689, 0.208307, 2.45305, -5.24174, -11.158
-14.0921, -20.6284, -13.22, -7.72767, -8.8525, -11.3048, -6.03533, -0.677198, -1.31316, -2.56342, 7.7869, 11.2076, 11.2064, 5.17128, 8.18267, 5.5983, 5.06499, 10.9072, 18.3351, 15.781, 13.2364, 7.72023, 8.32022, -1.56545, -10.8267, -0.054835, 5.78629, -4.1156, -10.264, -14.2943, -7.43661, -13.4227, -17.6361, -7.89274, 1.48905, -6.74876, -8.84865, -13.0388, -7.83875, -6.88487, -14.3464, -4.7181, 3.31545, -3.97483, -8.6159, -11.7457, -6.33743, -7.89174, -5.98731, 3.6234, 10.1416, -0.912568, -6.74631, -10.8941, -8.02678, -10.123, -1.92916, 4.95146, 8.34605, 2.52225, 0.303397, -6.50695, -6.35112, -6.25542
-14.5269, -17.3657, -17.7874, -21.4634, -21.2426, -15.9125, -4.61439, -1.62638, -9.67057, -10.7756, -12.7587, -12.1448, -12.6345, -6.17025, 1.35916, 0.593203, -12.5134, -9.46441, -11.5211, -13.5629, -11.1897, -8.72034, -8.00608, -6.95708, -13.4357, -10.279, -3.3427, -5.8437, -1.26934, -2.65306, -5.9299, 0.691694, -14.7742, -15.5556, -1.91319, -7.98664, -7.6388, -6.05766, -7.86062, 3.87478, -12.3862, -16.4632, -7.0898, -13.9257, -16.8221, -13.1106, -8.18708, -1.91971, -8.82235, -7.72859, -5.41653, -8.90636, -8.13877, -6.68775, -2.54368, -10.2982, 1.08792, 8.67569, 7.09495, 4.53775, 8.38755, 9.46674, 10.4265, -1.53842
-27.2125, -30.5644, -23.6541, -27.4069, -29.0889, -25.1479, -11.8581, -1.60889, -20.6963, -20.2232, -9.7237, -16.6662, -20.7064, -16.4735, -4.69188, -2.2471, 6.06613, 6.57661, 7.82757, 0.671442, 1.25894, 7.07843, 3.50643, -3.64305, -0.778045, -9.02928, -9.05726, -8.79321, -5.43643, 1.09229, -5.42484, -8.23908, 2.17587, -11.6302, -7.35963, -5.82738, -9.07397, -4.84226, -6.68419, -6.06137, 3.62657, -7.94238, -3.11609, -2.31469, -4.78982, -2.7895, -7.91254, -8.34807, -1.98459, -1.73328, 2.67275, 2.52169, 6.40011, 9.04097, 1.00331, -2.25825, -0.847305, 1.37218, 8.36311, 7.85139, 11.1485, 14.9441, 10.7757, 4.31493
-12.4154, -16.6206, -8.23325, -1.26105, -4.10935, -3.21821, -9.66618, 2.99808, -6.10159, -19.9345, -12.6958, -7.7688, -10.9454, -5.92643, -14.9909, -4.55748, 1.37412, -16.6518, -15.8282, -14.0978, -18.1167, -9.88353, -15.7799, -5.02177, -1.58487, -10.0308, -8.82978, -6.83504, -12.8501, -5.59667, -8.89951, 2.50896, -4.41287, -5.89832, -5.59683, -3.62024, -4.91194, -2.35567, -7.95223, 3.94418, -6.49767, -5.29143, -4.56451, -8.91915, -7.83147, -4.81853, -7.34096, 2.93307, -2.60491, 0.995176, 1.80972, -6.54203, -6.49243, -5.36383, -7.61945, 0.529849, -1.11274, 4.38151, 2.32498, -2.94672, 0.405286, 1.91959, -2.33977, 1.31044
14.7721, 6.2844, 8.69318, 5.96903, 6.25163, 10.0645, 9.32822, 3.98544, 10.5135, -5.86633, -7.04396, -11.2809, -14.0386, -13.7701, -2.8849, -2.92285, 11.4356, 2.25686, -3.26628, -4.64063, -5.12214, -9.4836, -1.41822, -8.8101, 9.17554, 0.653382, -4.28616, 2.1558, 2.48354, -1.06779, -3.12359, -13.0327, 13.2729, 6.40188, 7.26371, 11.3899, 5.96615, 3.54354, 0.479861, -6.85835, 14.8171, 8.76834, 8.37474, 6.72702, 1.96583, 1.64643, 2.63446, -3.30403, 15.9114, 9.48026, 3.49763, 1.0449, 2.26021, 8.04728, 6.96885, -0.075846, 19.5831, 15.3665, 8.3765, 4.09212, 5.2849, 11.2015, 11.2803, 4.16677
-6.28583, 1.41731, -5.35412, -9.36071, -5.48534, -4.88507, 2.73149, 9.93923, -15.4925, -6.09841, -12.3335, -20.1096, -19.9116, -19.7151, 0.648033, 13.4823, -5.90026, 2.30864, -10.276, -19.1756, -15.392, -13.7473, 0.427084, -1.09299, -7.90164, -0.37293, 0.453592, 0.673143, 5.92833, 9.03014, 13.02, 2.56748, -0.716681, 3.03883, 1.56666, 5.01877, 4.64014, 5.21884, 8.7592, -2.34569, 1.97434, 6.46059, 2.54967, 4.02191, 0.897541, -2.72626, 3.17478, -1.67241, 1.90761, 14.0204, 9.26316, 5.74112, 4.34663, -1.70689, 4.18591, 1.25863, -3.76695, 9.51251, 10.0407, 5.07431, 7.14941, 2.35414, 6.85168, 6.92457
-15.7842, -20.6822, -19.1739, -23.7113, -26.8541, -22.3113, -12.6204, -6.83629, -11.903, -9.64157, -8.36793, -3.11684, -6.27515, -2.75478, -5.07818, 1.55223, -8.48068, -2.97937, 2.86765, 10.7518, 3.68909, 7.08011, 8.604, 13.2633, -5.08694, 2.28575, 4.37349, 7.54437, -4.76564, -6.60774, -7.94743, -2.90154, 1.22934, 2.91511, 4.09202, 2.8295, -8.66155, -8.3219, -11.702, -6.78792, -0.967514, -6.01232, -3.63359, -3.54561, -7.65746, -5.3448, -10.13, -4.27788, -5.70903, -13.2844, -9.58659, -3.54797, -5.74038, -3.24404, -9.05194, -1.77726, -0.606327, -3.06572, -1.65794, 2.6988, -0.384022, 3.32627, -4.06268, 4.77584
5.8836, 3.79975, -9.29524, -11.5992, -7.0682, -13.4535, -12.3098, -13.6922, 7.12093, -3.9323, -13.2981, -6.45984, -3.00118, -11.2877, -8.5241, -8.03545, 12.9268, 0.60921, -14.7571, -12.7981, -7.30693, -10.5611, -6.09373, -7.01799, 13.9948, 2.81385, -5.4449, 3.63701, 11.1223, 7.20023, 6.90891, -0.117545, 8.66294, 6.04921, 0.935079, 12.2893, 14.9313, 5.81466, 5.4682, -2.5135, 12.0154, 7.16217, 0.990232, 4.83548, 6.63945, 0.83801, -1.75839, -7.83492, 10.4254, 6.38639, 2.94073, 3.73488, 3.86403, -1.7967, -8.38341, -10.2872, 3.89198, 1.71875, 3.4163, 4.51749, 4.28404, 1.75661, -7.61607, -8.8638
-13.7284, -17.1228, -10.7871, -18.3755, -15.957, -21.8485, -21.2421, -13.1089, -15.8744, -19.9086, -9.60799, -19.777, -18.9985, -20.572, -19.8355, -10.606, -21.6301, -20.4346, -14.4266, -20.1644, -9.83347, -5.92173, -8.31204, -6.18025, -9.68207, -9.1793, -3.23669, -4.19345, 2.73486, 5.08391, -1.30064, -3.04475, -15.7363, -14.1919, -3.6303, -6.18186, -5.12542, -6.51633, -12.6356, -10.1406, -19.8745, -12.9663, -0.335415, -4.39595, -3.55407, -8.00583, -15.1454, -12.0083, -17.067, -17.3815, -8.78839, -7.25424, -2.83301, -3.12048, -12.518, -9.31395, -8.42342, -15.1652, -13.452, -9.93615, -4.13249, -2.21499, -11.6199, -11.7206
-7.6396, -14.6436, -25.4546, -21.6738, -18.8275, -13.6843, -11.5183, -11.2731, -7.98793, -10.6227, -19.9864, -20.4072, -16.3824, -13.4789, -13.2552, -10.7828, 0.248791, -5.27262, -2.34201, -4.82221, -1.9727, -0.101515, -9.39512, -11.4673, 4.26376, -0.834039, 1.45647, 0.346763, 4.99864, 7.52427, -1.70837, -3.27115, 4.75095, -2.85077, 0.511256, 0.616279, 3.29255, 1.17281, -1.49634, 1.14899, 0.439677, -4.53656, -5.70628, -6.15431, -3.3416, -6.88393, -6.76845, -0.799502, -3.52304, -2.66658, -3.84545, -3.60875, 1.00669, -1.06366, -1.78865, 2.51858, 0.0501169, 2.29082, 6.04226, 2.90094, 6.65988, 5.2324, 0.181124, 3.34994
-19.9328, -19.6373, -8.98551, -8.48642, -10.6351, -7.29922, -11.2008, -2.90219, -20.8645, -20.3031, 1.05593, -2.23157, -7.57048, -4.73704, -7.9338, 1.94619, -12.595, -12.9842, 2.17273, -0.781401, -3.64917, 7.90407, 10.3086, 14.2782, -10.4534, -12.6333, 0.11972, -1.31683, -2.9124, 7.18371, -4.019, -7.38386, -4.36531, -9.29426, 2.73617, 1.40447, 3.06733, 5.99562, -6.46115, -9.90955, 1.53001, -8.12849, 1.66068, 2.63902, 3.11852, 6.22289, 0.351328, -0.201123, -7.18003, -19.3427, -4.04852, -5.1438, -8.80939, -6.97237, -7.92675, -5.5398, -16.7603, -21.532, -2.21674, -2.38388, -9.77195, -8.0166, -7.24522, -5.3076
-7.0518, -20.8459, -15.9617, -14.8027, -15.0393, -11.8223, -16.7458, -7.57786, -3.9848, -14.7633, -12.3839, -12.9709, -15.2758, -11.7747, -11.0153, -5.30794, 14.8946, -0.112044, -6.75634, -3.99923, -2.24511, 1.4704, -7.5217, -7.94824, 5.25867, -11.286, -14.3963, -9.41148, -6.54698, -2.75124, -10.8798, -8.18085, -0.501197, -11.3489, -8.08792, -6.38459, -0.524728, 4.79142, -6.94957, -4.32766, -1.84526, -12.8529, -10.7677, -8.29222, -4.8028, 1.90647, -7.05333, -5.01216, -0.900723, -16.2271, -16.4335, -14.5894, -16.7478, -11.6864, -13.2253, -9.71057, -6.51973, -14.244, -19.0491, -18.5573, -20.5952, -19.1246, -18.2006, -10.8275
13.9064, 9.83085, 10.428, 17.2126, 12.7527, 11.6268, 0.428118, -4.99668, 2.1851, -6.58764, -12.6876, -9.92464, -10.4522, -7.12345, -11.4571, -10.7458, -17.9728, -19.5129, -23.6669, -25.2302, -18.0998, -11.6915, -24.0048, -20.5029, -11.0309, -16.3841, -18.6123, -18.1973, -10.6269, -1.69615, -13.3159, -8.8807, -7.04407, -15.1942, -14.0116, -9.18318, -5.82655, -4.0645, -11.8642, -11.1198, -4.39764, -12.2093, -7.27039, -0.8482, -4.75636, -3.12111, -10.3776, -10.6305, 4.25844, 1.66911, -1.65949, 5.77303, 5.11486, 10.247, 5.16968, 1.22541, 0.344728, 4.3233, -1.87983, -2.37123, -3.05682, 0.670534, -1.18773, -0.738303
-4.92944, -4.58016, -6.20014, -8.45888, -8.34505, -4.87792, -1.72384, 4.18421, -11.4381, -11.6917, -5.83184, 1.24951, -1.49628, -4.38473, -2.94096, 4.49839, -23.2346, -26.8953, -16.2472, -12.2947, -19.2711, -24.6756, -12.163, 1.77621, -11.9104, -12.8929, -15.5961, -18.4897, -19.8246, -23.2279, -7.05252, 0.445705, -5.17446, -3.62332, -6.50071, -7.02217, -5.27651, -8.73832, 7.19937, 5.1754, -8.67656, -9.93435, -4.4202, -4.19674, -5.3853, -7.51817, 3.92546, 3.25851, -8.61287, -15.9925, -11.2748, -8.42384, -10.1698, -18.088, -5.90834, -0.536642, -9.01299, -14.1061, -8.23817, -7.22087, -6.12996, -17.416, -6.23373, -2.39326
-7.70464, -22.6919, -19.2701, -18.8353, -18.5195, -15.0404, -14.6215, -11.1659, -16.2477, -22.6186, -10.6777, -7.86218, -8.10793, -2.24728, 5.30428, 9.10683, -20.661, -26.8837, -19.735, -17.232, -16.932, -10.8878, -7.42993, -4.58302, -19.5691, -19.9275, -6.08488, -5.02839, -8.13109, -2.49322, -6.33099, -5.33124, -14.6824, -12.8375, 2.50037, -2.16133, -6.72154, 1.76067, -2.65005, 0.20482, -10.4523, -14.2466, -0.268663, -3.24522, -7.90671, -1.14703, -4.63743, -2.29329, -9.71993, -13.1979, -2.89759, -0.24319, -2.15785, 4.50183, -0.0757263, -1.86765, -10.916, -12.3046, -5.25239, 0.0803541, -1.81446, 2.49268, 1.19609, 0.952492
-12.3862, -13.5495, -15.004, -12.8719, -10.3372, -11.4337, -7.17935, 4.67512, -19.0206, -18.3681, -14.395, -9.4884, -10.2338, -16.4919, -16.7072, -3.91315, -13.3289, -10.0806, 7.88769, 17.4031, 15.1456, 6.24549, 5.41933, 16.3705, -13.6349, -20.6748, -4.18698, 5.30605, 4.29823, 0.321993, 1.44911, 13.3292, -7.9877, -14.1629, -4.28587, 2.64905, -0.366831, -7.04057, -6.58164, 4.67553, -10.5959, -16.622, -8.16404, -0.883498, -1.28495, -9.34676, -6.39327, 4.46993, -19.4775, -25.7361, -16.0036, -7.0616, -6.87206, -14.0236, -8.53638, 2.52673, -20.8591, -28.0287, -20.1049, -12.5375, -15.4356, -20.6999, -14.2721, -4.90215
1.99342, -6.46837, 0.873379, -7.32867, -9.54227, -4.36073, -9.22556, -4.60541, -2.78588, -17.9123, -13.0544, -12.7688, -12.324, -10.2663, -14.7434, -13.0531, -11.4688, -26.0897, -22.2786, -17.4111, -14.5646, -16.4831, -18.9892, -11.5897, 5.54896, -3.34956, 2.04245, 1.96846, 4.88118, 2.68453, -4.18342, 1.14286, 18.1721, 7.80745, 18.7529, 17.4839, 16.8039, 14.7062, 1.90044, 2.60585, 21.9545, 15.4355, 22.6361, 18.3391, 13.412, 12.6027, 3.00484, 1.88738, 10.5653, 7.29804, 6.91197, 3.98906, 3.57012, -2.48751, -6.506, -2.61788, 3.37074, 0.41026, -3.63506, -4.42181, -4.94017, -10.3506, -10.9005, -6.33578
-2.9165, -10.1456, -0.342493, 1.09193, 2.52962, -0.531016, -3.52313, 0.486662, -5.28347, -13.5844, 0.253052, 1.37839, -0.648921, -1.50183, -8.28119, -1.4887, -4.00669, -15.997, -13.6414, -9.52697, -11.1404, -6.91073, -13.0793, -5.14659, 2.07381, -8.81797, -6.3303, -2.97163, -6.85555, -2.35919, -5.13601, -1.49894, -5.5554, -7.12334, -1.96344, -0.665204, -5.64725, -0.536285, -3.98137, -3.48929, -6.26955, -4.83887, -0.024607, 1.67986, 0.0756886, 6.31575, -2.53626, -1.79497, -3.34358, -4.27611, -1.77004, 6.58043, 5.29023, 10.1053, 2.72523, 6.09838, 0.581465, -4.33187, -2.00983, 8.62496, 5.34992, 10.5867, 8.14676, 9.79725
1.89019, -15.0715, -19.5732, -15.847, -17.2635, -13.1128, -4.0785, -0.593287, -4.8378, -25.8248, -23.9907, -19.0634, -15.083, -5.80755, 3.69164, 10.1103, -9.66044, -31.5694, -28.1425, -18.3505, -18.3293, -12.1658, -6.51052, -0.737477, -0.665655, -11.5609, -9.15467, 2.88685, 2.44141, 3.12077, 1.24841, 1.8706, -2.98398, -16.0182, -11.3347, -2.3891, -8.57646, -3.50165, -0.558588, 2.61617, -0.479443, -12.6664, -11.5022, -11.6909, -13.5101, 0.460364, 1.25339, -0.0505461, 0.572018, -11.5324, -16.7524, -15.368, -11.8447, -3.72877, -6.01157, -5.56308, -0.0865585, -16.1723, -18.8248, -10.7174, -7.3289, -5.2847, -8.55842, -4.07445
23.4384, 7.50207, -0.0137056, -5.76606, 1.03314, 0.935425, -3.0452, -15.9376, 9.79701, -0.0772844, -6.1244, -8.31771, -2.65653, -6.63909, -0.350316, -7.87973, 5.40103, -13.9299, -19.933, -21.3125, -11.1996, -12.8054, -8.11826, -16.7535, 8.1787, -6.40476, -8.43413, -8.18005, -1.67232, -2.94049, -2.17072, -15.757, 11.2937, -5.01731, -14.2008, -10.4857, -3.51774, -6.24505, -9.84693, -18.2965, 24.4408, 4.24287, -12.1984, -10.0544, -2.97666, -9.49317, -13.4723, -19.559, 23.4588, 10.9688, 3.79281, 5.40943, 8.23521, 1.7906, -4.84766, -9.59401, 8.41165, 0.843325, 1.41204, 6.40427, 7.38098, 0.314793, -0.645339, -2.15292
-9.5454, -24.1994, -18.2375, -17.5275, -22.1639, -18.7494, -12.0322, -5.94251, 1.75505, -11.2314, -14.4476, -9.87801, -7.47396, -3.96322, -1.6985, -3.36073, 14.3869, 0.404744, 0.98812, 2.63701, 1.67982, 5.33653, 6.21762, 2.44367, 2.32528, -7.40579, -3.91439, 1.64355, -5.3758, -3.20366, 6.00583, 8.86728, 0.555528, -5.41889, 2.65661, 4.0561, -5.33328, -5.92547, -2.89497, 2.89476, -1.58032, -7.90452, 3.60826, 0.47242, -6.01412, -4.36222, 2.69954, 10.4033, -6.05222, -15.0846, -5.53579, -3.27106, -11.4361, -8.00945, -0.0439285, 2.34747, -4.50352, -8.27161, -3.50139, 0.55391, -4.09364, -2.84041, 4.90665, 2.55656
-12.9379, -27.8843, -27.0033, -31.2755, -30.3649, -29.8684, -18.7848, -6.31019, -14.7468, -26.9021, -20.5437, -22.2418, -19.9791, -18.9564, -16.6177, -6.06873, -4.09738, -10.682, -1.01845, -4.16761, -5.96285, -9.75038, -11.6362, -1.9359, 2.51974, -1.33551, 3.00242, -2.56518, -5.85637, -7.40735, -4.72254, 5.70019, 4.68202, 5.88903, 9.60588, 6.29735, 4.22886, 3.4178, 6.98387, 15.5314, 2.09029, 6.24786, 11.2603, 8.95486, 7.39439, 7.14818, 7.8245, 16.3416, -3.06324, -3.56512, -5.11978, -6.5672, -6.1081, -4.59869, -5.10224, 6.0114, -3.28451, -5.83828, -9.66707, -7.71184, -4.80661, -3.65695, -2.83369, 6.33537
9.91895, 11.1659, 3.43355, 3.62137, 4.54137, 8.98992, 1.89198, -8.10173, -9.66291, -7.28915, -20.4886, -17.4824, -13.8866, -9.89636, -8.27858, -16.0107, -5.93534, 0.91491, -11.9311, -10.5103, -5.70638, 1.21943, 1.3615, -5.86195, -1.33519, -2.05696, -11.5522, -13.7285, -7.79884, -0.256564, 0.704851, -6.35651, -2.68048, 1.32784, -4.83785, -5.71913, -0.306444, 9.69611, 9.32023, 2.67823, -2.86452, 0.0394235, -8.95203, -5.96623, -5.32267, -1.59136, 2.42023, -4.75635, -3.13624, -3.32738, -14.8129, -10.0901, -10.5983, -11.2251, -6.01961, -10.7092, -6.57466, -3.46937, -14.1283, -7.92652, -9.05141, -10.1198, -5.89863, -6.20792
-7.30385, -31.1946, -15.5843, 2.59128, -1.1292, 1.67308, -1.66153, 3.50923, -19.7931, -38.3935, -25.6497, -9.28258, -11.885, -7.06049, -7.65726, -1.15105, -15.4008, -21.0798, -14.9521, -2.11764, -4.8389, -1.41761, -2.22181, 1.58622, -14.1924, -22.9369, -17.1341, -7.0772, -8.5287, -3.23156, -5.65758, -1.2292, -13.4444, -24.9553, -17.2835, -8.11787, -10.062, 0.865895, -4.56866, -1.41361, -17.9794, -34.6528, -29.4027, -17.9452, -19.4337, -7.84204, -8.91391, 0.663283, -16.1303, -31.1121, -28.4475, -19.0258, -18.7935, -11.0088, -10.677, -0.570985, -14.5237, -20.8606, -21.5058, -18.102, -17.3813, -12.1508, -11.9431, -1.7191
-16.4707, -26.4513, -26.7598, -22.9936, -19.2519, -16.5713, -13.6614, -13.8517, -15.5994, -20.9342, -20.8907, -16.079, -12.6566, -11.8678, -9.19658, -10.9921, 2.25779, -0.767741, 8.5686, 1.85339, 2.31053, 11.7786, 5.74187, -2.29428, -0.456331, -1.95707, 3.95206, -5.06188, -2.76416, 14.8296, 5.36163, -3.366, -6.35548, -4.26767, -0.282554, -4.71165, -6.03324, 5.20412, 0.018386, -3.61715, -2.10935, -3.40488, 3.34848, -0.939703, -4.05606, 5.66816, -1.20878, -7.31134, -4.16858, -11.7828, 0.014049, 1.10046, -1.16586, 7.31792, -3.82532, -6.65769, -1.67226, -8.8267, -2.86526, 0.889343, 2.09997, 6.03195, -3.68002, -3.76474
-13.0068, -24.6087, -16.6374, -5.92148, -11.243, -11.6386, -13.8629, -7.30884, -3.06764, -16.5489, -7.86163, 0.590987, -3.13641, -9.61305, -14.3414, -8.19738, 4.74426, -3.84256, 15.8472, 22.6589, 13.3526, 6.61731, -0.134451, 1.16738, -3.77329, -15.1468, -3.6337, 2.57865, -2.31034, -1.8842, -9.52614, -8.72216, 6.86317, -1.46402, 1.66239, 8.14424, 1.52005, -2.10314, -7.14148, -6.13382, 5.64505, -5.62059, -4.70858, 6.01041, -0.198842, -4.03414, -6.08042, -5.52776, -12.9817, -21.3051, -14.5735, -4.05172, -8.87081, -12.3102, -14.5781, -12.0634, -7.9876, -13.2156, -3.74188, -2.18338, -6.41907, -7.15027, -14.4956, -12.085
-7.91452, -8.83553, -12.6003, -17.9171, -13.3321, -13.3026, -8.48869, -8.33822, -22.217, -26.6219, -24.5909, -23.7603, -20.2568, -19.8242, -14.3804, -8.19479, -16.4945, -23.4102, -19.8579, -13.4296, -10.9992, -14.2046, -14.4966, -9.00901, 1.44031, -3.02238, -2.97074, 2.76282, 7.29867, 7.87649, 4.32645, 2.74897, 3.7485, 0.848134, -1.89534, 7.73639, 6.31912, 3.97528, 7.16779, 10.0614, 3.93585, 4.35664, 3.76542, 12.1641, 11.4273, 9.41464, 10.6319, 16.0971, 2.2043, 3.53008, 1.83897, 5.77252, 7.24088, 6.55157, 3.75682, 7.12563, 1.1684, -0.658221, -0.20181, 5.38574, 6.90353, 4.49857, 0.461794, 4.03591
-13.0231, -22.107, -24.1908, -30.9379, -23.8726, -28.4095, -27.0073, -25.9402, -11.5755, -21.8918, -18.553, -20.6381, -8.56796, -10.552, -15.0861, -15.9937, -12.6899, -14.0412, -2.46937, 1.76356, 6.89715, 4.61626, 4.53149, 7.56974, -0.675582, -6.98733, -2.65442, -5.09758, -2.61048, -9.20544, -11.2159, -6.73821, 0.362192, -6.54186, -1.20424, -2.03367, 2.83915, 0.701052, -5.82293, -9.17429, -5.79521, -9.63424, -3.35377, -1.99108, 1.26739, -1.59758, -3.42132, -11.2662, -6.42406, -11.5471, -8.71465, -8.7179, -7.7973, -9.22969, -5.95531, -9.49752, 1.70377, -0.756936, -0.669686, -4.60764, -0.405479, -3.07243, -2.83502, -6.51912
-29.1601, -17.9292, -9.60331, -8.09716, -11.2797, -9.8522, -3.57872, 0.483881, -12.051, -2.45754, 8.51165, 15.4294, 8.76261, 6.59957, 6.73304, 4.25439, 1.7508, 1.44593, -1.50329, 1.74184, -4.02344, -0.203143, -0.70491, -1.23267, -3.91907, -5.25289, -7.63475, -9.43132, -14.0295, -5.46473, -4.68529, 3.40324, -13.7483, -11.9203, -7.42904, -6.03256, -13.4251, -4.17363, -4.97178, 0.340474, -16.4882, -9.03777, -0.619055, -0.198574, -6.51819, 3.26569, -3.22704, -2.73092, -10.6992, -5.45634, -2.09627, -6.11103, -6.2378, 3.81603, -7.57387, -9.91943, -6.71394, -7.78934, -10.0079, -10.3351, -6.96379, 2.6063, -5.79127, -9.19821
-2.55871, -9.2675, -9.55078, -10.711, -5.40303, -1.05768, -7.45153, -9.04733, 0.408165, 0.297234, 6.3496, -2.74057, 3.06107, 7.67522, 0.100023, -5.34445, -6.44624, -7.33236, -9.91753, -22.4818, -21.3867, -14.6021, -18.582, -18.9208, -0.854481, -4.99231, -4.73683, -10.6184, -8.45086, -1.07094, -8.79416, -8.32025, -0.584546, -2.67666, -1.57962, -4.38094, 4.35387, 6.96416, -4.61839, -9.05826, -1.51372, -4.6676, -2.60386, -2.53092, 6.97986, 3.30298, -13.9845, -15.3007, -6.34206, -7.6626, -2.60406, -5.93428, 1.27547, -3.74316, -10.9162, -10.8134, -9.62046, -8.16703, -1.88183, -5.69179, -4.34123, -6.07811, -5.92671, -3.51928